mcu_time_s,raw_angle_derived_rpm,control_feedback_rpm,iq_target_A,reference_rpm
0,1010.419669,1003.771606,-2,-1000
0.001,997.0798159,1000.764038,-2,-1000
0.002,980.8210441,1002.421265,-2,-1000
0.003,960.2234373,992.4446411,-2,-1000
0.004,937.1400559,987.2585449,-2,-1000
0.005,912.9852688,972.5931396,-2,-1000
0.006,886.9518625,960.284729,-2,-1000
0.007,862.8978072,943.7993164,-2,-1000
0.008,838.6506092,926.7168579,-2,-1000
0.009,817.036974,909.6989746,-2,-1000
0.01,797.7200878,891.9871216,-2,-1000
0.011,779.5648817,874.5369873,-2,-1000
0.012,764.4977354,859.0841675,-2,-1000
0.013,749.0766933,841.6726074,-2,-1000
0.014,735.4783789,829.7432251,-2,-1000
0.015,722.1787309,810.503479,-2,-1000
0.016,708.8064578,800.8341064,-2,-1000
0.017,696.7316801,781.7172241,-2,-1000
0.018,684.0663265,771.6849365,-2,-1000
0.019,672.2804153,756.1018677,-2,-1000
0.02,660.8252505,741.0997925,-2,-1000
0.021,649.7793621,730.6186523,-2,-1000
0.022,638.9785594,712.2133179,-2,-1000
0.023,629.7456162,702.9669189,-2,-1000
0.024,620.3774245,689.2633057,-2,-1000
0.025,611.4427402,675.9286499,-2,-1000
0.026,603.7684957,667.9827881,-2,-1000
0.027,595.162518,653.1516113,-2,-1000
0.028,586.7541455,642.505188,-2,-1000
0.029,577.6619063,634.2853394,-2,-1000
0.03,568.7538803,619.8399658,-2,-1000
0.031,558.636161,611.6739502,-2,-1000
0.032,547.9674227,603.6376953,-2,-1000
0.033,538.419063,589.2492065,-2,-1000
0.034,527.6887895,579.8856201,-2,-1000
0.035,516.7194496,569.9619141,-2,-1000
0.036,505.6830306,555.1226807,-2,-1000
0.037,494.4806383,543.2960815,-2,-1000
0.038,483.9167185,535.4909058,-2,-1000
0.039,472.7592736,523.1618652,-2,-1000
0.04,461.3090296,509.9450073,-2,-1000
0.041,451.1678463,502.1742554,-2,-1000
0.042,441.0760988,492.6993713,-2,-1000
0.043,430.604564,478.180603,-2,-1000
0.044,420.2366424,466.1291809,-2,-1000
0.045,409.2162036,458.0604248,-2,-1000
0.046,398.2279442,448.4874268,-2,-1000
0.047,388.12406,436.098938,-2,-1000
0.048,378.0276253,424.2621765,-2,-1000
0.049,367.4450971,416.0159912,-2,-1000
0.05,358.1062794,408.5479736,-2,-1000
0.051,351.0227378,398.3138733,-2,-1000
0.052,345.3929217,386.0298767,-2,-1000
0.053,341.1234093,375.812439,-2,-1000
0.054,339.1413505,369.065033,-2,-1000
0.055,339.5331614,363.3068848,-2,-1000
0.056,341.5341259,356.3397827,-2,-1000
0.057,344.4390525,350.1318665,-2,-1000
0.058,347.6465064,348.0839539,-2,-1000
0.059,350.3998071,350.369812,-2,-1000
0.06,351.7116489,353.1617432,-2,-1000
0.061,351.1128001,352.896637,-2,-1000
0.062,348.5571741,351.0720215,-2,-1000
0.063,344.0905433,351.2622681,-2,-1000
0.064,337.3152461,352.3114014,-2,-1000
0.065,327.9186326,350.3022156,-2,-1000
0.066,316.3549796,343.8643494,-2,-1000
0.067,303.9602296,336.0515137,-2,-1000
0.068,291.8108278,329.6808777,-2,-1000
0.069,280.0241573,324.336731,-2,-1000
0.07,268.171412,317.7416382,-2,-1000
0.071,256.1379189,307.9761963,-2,-1000
0.072,244.3301833,296.3556824,-2,-1000
0.073,232.938938,284.8713074,-2,-1000
0.074,221.4206714,274.5887756,-2,-1000
0.075,209.2147493,265.4628906,-2,-1000
0.076,196.5984546,256.8291321,-2,-1000
0.077,184.2296044,247.1852112,-2,-1000
0.078,172.4033421,236.0582733,-2,-1000
0.079,160.8778274,223.9260559,-2,-1000
0.08,149.1830092,211.4025421,-2,-1000
0.081,137.1731463,198.8718567,-2,-1000
0.082,125.1932011,186.5128021,-2,-1000
0.083,113.4895411,174.6450806,-2,-1000
0.084,102.1774612,163.3478699,-2,-1000
0.085,91.0695387,152.6469269,-2,-1000
0.086,79.90389361,141.7969513,-2,-1000
0.087,68.3423744,130.6564484,-2,-1000
0.088,56.28247634,119.1912918,-2,-1000
0.089,43.71686644,107.2057953,-2,-1000
0.09,30.63889086,95.20755768,-2,-1000
0.091,17.20215862,82.7943573,-2,-1000
0.092,3.671620242,70.01747131,-2,-1000
0.093,-9.697991149,57.20124054,-2,-1000
0.094,-22.74966263,44.22312164,-2,-1000
0.095,-35.30399237,31.7150383,-2,-1000
0.096,-47.2716573,19.0245285,-2,-1000
0.097,-58.51900389,6.280052185,-2,-1000
0.098,-68.98520792,-6.558522701,-2,-1000
0.099,-78.62061807,-19.34891319,-2,-1000
0.1,-87.45355221,-31.24602127,-2,-1000
0.101,-95.78477763,-42.23480225,-2,-1000
0.102,-103.9125601,-52.96867371,-2,-1000
0.103,-112.0672512,-63.06085968,-2,-1000
0.104,-120.4795171,-72.40641022,-2,-1000
0.105,-129.1621528,-81.21395111,-2,-1000
0.106,-138.0911471,-90.01822662,-2,-1000
0.107,-147.0046623,-98.80438995,-2,-1000
0.108,-155.7619123,-107.7844391,-2,-1000
0.109,-164.4251613,-117.4308472,-2,-1000
0.11,-173.2196582,-127.7507706,-2,-1000
0.111,-182.4188384,-138.2003021,-2,-1000
0.112,-191.9059743,-148.1555634,-2,-1000
0.113,-201.1470784,-157.1785583,-2,-1000
0.114,-209.8039894,-165.180542,-2,-1000
0.115,-218.2242986,-172.5160065,-2,-1000
0.116,-226.997276,-180.0651245,-2,-1000
0.117,-236.3982579,-188.9189606,-2,-1000
0.118,-246.1649639,-199.6273804,-2,-1000
0.119,-255.9366513,-210.7871246,-2,-1000
0.12,-265.7261955,-220.8401184,-2,-1000
0.121,-275.8147832,-228.902359,-2,-1000
0.122,-286.1905862,-235.9192352,-2,-1000
0.123,-296.0996998,-244.4582977,-2,-1000
0.124,-305.0984678,-255.5977173,-2,-1000
0.125,-313.9118222,-267.1207275,-2,-1000
0.126,-323.4492695,-276.7327576,-2,-1000
0.127,-333.3720417,-284.013916,-2,-1000
0.128,-343.1129828,-291.7000427,-2,-1000
0.129,-353.1153071,-301.8727722,-2,-1000
0.13,-363.4352446,-313.252655,-2,-1000
0.131,-373.355198,-322.6475525,-2,-1000
0.132,-382.9216857,-329.1108093,-2,-1000
0.133,-393.2939754,-337.1830444,-2,-1000
0.134,-404.4550956,-349.2402954,-2,-1000
0.135,-414.8143941,-361.0497437,-2,-1000
0.136,-424.5953473,-368.2182312,-2,-1000
0.137,-434.6857515,-376.2862854,-2,-1000
0.138,-444.4231061,-388.786377,-2,-1000
0.139,-454.1446427,-399.3868103,-2,-1000
0.14,-464.2129391,-405.9180603,-2,-1000
0.141,-473.3345166,-414.4741516,-2,-1000
0.142,-481.7100811,-426.5038757,-2,-1000
0.143,-491.0242849,-435.7108459,-2,-1000
0.144,-500.2358737,-441.4242554,-2,-1000
0.145,-508.7323221,-452.3661499,-2,-1000
0.146,-517.5860309,-464.0976257,-2,-1000
0.147,-526.2720888,-469.6212769,-2,-1000
0.148,-535.4499266,-479.144043,-2,-1000
0.149,-544.4028413,-490.9245605,-2,-1000
0.15,-552.3513283,-496.7059631,-2,-1000
0.151,-561.1968461,-505.14505,-2,-1000
0.152,-569.9673293,-517.5126953,-2,-1000
0.153,-577.7825487,-524.2612305,-2,-1000
0.154,-586.1137481,-533.4207153,-2,-1000
0.155,-594.140106,-546.7120361,-2,-1000
0.156,-602.1906941,-551.8344727,-2,-1000
0.157,-609.3464806,-562.4829712,-2,-1000
0.158,-616.9198049,-572.8049927,-2,-1000
0.159,-624.7173622,-578.4881592,-2,-1000
0.16,-631.4400508,-590.8227539,-2,-1000
0.161,-639.8259792,-599.199585,-2,-1000
0.162,-647.7696252,-606.105896,-2,-1000
0.163,-656.3123311,-619.0988159,-2,-1000
0.164,-665.3867687,-623.4536133,-2,-1000
0.165,-675.0383927,-636.3348389,-2,-1000
0.166,-684.1549531,-644.6038208,-2,-1000
0.167,-694.1667113,-653.3445435,-2,-1000
0.168,-703.8280167,-666.5718994,-2,-1000
0.169,-713.2928495,-672.2526855,-2,-1000
0.17,-723.2893309,-687.2280884,-2,-1000
0.171,-732.2318626,-692.8722534,-2,-1000
0.172,-741.7559457,-705.8380737,-2,-1000
0.173,-750.9421672,-713.4622192,-2,-1000
0.174,-760.036333,-722.6628418,-2,-1000
0.175,-770.1813996,-732.1328125,-2,-1000
0.176,-780.0548169,-738.4907227,-2,-1000
0.177,-791.088035,-749.9560547,-2,-1000
0.178,-802.3313496,-754.7067871,-2,-1000
0.179,-814.2059155,-766.4932861,-2,-1000
0.18,-826.4048834,-771.9558716,-2,-1000
0.181,-838.7262613,-784.8013916,-2,-1000
0.182,-851.0518263,-789.9925537,-2,-1000
0.183,-862.9239457,-804.1862793,-2,-1000
0.184,-874.1948298,-810.0617065,-2,-1000
0.185,-884.8259236,-822.8008423,-2,-1000
0.186,-895.1682976,-829.5043335,-2,-1000
0.187,-904.2035099,-841.2523193,-2,-1000
0.188,-913.0836669,-848.3167725,-2,-1000
0.189,-920.5989142,-858.5316162,-2,-1000
0.19,-927.9998235,-868.185791,-2,-1000
0.191,-934.7946585,-874.7935181,-2,-1000
0.192,-940.6137325,-886.432312,-2,-1000
0.193,-947.3587919,-891.9679565,-2,-1000
0.194,-953.2895725,-906.1091919,-2,-1000
0.195,-960.6297774,-910.784729,-2,-1000
0.196,-967.9025828,-922.024292,-2,-1000
0.197,-975.2587692,-930.1469116,-2,-1000
0.198,-982.6355347,-938.1763306,-2,-1000
0.199,-987.8537214,-950.342041,-2,-1000
0.2,-992.4118129,-954.7938232,-2,-1000
0.201,-992.7113506,-968.2142334,-1.219390035,-1000
0.202,-990.920718,-976.5018311,-0.4542018175,-1000
0.203,-984.9646877,-984.652832,0.313901931,-1000
0.204,-977.0690822,-993.5962524,1.177549601,-1000
0.205,-967.4657488,-990.7883301,0.8839498758,-1000
0.206,-957.1993626,-994.3873901,1.225432634,-1000
0.207,-949.5655393,-986.3264771,0.4081160426,-1000
0.208,-944.2474571,-980.4616089,-0.2057178766,-1000
0.209,-943.8079583,-972.3394165,-1.057013988,-1000
0.21,-948.0321828,-960.9954224,-2,-1000
0.211,-956.942991,-958.0284424,-2,-1000
0.212,-970.7958059,-951.8009033,-2,-1000
0.213,-985.9273194,-957.3895264,-2,-1000
0.214,-1001.690261,-959.5501099,-2,-1000
0.215,-1014.23541,-967.9914551,-1.65113759,-1000
0.216,-1022.346633,-980.0750122,-0.506798923,-1000
0.217,-1025.123007,-984.2513428,-0.129015848,-1000
0.218,-1021.088474,-995.0577393,0.9201264381,-1000
0.219,-1012.972559,-996.8685303,1.091321111,-1000
0.22,-1000.629523,-999.1252441,1.310729623,-1000
0.221,-987.3139817,-999.7485962,1.371315241,-1000
0.222,-975.1240687,-988.8649902,0.2824518383,-1000
0.223,-965.5234345,-983.56427,-0.2698901594,-1000
0.224,-960.6210112,-971.0009766,-1.559090972,-1000
0.225,-960.6234642,-966.2498169,-2,-1000
0.226,-965.507812,-962.284668,-2,-1000
0.227,-973.5601831,-959.885437,-2,-1000
0.228,-982.9318163,-967.5516357,-2,-1000
0.229,-992.286722,-969.6834106,-1.888166904,-1000
0.23,-998.1629651,-980.855957,-0.8315454125,-1000
0.231,-1000.327167,-990.0234985,0.04692064226,-1000
0.232,-996.7863201,-996.5853271,0.6831505299,-1000
0.233,-988.8187549,-1007.5448,1.772268414,-1000
0.234,-978.1923419,-1006.167908,1.649668813,-1000
0.235,-965.7643975,-1007.814636,1.826677442,-1000
0.236,-955.2400264,-1000.069824,1.067825556,-1000
0.237,-948.0677004,-990.1374512,0.07472780347,-1000
0.238,-946.0302882,-983.7925415,-0.5794882774,-1000
0.239,-949.944063,-969.9567261,-1.99548471,-1000
0.24,-959.415457,-967.4437256,-2,-1000
0.241,-974.2372462,-960.3798218,-2,-1000
0.242,-991.8119454,-963.6542969,-2,-1000
0.243,-1009.744838,-969.9082642,-2,-1000
0.244,-1024.902688,-974.8578491,-1.630506277,-1000
0.245,-1034.176799,-990.3577881,-0.1307967007,-1000
0.246,-1037.603318,-997.4475708,0.5588971376,-1000
0.247,-1033.707299,-1006.393005,1.448335767,-1000
0.248,-1024.333422,-1013.239868,2,-1000
0.249,-1010.853356,-1010.607117,1.894431829,-1000
0.25,-995.9081664,-1012.510193,2,-1000
0.251,-982.3013906,-1001.509094,1.020268798,-1000
0.252,-972.4569046,-991.8105469,0.05343224853,-1000
0.253,-967.8725861,-980.293335,-1.114667892,-1000
0.254,-969.5127095,-968.8171997,-2,-1000
0.255,-976.6985451,-967.9064331,-2,-1000
0.256,-987.5148129,-963.2547607,-2,-1000
0.257,-999.6040896,-971.0822144,-2,-1000
0.258,-1010.850676,-978.6785278,-1.398453116,-1000
0.259,-1018.761625,-988.6013184,-0.4488169849,-1000
0.26,-1021.498081,-1004.706482,1.138902068,-1000
0.261,-1018.320229,-1011.061584,1.783825278,-1000
0.262,-1008.789006,-1022.26532,2,-1000
0.263,-995.3375231,-1025.420532,2,-1000
0.264,-980.2874576,-1019.716064,2,-1000
0.265,-966.4547617,-1017.996704,2,-1000
0.266,-956.2484762,-1003.387207,0.9051471353,-1000
0.267,-952.3668227,-996.5863647,0.2318373471,-1000
0.268,-954.8937342,-985.8934326,-0.8442831635,-1000
0.269,-964.1953211,-976.899292,-1.771910429,-1000
0.27,-978.5601518,-975.2424927,-1.983791709,-1000
0.271,-995.9810653,-970.2754517,-2,-1000
0.272,-1014.138317,-979.3227539,-1.631728649,-1000
0.273,-1029.750561,-986.7623291,-0.929125607,-1000
0.274,-1040.40707,-997.1067505,0.07884122431,-1000
0.275,-1044.582598,-1011.664673,1.528846979,-1000
0.276,-1042.012022,-1015.891174,1.974826455,-1000
0.277,-1033.763401,-1022.833679,2,-1000
0.278,-1021.222116,-1022.410156,2,-1000
0.279,-1007.196427,-1016.26532,2,-1000
0.28,-994.3096789,-1014.158569,1.822770238,-1000
0.281,-984.4707846,-1000.233521,0.4585824609,-1000
0.282,-980.629101,-991.8027344,-0.38402915,-1000
0.283,-981.743488,-980.6248169,-1.518215418,-1000
0.284,-988.0543121,-973.661438,-2,-1000
0.285,-997.3961027,-976.2532349,-2,-1000
0.286,-1007.191938,-976.4360962,-2,-1000
0.287,-1015.480995,-988.2132568,-0.9130897522,-1000
0.288,-1020.254899,-997.77948,0.019959094,-1000
0.289,-1020.406644,-1006.84375,0.9219450951,-1000
0.29,-1015.349536,-1019.8078,2,-1000
0.291,-1005.375358,-1021.075928,2,-1000
0.292,-992.3687753,-1024.657471,2,-1000
0.293,-978.4327998,-1021.079346,2,-1000
0.294,-966.8905246,-1010.823425,1.336732984,-1000
0.295,-959.5547115,-1005.950256,0.871062994,-1000
0.296,-957.5285552,-991.164978,-0.5955643654,-1000
0.297,-962.1440558,-987.4819336,-0.9815388322,-1000
0.298,-971.6259642,-981.0288696,-1.651881337,-1000
0.299,-984.8640439,-978.3759766,-1.955112934,-1000
0.3,-999.3053259,-984.2325439,-1.412704229,-1000
0.301,-1012.739939,-985.3292236,-1.334571242,-1000
0.302,-1023.253316,-996.6884766,-0.2279874384,-1000
0.303,-1029.422383,-1005.110291,0.6075709462,-1000
0.304,-1030.434914,-1010.055786,1.112341046,-1000
0.305,-1026.639434,-1018.949829,2,-1000
0.306,-1019.382646,-1015.465393,1.709127307,-1000
0.307,-1010.8349,-1014.74176,1.667694807,-1000
0.308,-1002.042832,-1007.983765,1.021378756,-1000
0.309,-995.2720283,-998.5473633,0.09370614588,-1000
0.31,-991.6297682,-995.3632202,-0.2276134491,-1000
0.311,-991.4865253,-984.7236938,-1.300839663,-1000
0.312,-995.3304222,-983.640625,-1.439699173,-1000
0.313,-1001.20952,-980.1445923,-1.822021127,-1000
0.314,-1007.695007,-981.1745605,-1.75873518,-1000
0.315,-1012.858598,-990.374939,-0.8763481975,-1000
0.316,-1015.195736,-992.7921753,-0.6538746953,-1000
0.317,-1013.633485,-1002.704529,0.3229450285,-1000
0.318,-1008.540627,-1007.755554,0.8334566355,-1000
0.319,-1000.402663,-1010.518433,1.125255585,-1000
0.32,-990.3994857,-1016.647949,1.759244084,-1000
0.321,-979.9258029,-1010.02356,1.130101085,-1000
0.322,-970.698441,-1007.88147,0.9359391928,-1000
0.323,-964.2040101,-999.4645386,0.1100089848,-1000
0.324,-961.9458486,-991.1763916,-0.719876647,-1000
0.325,-963.7953767,-989.2229614,-0.9328668714,-1000
0.326,-969.2300453,-981.078125,-1.768904567,-1000
0.327,-977.5909229,-985.4689331,-1.367667556,-1000
0.328,-987.4226669,-984.8106689,-1.462556124,-1000
0.329,-997.1844272,-988.6256714,-1.11143446,-1000
0.33,-1005.445766,-996.4046021,-0.356290102,-1000
0.331,-1011.191878,-997.3835449,-0.2655865848,-1000
0.332,-1013.921123,-1005.742981,0.5651240945,-1000
0.333,-1013.923056,-1006.636475,0.6659594178,-1000
0.334,-1011.640364,-1006.252197,0.6408046484,-1000
0.335,-1008.139741,-1007.835144,0.811603725,-1000
0.336,-1004.455217,-1000.148376,0.05859724432,-1000
0.337,-1002.066555,-999.8878784,0.03284419328,-1000
0.338,-1000.706232,-993.2284546,-0.6333224177,-1000
0.339,-1001.193318,-990.2337036,-0.9463406205,-1000
0.34,-1002.996508,-990.2644043,-0.962803185,-1000
0.341,-1005.497369,-985.1807861,-1.49063623,-1000
0.342,-1008.28697,-989.1009521,-1.12825799,-1000
0.343,-1010.08673,-988.3903198,-1.221119285,-1000
0.344,-1010.777422,-992.2276611,-0.8606045246,-1000
0.345,-1009.846703,-999.3959351,-0.1593218297,-1000
0.346,-1007.287386,-998.4134521,-0.2587782443,-1000
0.347,-1003.520768,-1004.183289,0.3150323033,-1000
0.348,-998.7947639,-1002.825867,0.1876567006,-1000
0.349,-993.8634661,-1002.642944,0.1750161946,-1000
0.35,-988.8554946,-1004.415405,0.3575481772,-1000
0.351,-984.4291596,-998.1447754,-0.2606840134,-1000
0.352,-981.1605626,-1001.398254,0.06095344573,-1000
0.353,-978.952496,-998.3207397,-0.2440015078,-1000
0.354,-978.4057879,-997.940979,-0.285336107,-1000
0.355,-978.8022541,-1000.817505,-0.001801558072,-1000
0.356,-979.9319757,-995.7992554,-0.5019915104,-1000
0.357,-981.9225626,-1000.451599,-0.0451586172,-1000
0.358,-984.4127683,-996.7752075,-0.4118945897,-1000
0.359,-987.5849484,-996.7692261,-0.4189423323,-1000
0.36,-991.1648507,-998.630188,-0.2393076718,-1000
0.361,-995.312092,-993.6518555,-0.7398805618,-1000
0.362,-1000.25568,-997.2675781,-0.3910045624,-1000
0.363,-1005.348028,-994.6430664,-0.6589205861,-1000
0.364,-1010.618098,-995.5905762,-0.574883461,-1000
0.365,-1015.407728,-998.4157715,-0.3011827767,-1000
0.366,-1019.338615,-995.6751099,-0.5784174204,-1000
0.367,-1022.468956,-1001.479858,-0.006592337042,-1000
0.368,-1023.791297,-999.9935303,-0.1522654444,-1000
0.369,-1023.785633,-1002.170044,0.06537299603,-1000
0.37,-1022.081036,-1005.448486,0.3975573182,-1000
0.371,-1018.821023,-1001.951172,0.05872283876,-1000
0.372,-1014.723643,-1006.099548,0.4774628282,-1000
0.373,-1009.610999,-1002.589417,0.1386487484,-1000
0.374,-1004.453902,-1001.903503,0.07523626834,-1000
0.375,-999.2855435,-1003.132812,0.2019741833,-1000
0.376,-994.6418457,-997.1682129,-0.3882201612,-1000
0.377,-990.9240759,-999.8423462,-0.1264704019,-1000
0.378,-988.0498777,-996.0043945,-0.5105808973,-1000
0.379,-986.3713521,-996.2226562,-0.4967459142,-1000
0.38,-985.4019853,-998.4330444,-0.283261776,-1000
0.381,-985.1733279,-994.1912842,-0.7105717063,-1000
0.382,-985.5329147,-999.4398804,-0.1973295361,-1000
0.383,-986.0447465,-997.7008057,-0.3723572493,-1000
0.384,-986.8567786,-999.6051025,-0.1865259558,-1000
0.385,-987.4964478,-1003.126404,0.1648143828,-1000
0.386,-987.980896,-999.4955444,-0.1920187473,-1000
0.387,-988.627608,-1004.90094,0.3475118876,-1000
0.388,-989.3621427,-1001.198792,-0.01290107146,-1000
0.389,-990.5234248,-1001.684937,0.03811101243,-1000
0.39,-992.0485003,-1002.909973,0.1639845371,-1000
0.391,-994.1941857,-997.6212769,-0.3590651453,-1000
0.392,-997.2336246,-1000.409119,-0.08503840864,-1000
0.393,-1000.73059,-996.0115967,-0.5239723921,-1000
0.394,-1004.781983,-995.897644,-0.5433444381,-1000
0.395,-1008.769776,-996.831604,-0.4581531584,-1000
0.396,-1012.468383,-993.28479,-0.8191713691,-1000
0.397,-1015.944801,-998.2949829,-0.3315824866,-1000
0.398,-1018.083885,-995.710022,-0.5934886336,-1000
0.399,-1019.399735,-998.3075562,-0.3423151374,-1000
0.4,-1019.265431,-1000.941895,-0.08226618916,-1000
0.401,-1017.739353,-998.1385498,-0.3607168794,-1000
0.402,-1015.433679,-1003.000244,0.1217296571,-1000
0.403,-1011.820522,-999.87146,-0.1851482838,-1000
0.404,-1008.023314,-1000.635864,-0.10896492,-1000
0.405,-1003.789038,-1002.580933,0.08681364357,-1000
0.406,-999.7167543,-997.9230957,-0.3738082051,-1000
0.407,-996.304562,-1001.491638,-0.0211077407,-1000
0.408,-993.1788407,-998.2171021,-0.3455780745,-1000
0.409,-991.1289406,-999.2390747,-0.246946618,-1000
0.41,-989.396725,-1001.758484,0.003472444136,-1000
0.411,-988.2473125,-997.6325684,-0.4056021571,-1000
0.412,-987.7106595,-1002.745361,0.1009423062,-1000
0.413,-987.1020411,-1000.675293,-0.1005738154,-1000
0.414,-987.0324169,-1001.842834,0.01753091812,-1000
0.415,-986.798951,-1005.156372,0.3525703549,-1000
0.416,-986.534705,-1000.876892,-0.06506489962,-1000
0.417,-986.7320881,-1005.634277,0.4124273956,-1000
0.418,-987.1702427,-1001.760132,0.03628140688,-1000
0.419,-988.375913,-1001.391052,0.002893712139,-1000
0.42,-990.1340273,-1002.456482,0.1122187898,-1000
0.421,-992.6738493,-996.7503052,-0.4534859359,-1000
0.422,-996.2663327,-999.2271118,-0.2123046666,-1000
0.423,-1000.357169,-994.9825439,-0.6383072138,-1000
0.424,-1005.071891,-994.7303467,-0.6735618711,-1000
0.425,-1009.718479,-996.2946777,-0.5276680589,-1000
0.426,-1013.985026,-993.1300659,-0.8515399098,-1000
0.427,-1017.820367,-998.5341187,-0.3248744905,-1000
0.428,-1020.213394,-996.5296631,-0.5282518268,-1000
0.429,-1021.504221,-999.1037598,-0.2777828276,-1000
0.43,-1021.23034,-1002.233032,0.03335195407,-1000
0.431,-1019.407768,-999.4440918,-0.2410760224,-1000
0.432,-1016.600182,-1004.330627,0.2464657277,-1000
0.433,-1012.581495,-1001.330383,-0.04489743337,-1000
0.434,-1008.275109,-1001.745056,-0.0007693801308,-1000
0.435,-1003.649185,-1003.539673,0.1821824014,-1000
0.436,-999.2490793,-998.5093994,-0.3137656152,-1000
0.437,-995.4310409,-1001.91272,0.02358523011,-1000
0.438,-992.097242,-998.3786011,-0.3260011971,-1000
0.439,-989.7654047,-999.2171631,-0.2453877926,-1000
0.44,-987.8906067,-1001.353943,-0.03327548504,-1000
0.441,-986.6974716,-997.168457,-0.4491162002,-1000
0.442,-986.0946291,-1002.174194,0.04579446465,-1000
0.443,-985.6401295,-999.6906738,-0.1982092112,-1000
0.444,-985.631366,-1001.025696,-0.06532566249,-1000
0.445,-985.6044129,-1003.811829,0.2153390199,-1000
0.446,-985.6372254,-999.6622314,-0.1919970363,-1000
0.447,-986.1012691,-1004.606934,0.3017976284,-1000
0.448,-986.9044268,-1000.376709,-0.1120109707,-1000
0.449,-988.3618695,-1000.784119,-0.07051657885,-1000
0.45,-990.3656679,-1001.674805,0.02012026496,-1000
0.451,-993.106189,-996.3605957,-0.5079510212,-1000
0.452,-996.8024898,-999.1878662,-0.2325028032,-1000
0.453,-1000.909688,-994.7429199,-0.6786217093,-1000
0.454,-1005.549819,-995.1401367,-0.6494141817,-1000
0.455,-1010.030793,-996.2819214,-0.5449554324,-1000
0.456,-1014.106363,-993.3375244,-0.8468313217,-1000
0.457,-1017.802251,-998.7588501,-0.3180236816,-1000
0.458,-1020.012124,-996.3406372,-0.5623272657,-1000
0.459,-1021.229187,-999.3440552,-0.2693041861,-1000
0.46,-1020.846489,-1001.980469,-0.006974697113,-1000
0.461,-1018.960118,-999.3643188,-0.264628768,-1000
0.462,-1016.221927,-1004.133972,0.2110652179,-1000
0.463,-1012.16266,-1000.896973,-0.1043668017,-1000
0.464,-1007.969757,-1001.607788,-0.03149130568,-1000
0.465,-1003.3925,-1003.169312,0.1278766245,-1000
0.466,-999.0773923,-998.3049316,-0.3522227407,-1000
0.467,-995.5176997,-1001.728333,-0.01327278651,-1000
0.468,-992.3017449,-998.1802368,-0.3646256924,-1000
0.469,-990.2878192,-999.1087036,-0.27541852,-1000
0.47,-988.6555833,-1001.372314,-0.05084004253,-1000
0.471,-987.6912665,-997.1615601,-0.4691708684,-1000
0.472,-987.390432,-1002.251953,0.0341915749,-1000
0.473,-987.0530655,-1000.155151,-0.1709847003,-1000
0.474,-987.2621978,-1001.607727,-0.02541682497,-1000
0.475,-987.3086919,-1004.880981,0.3051240742,-1000
0.476,-987.2952698,-1000.7901,-0.09420211613,-1000
0.477,-987.6628618,-1005.78833,0.4072010815,-1000
0.478,-988.1717207,-1001.966736,0.03661832213,-1000
0.479,-989.3603988,-1001.889465,0.03282474726,-1000
0.48,-991.0246776,-1003.080994,0.1557565182,-1000
0.481,-993.3982339,-997.4125366,-0.4049272239,-1000
0.482,-996.7956911,-1000.024292,-0.1489265859,-1000
0.483,-1000.65987,-995.6497803,-0.5863291621,-1000
0.484,-1005.135193,-995.4501953,-0.6149881482,-1000
0.485,-1009.569565,-996.8010254,-0.4890047312,-1000
0.486,-1013.65246,-993.3867188,-0.8368333578,-1000
0.487,-1017.384857,-998.5987549,-0.3288562894,-1000
0.488,-1019.75251,-996.5142822,-0.5401060581,-1000
0.489,-1021.096682,-999.0317383,-0.2953318655,-1000
0.49,-1020.91417,-1002.071106,0.006668373942,-1000
0.491,-1019.245489,-999.2762451,-0.2686755061,-1000
0.492,-1016.637728,-1004.145447,0.2167971581,-1000
0.493,-1012.815868,-1001.214966,-0.06796006113,-1000
0.494,-1008.695989,-1001.677734,-0.01925326884,-1000
0.495,-1004.19395,-1003.536133,0.1699420512,-1000
0.496,-999.8737558,-998.7142944,-0.3051695228,-1000
0.497,-996.1107182,-1002.195984,0.04042802006,-1000
0.498,-992.7745705,-998.7169189,-0.3030865192,-1000
0.499,-990.3840285,-999.6452026,-0.2128242999,-1000
0.5,-988.4094705,-1001.827209,0.004666795954,-1000
0.501,-987.0680607,-997.6105347,-0.4133462608,-1000
0.502,-986.2733705,-1002.657288,0.08655009419,-1000
0.503,-985.611724,-1000.088257,-0.1650384068,-1000
0.504,-985.3944026,-1001.438965,-0.02979109064,-1000
0.505,-985.1463448,-1004.022156,0.2314059436,-1000
0.506,-984.9902543,-999.77948,-0.184817329,-1000
0.507,-985.3237667,-1004.540344,0.2908280492,-1000
0.508,-986.065704,-1000.20752,-0.1333737224,-1000
0.509,-987.5520605,-1000.539429,-0.09976775944,-1000
0.51,-989.6683325,-1001.197571,-0.03287469223,-1000
0.511,-992.5792168,-995.8388672,-0.5663499236,-1000
0.512,-996.4994699,-998.5430908,-0.3042498231,-1000
0.513,-1000.86381,-994.1537476,-0.7460979819,-1000
0.514,-1005.778984,-994.7088013,-0.702285111,-1000
0.515,-1010.551233,-995.9799194,-0.5857557058,-1000
0.516,-1014.880275,-993.3240967,-0.859378159,-1000
0.517,-1018.777184,-998.9832764,-0.3068119586,-1000
0.518,-1021.099223,-996.6399536,-0.5431776643,-1000
0.519,-1022.352706,-999.8828735,-0.2256057858,-1000
0.52,-1021.893527,-1002.555359,0.04140850157,-1000
0.521,-1019.885252,-1000.077454,-0.2012713253,-1000
0.522,-1016.925754,-1004.864868,0.2776250541,-1000
0.523,-1012.599858,-1001.6922,-0.02991205268,-1000
0.524,-1008.116937,-1002.296082,0.0338605307,-1000
0.525,-1003.255534,-1003.775024,0.1863469779,-1000
0.526,-998.6790243,-998.7095947,-0.312645942,-1000
0.527,-994.8620342,-1001.939026,0.007716366556,-1000
0.528,-991.4676118,-998.2393188,-0.3583762944,-1000
0.529,-989.3231149,-998.9362183,-0.2922077179,-1000
0.53,-987.6402709,-1001.101685,-0.07778863609,-1000
0.531,-986.7108222,-996.6759644,-0.5181573033,-1000
0.532,-986.5140396,-1001.688293,-0.02357244864,-1000
0.533,-986.354307,-999.5628662,-0.2327385843,-1000
0.534,-986.7949215,-1000.992188,-0.09068072587,-1000
0.535,-987.1123094,-1004.312317,0.2433165908,-1000
0.536,-987.4090223,-1000.288025,-0.1504879892,-1000
0.537,-988.0899548,-1005.410156,0.3623012006,-1000
0.538,-988.869619,-1001.702454,0.002351253759,-1000
0.539,-990.2766978,-1001.843079,0.01981865428,-1000
0.54,-992.0596203,-1003.187805,0.1579774767,-1000
0.541,-994.4632349,-997.722229,-0.3822045326,-1000
0.542,-997.8288803,-1000.495972,-0.1093858108,-1000
0.543,-1001.55847,-996.4121094,-0.5167800784,-1000
0.544,-1005.852413,-996.1902466,-0.5461421609,-1000
0.545,-1010.015916,-997.4700928,-0.4257770479,-1000
0.546,-1013.812883,-994.046936,-0.7731525302,-1000
0.547,-1017.251874,-999.0754395,-0.2822083235,-1000
0.548,-1019.322315,-996.8244019,-0.5091611743,-1000
0.549,-1020.412037,-999.2647095,-0.2714816332,-1000
0.55,-1020.02768,-1002.090393,0.009616145864,-1000
0.551,-1018.243142,-999.1604614,-0.2791962326,-1000
0.552,-1015.605845,-1003.867554,0.1898339242,-1000
0.553,-1011.837343,-1000.717102,-0.1174761429,-1000
0.554,-1007.845572,-1001.163452,-0.07140692323,-1000
0.555,-1003.549553,-1002.847778,0.09935259819,-1000
0.556,-999.4891847,-998.0296631,-0.3767633736,-1000
0.557,-996.0302313,-1001.55719,-0.02795135975,-1000
0.558,-993.0171987,-998.194397,-0.3611162603,-1000
0.559,-990.9389889,-999.3468628,-0.2494809031,-1000
0.56,-989.2633246,-1001.623169,-0.02315656096,-1000
0.561,-988.1662502,-997.6968994,-0.4125371873,-1000
0.562,-987.5255609,-1002.944092,0.1075758636,-1000
0.563,-986.9470344,-1000.606262,-0.1203189194,-1000
0.564,-986.7326765,-1002.073914,0.02765874006,-1000
0.565,-986.3910352,-1004.898376,0.3142528534,-1000
0.566,-986.0278972,-1000.71228,-0.09456001222,-1000
0.567,-986.0718212,-1005.406677,0.3763042688,-1000
0.568,-986.4720524,-1001.056641,-0.04788605496,-1000
0.569,-987.6037896,-1001.246826,-0.02675421722,-1000
0.57,-989.3453825,-1001.801941,0.03125090897,-1000
0.571,-991.907652,-996.3137207,-0.513967216,-1000
0.572,-995.5279309,-998.8223877,-0.2704730928,-1000
0.573,-999.6741025,-994.1061401,-0.7444530725,-1000
0.574,-1004.439256,-994.3634644,-0.7305083871,-1000
0.575,-1009.13331,-995.4093018,-0.6371977329,-1000
0.576,-1013.503619,-992.4942627,-0.9378830194,-1000
0.577,-1017.519942,-998.1419067,-0.3881300688,-1000
0.578,-1020.057283,-995.7028809,-0.6357488632,-1000
0.579,-1021.574647,-998.9182129,-0.3228099048,-1000
0.58,-1021.438953,-1001.637329,-0.05306184664,-1000
0.581,-1019.774049,-999.291687,-0.2843514085,-1000
0.582,-1017.192462,-1004.216064,0.2066697329,-1000
0.583,-1013.206027,-1001.086182,-0.09788642079,-1000
0.584,-1009.014149,-1002.078796,0.003547424218,-1000
0.585,-1004.385043,-1003.764038,0.1762291789,-1000
0.586,-999.9677461,-998.9588623,-0.2967603207,-1000
0.587,-996.2044259,-1002.365845,0.04185565561,-1000
0.588,-992.7657649,-998.8790894,-0.302088201,-1000
0.589,-990.4899563,-999.7781982,-0.2144191265,-1000
0.59,-988.5821802,-1001.975769,0.004894343205,-1000
0.591,-987.3591901,-997.6887817,-0.4198528528,-1000
0.592,-986.8230066,-1002.588196,0.06546612829,-1000
0.593,-986.2776571,-1000.28717,-0.159460023,-1000
0.594,-986.3523599,-1001.439453,-0.04365741462,-1000
0.595,-986.3178235,-1004.576172,0.2728933692,-1000
0.596,-986.3177888,-1000.32782,-0.142789498,-1000
0.597,-986.7881644,-1005.258545,0.350938648,-1000
0.598,-987.4880439,-1001.371216,-0.02727717534,-1000
0.599,-988.9439103,-1001.265381,-0.03511824831,-1000
0.6,-990.8964378,-1002.436646,0.08453898877,-1000
0.601,-993.5540591,-996.9675903,-0.4574932456,-1000
0.602,-997.2401448,-999.6268921,-0.1976278871,-1000
0.603,-1001.354216,-995.4249878,-0.6185645461,-1000
0.604,-1006.065347,-995.4088745,-0.6293259263,-1000
0.605,-1010.665829,-997.0033569,-0.4790599048,-1000
0.606,-1014.838292,-993.7456055,-0.8108283281,-1000
0.607,-1018.58107,-999.1447144,-0.2834262252,-1000
0.608,-1020.82431,-997.1434937,-0.4852588773,-1000
0.609,-1021.98536,-999.7362671,-0.2316945642,-1000
0.61,-1021.573774,-1002.819763,0.0761275813,-1000
0.611,-1019.623122,-1000.060242,-0.1941850483,-1000
0.612,-1016.723129,-1004.848633,0.2847745717,-1000
0.613,-1012.601596,-1001.780029,-0.01238851901,-1000
0.614,-1008.187104,-1002.142517,0.02742031217,-1000
0.615,-1003.455004,-1003.784119,0.1958655119,-1000
0.616,-998.9702212,-998.6763306,-0.3073450625,-1000
0.617,-995.1330417,-1001.960876,0.01846218668,-1000
0.618,-991.7893416,-998.3682861,-0.3368751109,-1000
0.619,-989.4577737,-999.1489868,-0.2620684505,-1000
0.62,-987.6286859,-1001.305115,-0.04815769196,-1000
0.621,-986.5153893,-996.9945679,-0.4766021371,-1000
0.622,-985.9703309,-1002.003357,0.018265903,-1000
0.623,-985.5736367,-999.5065918,-0.2274038941,-1000
0.624,-985.6187162,-1000.969238,-0.08212606609,-1000
0.625,-985.6179494,-1003.703369,0.193225503,-1000
0.626,-985.6960017,-999.6309204,-0.2066126317,-1000
0.627,-986.2088848,-1004.651123,0.2946694791,-1000
0.628,-987.0593765,-1000.368103,-0.1243302897,-1000
0.629,-988.5801962,-1000.771057,-0.08329866827,-1000
0.63,-990.646433,-1001.67395,0.008532758802,-1000
0.631,-993.4498401,-996.4234619,-0.5131681561,-1000
0.632,-997.231022,-999.2692261,-0.2357448339,-1000
0.633,-1001.403451,-994.9418945,-0.669939518,-1000
0.634,-1006.112819,-995.3773804,-0.6365071535,-1000
0.635,-1010.634499,-996.5467529,-0.5288151503,-1000
0.636,-1014.715398,-993.6775513,-0.8226417899,-1000
0.637,-1018.378908,-999.2091675,-0.2821250856,-1000
0.638,-1020.500846,-996.8574219,-0.518881321,-1000
0.639,-1021.612601,-999.8535156,-0.2255571038,-1000
0.64,-1021.05324,-1002.4599,0.03478835523,-1000
0.641,-1019.005528,-999.7956543,-0.2267164141,-1000
0.642,-1016.084278,-1004.546082,0.2479176223,-1000
0.643,-1011.837324,-1001.198914,-0.07770700753,-1000
0.644,-1007.470971,-1001.663635,-0.02883701958,-1000
0.645,-1002.771034,-1003.172485,0.1253752559,-1000
0.646,-998.3897243,-998.1809692,-0.3674313724,-1000
0.647,-994.8221342,-1001.478821,-0.04128428549,-1000
0.648,-991.687132,-997.8757935,-0.3986293972,-1000
0.649,-989.7982455,-998.7014771,-0.3203094304,-1000
0.65,-988.3464323,-1001.017456,-0.09130857885,-1000
0.651,-987.591031,-996.6907349,-0.5219457746,-1000
0.652,-987.5285671,-1001.866394,-0.01099838968,-1000
0.653,-987.4420959,-999.9378662,-0.2001183927,-1000
0.654,-987.8818618,-1001.535767,-0.0404526107,-1000
0.655,-988.1084515,-1005.011902,0.3102324605,-1000
0.656,-988.2448737,-1000.990967,-0.08183725923,-1000
0.657,-988.6958194,-1006.124268,0.4334747493,-1000
0.658,-989.1884451,-1002.496277,0.08292420954,-1000
0.659,-990.2553751,-1002.437805,0.08206960559,-1000
0.66,-991.7228341,-1003.727783,0.2159430236,-1000
0.661,-993.8021299,-998.0007935,-0.3493003845,-1000
0.662,-996.8972856,-1000.630737,-0.09030441195,-1000
0.663,-1000.469385,-996.3813477,-0.5139819384,-1000
0.664,-1004.674072,-995.8718872,-0.5721652508,-1000
0.665,-1008.843511,-997.0489502,-0.4627151787,-1000
0.666,-1012.725139,-993.2555542,-0.8479568958,-1000
0.667,-1016.352373,-998.3339844,-0.3536027372,-1000
0.668,-1018.669357,-996.0114746,-0.5891857743,-1000
0.669,-1020.06822,-998.4932861,-0.3489816487,-1000
0.67,-1020.035406,-1001.456726,-0.05565109476,-1000
0.671,-1018.581789,-998.6483154,-0.3335787058,-1000
0.672,-1016.234961,-1003.541931,0.1530794948,-1000
0.673,-1012.69564,-1000.6203,-0.1319997311,-1000
0.674,-1008.862538,-1001.236084,-0.06918076426,-1000
0.675,-1004.652237,-1003.149536,0.1246366128,-1000
0.676,-1000.575299,-998.487854,-0.3352325261,-1000
0.677,-997.0283665,-1002.128967,0.02585451119,-1000
0.678,-993.8419282,-998.9099121,-0.2917930782,-1000
0.679,-991.5427698,-999.9188843,-0.1930760294,-1000
0.68,-989.5879595,-1002.346008,0.04947414249,-1000
0.681,-988.2061601,-998.2938232,-0.3510523438,-1000
0.682,-987.3063345,-1003.506226,0.1667755395,-1000
0.683,-986.4356719,-1001.005066,-0.07632797211,-1000
0.684,-985.9873097,-1002.221252,0.04730081558,-1000
0.685,-985.4563279,-1004.819214,0.3115394711,-1000
0.686,-984.9775508,-1000.452087,-0.1155347675,-1000
0.687,-984.984483,-1005.045288,0.3446894884,-1000
0.688,-985.4814659,-1000.597107,-0.09003806114,-1000
0.689,-986.7678505,-1000.646667,-0.08388780057,-1000
0.69,-988.7640548,-1001.204163,-0.02684495598,-1000
0.691,-991.6422633,-995.5317383,-0.5916790962,-1000
0.692,-995.6078196,-998.1313477,-0.3406546414,-1000
0.693,-1000.075884,-993.6428223,-0.7932444811,-1000
0.694,-1005.129944,-994.0045776,-0.769783318,-1000
0.695,-1010.066435,-995.3198242,-0.6502494812,-1000
0.696,-1014.582904,-992.7684326,-0.9147490263,-1000
0.697,-1018.673246,-998.5830688,-0.3477485478,-1000
0.698,-1021.180871,-996.3952026,-0.5693690181,-1000
0.699,-1022.577497,-999.5994873,-0.2561501563,-1000
0.7,-1022.24592,-1002.392944,0.02239453606,-1000
0.701,-1020.302452,-999.9890747,-0.2132065296,-1000
0.702,-1017.400953,-1004.85614,0.2734781802,-1000
0.703,-1013.118468,-1001.714661,-0.03095750511,-1000
0.704,-1008.648683,-1002.385864,0.0395921804,-1000
0.705,-1003.792976,-1004.027771,0.2085545808,-1000
0.706,-999.1954466,-999.0882568,-0.2773413062,-1000
0.707,-995.3142547,-1002.250122,0.03702173755,-1000
0.708,-991.7952448,-998.739624,-0.3095278442,-1000
0.709,-989.5324059,-999.3310547,-0.2529055178,-1000
0.71,-987.6910744,-1001.501221,-0.03722679988,-1000
0.711,-986.5841239,-997.0021973,-0.4841267169,-1000
0.712,-986.2281444,-1001.87616,-0.002726069186,-1000
0.713,-985.9161363,-999.6826782,-0.2183218896,-1000
0.714,-986.2304666,-1000.881653,-0.09905907512,-1000
0.715,-986.4511036,-1004.18988,0.2335269898,-1000
0.716,-986.7014439,-999.9934692,-0.177734375,-1000
0.717,-987.3961177,-1005.113159,0.3342215419,-1000
0.718,-988.2456798,-1001.333679,-0.03350012377,-1000
0.719,-989.7928073,-1001.285645,-0.03563623875,-1000
0.72,-991.7616244,-1002.751587,0.1135292873,-1000
0.721,-994.404518,-997.2279053,-0.4333357215,-1000
0.722,-998.0033418,-1000.085327,-0.1531376988,-1000
0.723,-1001.985238,-996.0727539,-0.5542243719,-1000
0.724,-1006.518988,-996.0024414,-0.5691100955,-1000
0.725,-1010.904338,-997.5736694,-0.4199824333,-1000
0.726,-1014.841257,-994.1621704,-0.7659850121,-1000
0.727,-1018.370519,-999.503418,-0.2435359061,-1000
0.728,-1020.425322,-997.4249878,-0.4523720741,-1000
0.729,-1021.420626,-999.8693848,-0.2130824029,-1000
0.73,-1020.873439,-1002.859802,0.0856981203,-1000
0.731,-1018.838522,-999.960083,-0.1985542029,-1000
0.732,-1015.891461,-1004.626465,0.2680041492,-1000
0.733,-1011.778804,-1001.42334,-0.04305542633,-1000
0.734,-1007.434759,-1001.592163,-0.02332643047,-1000
0.735,-1002.821868,-1003.285461,0.1491877437,-1000
0.736,-998.4889245,-998.1157227,-0.3612152338,-1000
0.737,-994.8456026,-1001.441956,-0.03236047551,-1000
0.738,-991.7399599,-997.9271851,-0.3809536099,-1000
0.739,-989.6426365,-998.6512451,-0.3126932383,-1000
0.74,-988.0318261,-1001.005859,-0.07992933691,-1000
0.741,-987.0788661,-996.7844238,-0.5000611544,-1000
0.742,-986.7003535,-1001.964233,0.01148863696,-1000
0.743,-986.4076096,-999.7081299,-0.2101932466,-1000
0.744,-986.5339074,-1001.236145,-0.05797547102,-1000
0.745,-986.5700256,-1004.191406,0.2400229573,-1000
0.746,-986.6106762,-1000.161194,-0.1546154767,-1000
0.747,-986.9963174,-1005.124084,0.3419959843,-1000
0.748,-987.6468791,-1001.019775,-0.05818676949,-1000
0.749,-988.904947,-1001.367188,-0.02140600793,-1000
0.75,-990.6816029,-1002.26947,0.07155664265,-1000
0.751,-993.1770372,-996.868042,-0.4640472531,-1000
0.752,-996.6506415,-999.6627197,-0.1908433884,-1000
0.753,-1000.562851,-995.1642456,-0.6413653493,-1000
0.754,-1005.037856,-995.3286743,-0.6345940232,-1000
0.755,-1009.415129,-996.322876,-0.5445165038,-1000
0.756,-1013.442539,-993.1101685,-0.8731414676,-1000
0.757,-1017.148718,-998.4562378,-0.352314204,-1000
0.758,-1019.419628,-996.0540161,-0.5956239104,-1000
0.759,-1020.744799,-998.9902954,-0.3098879457,-1000
0.76,-1020.5102,-1001.611938,-0.04974303767,-1000
0.761,-1018.800695,-999.0696411,-0.3007488847,-1000
0.762,-1016.225642,-1003.952576,0.1856838465,-1000
0.763,-1012.3277,-1000.73822,-0.1278465539,-1000
0.764,-1008.246242,-1001.456726,-0.05451953039,-1000
0.765,-1003.770773,-1003.188477,0.1215689704,-1000
0.766,-999.5179614,-998.3795776,-0.3529439867,-1000
0.767,-996.0003834,-1001.83374,-0.01076855417,-1000
0.768,-992.812937,-998.4013672,-0.3503383994,-1000
0.769,-990.7979536,-999.3166504,-0.2620073259,-1000
0.77,-989.1539638,-1001.656921,-0.02934693731,-1000
0.771,-988.1251036,-997.4707031,-0.4446549416,-1000
0.772,-987.7545243,-1002.603821,0.06359826028,-1000
0.773,-987.3428742,-1000.583862,-0.1331899464,-1000
0.774,-987.4719999,-1001.923584,0.001949947909,-1000
0.775,-987.390833,-1005.268311,0.3402697742,-1000
0.776,-987.2704156,-1001.122925,-0.06373217702,-1000
0.777,-987.5547793,-1005.943176,0.4205388129,-1000
0.778,-987.9941056,-1002.180664,0.05617395043,-1000
0.779,-989.1352455,-1001.885986,0.0310675092,-1000
0.78,-990.7610647,-1003.000488,0.1462896764,-1000
0.781,-993.1300688,-997.3129883,-0.4164593518,-1000
0.782,-996.5561811,-999.8414307,-0.1689891368,-1000
0.783,-1000.459956,-995.5882568,-0.5946236849,-1000
0.784,-1005.01418,-995.2233276,-0.639940083,-1000
0.785,-1009.512573,-996.6715088,-0.5046752691,-1000
0.786,-1013.670143,-993.2033081,-0.8581523299,-1000
0.787,-1017.478328,-998.4622803,-0.3458485305,-1000
0.788,-1019.910975,-996.3942261,-0.5557293892,-1000
0.789,-1021.302404,-998.9708862,-0.3052749038,-1000
0.79,-1021.144937,-1002.163208,0.01189904567,-1000
0.791,-1019.491906,-999.361145,-0.2639808357,-1000
0.792,-1016.886604,-1004.271545,0.2257814854,-1000
0.793,-1013.038495,-1001.374817,-0.05534827337,-1000
0.794,-1008.873411,-1001.85553,-0.004527348559,-1000
0.795,-1004.349188,-1003.732788,0.1869095415,-1000
0.796,-999.9750835,-998.848877,-0.2940160036,-1000
0.797,-996.1691027,-1002.254456,0.04423961788,-1000
0.798,-992.7959628,-998.977356,-0.2789614499,-1000
0.799,-990.3801424,-999.6880493,-0.2099373937,-1000
0.8,-988.3853627,-1001.960266,0.01666039787,-1000
0.801,-987.0154357,-997.6488037,-0.4105653167,-1000
0.802,-986.2238859,-1002.682617,0.08811364323,-1000
0.803,-985.5397447,-1000.168152,-0.1579676569,-1000
0.804,-985.3193211,-1001.36322,-0.03812451288,-1000
0.805,-985.0833522,-1004.083679,0.2366478294,-1000
0.806,-984.933414,-999.7510986,-0.1884428859,-1000
0.807,-985.2642554,-1004.502197,0.2861691713,-1000
0.808,-986.0073514,-1000.21344,-0.1337021589,-1000
0.809,-987.5188867,-1000.374634,-0.1171558946,-1000
0.81,-989.6690763,-1001.155701,-0.03829994798,-1000
0.811,-992.6138803,-995.7932129,-0.5722373128,-1000
0.812,-996.563354,-998.4838257,-0.3115895987,-1000
0.813,-1000.958421,-994.1998291,-0.7430216074,-1000
0.814,-1005.915876,-994.6055908,-0.714045763,-1000
0.815,-1010.710158,-996.0333862,-0.5820550323,-1000
0.816,-1015.057078,-993.3850708,-0.8548198342,-1000
0.817,-1018.962779,-999.0557251,-0.3009842634,-1000
0.818,-1021.271982,-996.8568115,-0.5227641463,-1000
0.819,-1022.507535,-999.8984985,-0.2248818427,-1000
0.82,-1022.036628,-1002.67926,0.05299133807,-1000
0.821,-1020.014319,-1000.159485,-0.1936276853,-1000
0.822,-1017.050169,-1004.974548,0.2881976366,-1000
0.823,-1012.708442,-1001.797607,-0.01954735257,-1000
0.824,-1008.182029,-1002.359375,0.04022462294,-1000
0.825,-1003.270544,-1003.986633,0.2076692134,-1000
0.826,-998.6274707,-998.8795776,-0.2950631082,-1000
0.827,-994.7565693,-1002.017822,0.01652051881,-1000
0.828,-991.2859215,-998.3981934,-0.3414067328,-1000
0.829,-989.0513011,-998.9954224,-0.2848874331,-1000
0.83,-987.3081531,-1001.112305,-0.07520835847,-1000
0.831,-986.2953297,-996.5744019,-0.5267740488,-1000
0.832,-986.0623814,-1001.471863,-0.04387913272,-1000
0.833,-985.8874655,-999.3071289,-0.2574087977,-1000
0.834,-986.3439562,-1000.582336,-0.1312737912,-1000
0.835,-986.7102531,-1004.081909,0.219848156,-1000
0.836,-987.1037566,-999.9544678,-0.1847321689,-1000
0.837,-987.9218125,-1005.027893,0.3225193024,-1000
0.838,-988.8673647,-1001.47229,-0.02298521437,-1000
0.839,-990.4454863,-1001.529175,-0.01435216423,-1000
0.84,-992.4059606,-1003.057556,0.1415443122,-1000
0.841,-994.9400584,-997.5900879,-0.3990873992,-1000
0.842,-998.4288008,-1000.492493,-0.1136667505,-1000
0.843,-1002.256762,-996.5440674,-0.5075243115,-1000
0.844,-1006.585457,-996.3978882,-0.5290541053,-1000
0.845,-1010.76267,-997.9346924,-0.3825778961,-1000
0.846,-1014.496239,-994.3585205,-0.7443256974,-1000
0.847,-1017.837441,-999.5529175,-0.2361689508,-1000
0.848,-1019.767665,-997.3789673,-0.4544581473,-1000
0.849,-1020.690849,-999.5828857,-0.2393083423,-1000
0.85,-1020.124942,-1002.575684,0.05913721398,-1000
0.851,-1018.147,-999.4515381,-0.2481259853,-1000
0.852,-1015.314385,-1004.047607,0.2103840411,-1000
0.853,-1011.37193,-1000.935974,-0.09268407524,-1000
0.854,-1007.215586,-1001.180115,-0.06639806926,-1000
0.855,-1002.801603,-1002.848022,0.1027529314,-1000
0.856,-998.6533391,-997.8900146,-0.3873518109,-1000
0.857,-995.1762886,-1001.276123,-0.05296093225,-1000
0.858,-992.1843606,-997.8572388,-0.3922971189,-1000
0.859,-990.1884443,-998.7325439,-0.3090521395,-1000
0.86,-988.6343919,-1001.097778,-0.07506360859,-1000
0.861,-987.6980602,-997.0254517,-0.4801007211,-1000
0.862,-987.2666898,-1002.286621,0.04006713256,-1000
0.863,-986.9172458,-1000.147888,-0.1692329198,-1000
0.864,-986.9545673,-1001.630798,-0.02064613067,-1000
0.865,-986.8663698,-1004.685547,0.2880903184,-1000
0.866,-986.7461259,-1000.55542,-0.1155512929,-1000
0.867,-986.9837847,-1005.466125,0.3766300976,-1000
0.868,-987.4996577,-1001.327637,-0.02628652193,-1000
0.869,-988.6463064,-1001.486328,-0.007762114052,-1000
0.87,-990.3337846,-1002.378235,0.08440122008,-1000
0.871,-992.7837747,-996.842041,-0.464461714,-1000
0.872,-996.222396,-999.500061,-0.2049756199,-1000
0.873,-1000.125486,-994.9735718,-0.6586244106,-1000
0.874,-1004.64683,-994.9851074,-0.6675237417,-1000
0.875,-1009.091762,-996.0383911,-0.5722251534,-1000
0.876,-1013.200323,-992.8410034,-0.8998871446,-1000
0.877,-1017.019904,-998.2492065,-0.3733848035,-1000
0.878,-1019.405948,-995.8504639,-0.6167606711,-1000
0.879,-1020.836998,-998.7093506,-0.339171052,-1000
0.88,-1020.716048,-1001.480164,-0.06467106193,-1000
0.881,-1019.10982,-998.9220581,-0.3175212741,-1000
0.882,-1016.64193,-1003.802856,0.1684026718,-1000
0.883,-1012.811066,-1000.812378,-0.1230394691,-1000
0.884,-1008.795865,-1001.612671,-0.04138540849,-1000
0.885,-1004.345716,-1003.473022,0.1478751004,-1000
0.886,-1000.074688,-998.6751099,-0.3249701262,-1000
0.887,-996.4776889,-1002.149841,0.01985323429,-1000
0.888,-993.1727018,-998.8359985,-0.3072313666,-1000
0.889,-991.0016466,-999.6746216,-0.2256970704,-1000
0.89,-989.1512231,-1002.091553,0.0153452903,-1000
0.891,-987.9261328,-997.7963257,-0.409994334,-1000
0.892,-987.3791353,-1002.805481,0.08651386946,-1000
0.893,-986.7869844,-1000.698914,-0.11853192,-1000
0.894,-986.7672193,-1001.843018,-0.002723682206,-1000
0.895,-986.6070232,-1005.148315,0.3314921558,-1000
0.896,-986.4739736,-1000.718994,-0.1011433601,-1000
0.897,-986.7976312,-1005.553894,0.383784622,-1000
0.898,-987.3641507,-1001.681763,0.0076792771,-1000
0.899,-988.6956214,-1001.419495,-0.01518401038,-1000
0.9,-990.5441808,-1002.585144,0.1042199209,-1000
0.901,-993.1359301,-996.8076172,-0.4683624804,-1000
0.902,-996.7817501,-999.4309082,-0.212418139,-1000
0.903,-1000.882447,-995.3577881,-0.6208683252,-1000
0.904,-1005.586528,-995.0462036,-0.6613112092,-1000
0.905,-1010.212174,-996.7306519,-0.5027740002,-1000
0.906,-1014.434447,-993.4014282,-0.8422350287,-1000
0.907,-1018.260718,-998.8225708,-0.3133179247,-1000
0.908,-1020.614913,-996.8878784,-0.5091420412,-1000
0.909,-1021.897628,-999.3496704,-0.269187063,-1000
0.91,-1021.608502,-1002.602966,0.05484186858,-1000
0.911,-1019.767907,-999.8387451,-0.2163743228,-1000
0.912,-1016.989313,-1004.657104,0.2651391029,-1000
0.913,-1012.974807,-1001.772949,-0.01396220922,-1000
0.914,-1008.659124,-1002.088501,0.02113886178,-1000
0.915,-1004.004127,-1004.021057,0.2185714841,-1000
0.916,-999.5121422,-998.9577637,-0.2797157466,-1000
0.917,-995.6338179,-1002.229919,0.04541534558,-1000
0.918,-992.1919333,-998.809082,-0.2922085524,-1000
0.919,-989.7346084,-999.4035645,-0.2351421416,-1000
0.92,-987.7466804,-1001.703247,-0.006366747897,-1000
0.921,-986.4272507,-997.2676392,-0.4465210438,-1000
0.922,-985.7007869,-1002.247314,0.04598176852,-1000
0.923,-985.1263585,-999.7503052,-0.1992245466,-1000
0.924,-985.0354681,-1000.921631,-0.08259135485,-1000
0.925,-984.9520006,-1003.621765,0.1892653406,-1000
0.926,-984.9811246,-999.3755493,-0.2281127274,-1000
0.927,-985.5106584,-1004.253357,0.2584191561,-1000
0.928,-986.4532366,-1000.06897,-0.1515128613,-1000
0.929,-988.1221442,-1000.233643,-0.1349076331,-1000
0.93,-990.3867866,-1001.237915,-0.03401310369,-1000
0.931,-993.3968241,-995.967041,-0.5586246848,-1000
0.932,-997.3667341,-998.7798462,-0.2854100764,-1000
0.933,-1001.720061,-994.6965942,-0.6961755753,-1000
0.934,-1006.560025,-995.1491699,-0.6615248322,-1000
0.935,-1011.186854,-996.6882935,-0.517314136,-1000
0.936,-1015.320511,-993.8197021,-0.8107966781,-1000
0.937,-1018.98923,-999.40625,-0.2645024955,-1000
0.938,-1021.059659,-997.2055054,-0.4857644737,-1000
0.939,-1022.066127,-1000.119019,-0.2000021338,-1000
0.94,-1021.405882,-1002.855896,0.0739236474,-1000
0.941,-1019.217296,-1000.112854,-0.1946687698,-1000
0.942,-1016.163248,-1004.796875,0.2739590406,-1000
0.943,-1011.79843,-1001.545898,-0.04154485464,-1000
0.944,-1007.304436,-1001.818481,-0.01119475719,-1000
0.945,-1002.507736,-1003.404846,0.1510786712,-1000
0.946,-998.0381545,-998.2902832,-0.3535679281,-1000
0.947,-994.3866465,-1001.454895,-0.04052617773,-1000
0.948,-991.1728086,-997.9162598,-0.3914799094,-1000
0.949,-989.2173411,-998.4910278,-0.338170588,-1000
0.95,-987.7403794,-1000.798889,-0.1104023978,-1000
0.951,-986.977351,-996.4517822,-0.5435153246,-1000
0.952,-986.959189,-1001.452515,-0.05053851008,-1000
0.953,-986.9542679,-999.5343018,-0.239454776,-1000
0.954,-987.5127798,-1000.966858,-0.09713055938,-1000
0.955,-987.9321779,-1004.608643,0.2689816356,-1000
0.956,-988.2583255,-1000.628845,-0.1197808236,-1000
0.957,-988.930296,-1005.811768,0.3997690976,-1000
0.958,-989.6335724,-1002.282532,0.05846904963,-1000
0.959,-990.8927387,-1002.225403,0.05732121691,-1000
0.96,-992.4872835,-1003.846802,0.2239119262,-1000
0.961,-994.6364012,-998.2565308,-0.3274215758,-1000
0.962,-997.7373804,-1000.990173,-0.05754424632,-1000
0.963,-1001.216962,-996.901123,-0.4644689262,-1000
0.964,-1005.282705,-996.2980957,-0.5309694409,-1000
0.965,-1009.270164,-997.6671753,-0.4014652669,-1000
0.966,-1012.924753,-993.7883911,-0.7940093279,-1000
0.967,-1016.317471,-998.6757812,-0.3176935315,-1000
0.968,-1018.424264,-996.4413452,-0.5437855721,-1000
0.969,-1019.616639,-998.5892334,-0.3361140788,-1000
0.97,-1019.436602,-1001.540894,-0.04376958683,-1000
0.971,-1017.866145,-998.5482788,-0.33994928,-1000
0.972,-1015.470444,-1003.251282,0.1274475753,-1000
0.973,-1011.924711,-1000.361816,-0.1549963951,-1000
0.974,-1008.135921,-1000.705933,-0.1198611483,-1000
0.975,-1003.994683,-1002.83197,0.09415448457,-1000
0.976,-1000.046155,-998.0371094,-0.3796676695,-1000
0.977,-996.6578261,-1001.615906,-0.02571379952,-1000
0.978,-993.6487143,-998.4867554,-0.3353970349,-1000
0.979,-991.5276432,-999.477417,-0.2393573523,-1000
0.98,-989.7696611,-1002.099426,0.02179840766,-1000
0.981,-988.5562519,-998.0448608,-0.3794592917,-1000
0.982,-987.7978897,-1003.264099,0.138554275,-1000
0.983,-987.0590183,-1001.127563,-0.06857109815,-1000
0.984,-986.6761834,-1002.323547,0.05328242108,-1000
0.985,-986.1690142,-1005.154968,0.3410716057,-1000
0.986,-985.6478876,-1000.790588,-0.08505645394,-1000
0.987,-985.5714176,-1005.420532,0.379519105,-1000
0.988,-985.9279783,-1001.108398,-0.04085320234,-1000
0.989,-987.0600712,-1000.965759,-0.05290031433,-1000
0.99,-988.8652996,-1001.627625,0.01521772705,-1000
0.991,-991.5598465,-995.8843384,-0.5558556318,-1000
0.992,-995.3539757,-998.4915161,-0.3033691943,-1000
0.993,-999.7027036,-993.8217163,-0.7733661532,-1000
0.994,-1004.65786,-993.8931274,-0.7785816193,-1000
0.995,-1009.542801,-995.2385254,-0.6562555432,-1000
0.996,-1014.043698,-992.6065674,-0.9289743304,-1000
0.997,-1018.156808,-998.2821655,-0.3762013614,-1000
0.998,-1020.738655,-996.1811523,-0.589738369,-1000
0.999,-1022.227913,-999.1610107,-0.2993901968,-1000
1,-1022.014252,-1002.114319,-0.005737352185,-1000
1.001,-1020.194251,-999.6188354,-0.2510570586,-1000
1.002,-1017.434746,-1004.576355,0.243932575,-1000
1.003,-1013.27966,-1001.619995,-0.0425507091,-1000
1.004,-1008.918085,-1002.303101,0.02899982966,-1000
1.005,-1004.164727,-1004.034729,0.2067688704,-1000
1.006,-999.6371724,-999.1217651,-0.2764580548,-1000
1.007,-995.8137191,-1002.299133,0.0395222865,-1000
1.008,-992.3073988,-998.9570923,-0.2900835574,-1000
1.009,-990.0143587,-999.5958252,-0.2282960862,-1000
1.01,-988.1161083,-1001.821289,-0.006558042951,-1000
1.011,-986.9077718,-997.3794556,-0.4470988214,-1000
1.012,-986.4331872,-1002.132996,0.02301408909,-1000
1.013,-985.9861338,-1000.029358,-0.1830836833,-1000
1.014,-986.1555618,-1001.140747,-0.07188606262,-1000
1.015,-986.2202983,-1004.438538,0.2601744831,-1000
1.016,-986.3084068,-1000.116455,-0.1631567031,-1000
1.017,-986.8839536,-1004.9823,0.3236606717,-1000
1.018,-987.6664463,-1001.354492,-0.02915548719,-1000
1.019,-989.1776575,-1001.08783,-0.05311276019,-1000
1.02,-991.1811078,-1002.557556,0.09603555501,-1000
1.021,-993.8613801,-996.8391724,-0.4706877172,-1000
1.022,-997.5400648,-999.6135254,-0.1995740682,-1000
1.023,-1001.639735,-995.7208252,-0.5896170735,-1000
1.024,-1006.297449,-995.5162964,-0.6186282635,-1000
1.025,-1010.838483,-997.2449341,-0.4547319114,-1000
1.026,-1014.931085,-993.848938,-0.799841702,-1000
1.027,-1018.599941,-999.2508545,-0.2719521523,-1000
1.028,-1020.795869,-997.2941895,-0.469116956,-1000
1.029,-1021.886573,-999.7019653,-0.2337509841,-1000
1.03,-1021.434067,-1003.043396,0.09979601204,-1000
1.031,-1019.421512,-1000.043518,-0.1941049844,-1000
1.032,-1016.469768,-1004.711487,0.2727789283,-1000
1.033,-1012.308704,-1001.764648,-0.01248193718,-1000
1.034,-1007.892515,-1001.930237,0.007606196217,-1000
1.035,-1003.182959,-1003.675232,0.1859661788,-1000
1.036,-998.7065668,-998.4760132,-0.3266052306,-1000
1.037,-994.8929041,-1001.777161,0.0004615392827,-1000
1.038,-991.5958767,-998.3578491,-0.3379153013,-1000
1.039,-989.3245112,-998.8818359,-0.288800925,-1000
1.04,-987.5578179,-1001.243469,-0.05487391353,-1000
1.041,-986.4839083,-996.8314819,-0.4935857058,-1000
1.042,-986.0078965,-1001.887146,0.005643674638,-1000
1.043,-985.6657829,-999.5447998,-0.2248166651,-1000
1.044,-985.7842515,-1000.757629,-0.1044441015,-1000
1.045,-985.8613175,-1003.842346,0.2055428326,-1000
1.046,-985.9955581,-999.6129761,-0.2097094953,-1000
1.047,-986.5351949,-1004.661621,0.2943809927,-1000
1.048,-987.3855681,-1000.607971,-0.1016607806,-1000
1.049,-988.8880908,-1000.881897,-0.07305224985,-1000
1.05,-990.9096788,-1001.970642,0.0375860557,-1000
1.051,-993.6455074,-996.5565186,-0.4998850226,-1000
1.052,-997.3263408,-999.4606934,-0.2163545042,-1000
1.053,-1001.382756,-995.1916504,-0.6443374157,-1000
1.054,-1005.954304,-995.4381714,-0.6293020248,-1000
1.055,-1010.358459,-996.7241821,-0.509824574,-1000
1.056,-1014.341596,-993.5939941,-0.8293950558,-1000
1.057,-1017.920131,-999.0535278,-0.2962536812,-1000
1.058,-1020.007147,-996.7128906,-0.53221035,-1000
1.059,-1021.098802,-999.5029297,-0.2597806454,-1000
1.06,-1020.62156,-1002.185974,0.007529649418,-1000
1.061,-1018.661368,-999.4837646,-0.2583193481,-1000
1.062,-1015.87028,-1004.147217,0.2069933861,-1000
1.063,-1011.791533,-1000.94574,-0.1048598886,-1000
1.064,-1007.579717,-1001.370361,-0.06050625071,-1000
1.065,-1003.034631,-1003.111755,0.1163738817,-1000
1.066,-998.7501069,-998.1083374,-0.3777444065,-1000
1.067,-995.2687274,-1001.503845,-0.04197695106,-1000
1.068,-992.1691906,-998.0811157,-0.3812422156,-1000
1.069,-990.275894,-998.815979,-0.3115936518,-1000
1.07,-988.7797967,-1001.28363,-0.06719655544,-1000
1.071,-987.9130725,-997.0601196,-0.4869803786,-1000
1.072,-987.7045205,-1002.132996,0.0144274747,-1000
1.073,-987.4458056,-1000.297485,-0.1648575664,-1000
1.074,-987.6952728,-1001.655945,-0.02841663733,-1000
1.075,-987.7409494,-1005.250549,0.3343557119,-1000
1.076,-987.7042263,-1001.12262,-0.06793616712,-1000
1.077,-988.060415,-1006.033752,0.4254223406,-1000
1.078,-988.5122026,-1002.355347,0.06964927912,-1000
1.079,-989.623266,-1002.040771,0.04290245101,-1000
1.08,-991.1683027,-1003.264282,0.1693350822,-1000
1.081,-993.4010325,-997.55896,-0.3946685791,-1000
1.082,-996.682351,-1000.129089,-0.142537728,-1000
1.083,-1000.452719,-995.9627075,-0.5589177608,-1000
1.084,-1004.87227,-995.4330444,-0.6199586391,-1000
1.085,-1009.246029,-996.8586426,-0.4865327179,-1000
1.086,-1013.287434,-993.1947021,-0.8592094779,-1000
1.087,-1017.018587,-998.3905029,-0.3532400131,-1000
1.088,-1019.391328,-996.3276367,-0.5627456307,-1000
1.089,-1020.768689,-998.6390381,-0.338950187,-1000
1.09,-1020.67071,-1001.887268,-0.01684911922,-1000
1.091,-1019.092508,-998.993042,-0.3024971783,-1000
1.092,-1016.619234,-1003.891846,0.1853692681,-1000
1.093,-1012.922483,-1001.106995,-0.08533214778,-1000
1.094,-1008.927465,-1001.485718,-0.04524585232,-1000
1.095,-1004.57726,-1003.617065,0.170860365,-1000
1.096,-1000.355015,-998.7574463,-0.3078674376,-1000
1.097,-996.683596,-1002.25415,0.03931786865,-1000
1.098,-993.4005257,-999.0906372,-0.2725251615,-1000
1.099,-991.0259406,-999.8051147,-0.2028961331,-1000
1.1,-989.0266527,-1002.313965,0.04759911448,-1000
1.101,-987.6083272,-998.0803223,-0.3711372316,-1000
1.102,-986.69842,-1003.093018,0.1262929589,-1000
1.103,-985.8534453,-1000.741394,-0.1026833579,-1000
1.104,-985.4440657,-1001.704773,-0.004862684291,-1000
1.105,-985.0052705,-1004.546387,0.2827082574,-1000
1.106,-984.6409762,-999.9569702,-0.1671406329,-1000
1.107,-984.7922758,-1004.613953,0.29847157,-1000
1.108,-985.4203345,-1000.321655,-0.1215302795,-1000
1.109,-986.8619893,-1000.269348,-0.1261176765,-1000
1.11,-989.0142781,-1001.02533,-0.04998084158,-1000
1.111,-992.0271391,-995.4138794,-0.6090751886,-1000
1.112,-996.0996018,-998.0283203,-0.3568033576,-1000
1.113,-1000.668046,-993.7213745,-0.7914413214,-1000
1.114,-1005.781756,-994.0440674,-0.7717292905,-1000
1.115,-1010.73686,-995.6427612,-0.6237717271,-1000
1.116,-1015.220205,-993.0587158,-0.8908907771,-1000
1.117,-1019.240965,-998.8944092,-0.3212040067,-1000
1.118,-1021.62888,-996.8530884,-0.5275472403,-1000
1.119,-1022.898371,-999.8984985,-0.2293000668,-1000
1.12,-1022.429415,-1002.905518,0.07119884342,-1000
1.121,-1020.326336,-1000.352112,-0.1783307046,-1000
1.122,-1017.283598,-1005.116699,0.2988322675,-1000
1.123,-1012.859321,-1002.003906,-0.002213621046,-1000
1.124,-1008.265298,-1002.429688,0.04437232018,-1000
1.125,-1003.322956,-1004.175964,0.2238593847,-1000
1.126,-998.6667012,-999.0019531,-0.2851898372,-1000
1.127,-994.7842534,-1002.062988,0.01891759411,-1000
1.128,-991.3085645,-998.5445557,-0.3287996948,-1000
1.129,-989.1022937,-998.9125977,-0.2949063778,-1000
1.13,-987.3761384,-1001.250732,-0.06326770037,-1000
1.131,-986.3690982,-996.7168579,-0.5141537189,-1000
1.132,-986.1465723,-1001.553711,-0.0370346792,-1000
1.133,-985.9520865,-999.4956665,-0.2397316992,-1000
1.134,-986.3872291,-1000.659424,-0.1243646219,-1000
1.135,-986.7227393,-1004.20697,0.2317088693,-1000
1.136,-987.0466917,-1000.018494,-0.1787248552,-1000
1.137,-987.8108551,-1005.018066,0.3212694228,-1000
1.138,-988.7046467,-1001.528931,-0.01760802977,-1000
1.139,-990.2546241,-1001.435669,-0.02387633361,-1000
1.14,-992.2079245,-1003.039368,0.1393648833,-1000
1.141,-994.7773434,-997.4901123,-0.4094819427,-1000
1.142,-998.2900273,-1000.277832,-0.1357297301,-1000
1.143,-1002.163259,-996.477356,-0.5152216554,-1000
1.144,-1006.573869,-996.1376343,-0.5562391281,-1000
1.145,-1010.825742,-997.8768311,-0.3900441825,-1000
1.146,-1014.623447,-994.34729,-0.7472445965,-1000
1.147,-1018.042299,-999.4633789,-0.2469411492,-1000
1.148,-1020.037041,-997.4707642,-0.447275877,-1000
1.149,-1020.990213,-999.6261597,-0.2367947847,-1000
1.15,-1020.458573,-1002.729492,0.07279079407,-1000
1.151,-1018.478467,-999.5609131,-0.2386081368,-1000
1.152,-1015.615913,-1004.208679,0.2252902985,-1000
1.153,-1011.633707,-1001.23407,-0.06375328451,-1000
1.154,-1007.415163,-1001.24762,-0.05993016437,-1000
1.155,-1002.943542,-1003.113098,0.1291129291,-1000
1.156,-998.7162493,-998.0668945,-0.3692812324,-1000
1.157,-995.1406427,-1001.386536,-0.04118333384,-1000
1.158,-992.0668808,-998.0718384,-0.3698799908,-1000
1.159,-989.9704199,-998.7958374,-0.3013364077,-1000
1.16,-988.345189,-1001.318359,-0.0514925234,-1000
1.161,-987.3498434,-997.0101318,-0.4796785712,-1000
1.162,-986.9046258,-1002.141235,0.02745205723,-1000
1.163,-986.5579479,-1000.108887,-0.1715003401,-1000
1.164,-986.6131793,-1001.378967,-0.04427449405,-1000
1.165,-986.5887577,-1004.511047,0.2716914415,-1000
1.166,-986.5556556,-1000.292664,-0.1411248296,-1000
1.167,-986.8789544,-1005.219971,0.3521912098,-1000
1.168,-987.467985,-1001.236084,-0.03575750813,-1000
1.169,-988.6793612,-1001.318115,-0.02508221939,-1000
1.17,-990.4312266,-1002.36438,0.08218047023,-1000
1.171,-992.9076143,-996.7867432,-0.4708544314,-1000
1.172,-996.3736624,-999.4065552,-0.2152997553,-1000
1.173,-1000.297276,-995.0189819,-0.6552439928,-1000
1.174,-1004.816366,-994.9939575,-0.6677084565,-1000
1.175,-1009.255872,-996.197876,-0.557328701,-1000
1.176,-1013.342782,-992.9052734,-0.8941931725,-1000
1.177,-1017.133276,-998.1677246,-0.382137537,-1000
1.178,-1019.481118,-995.9677124,-0.6058033109,-1000
1.179,-1020.900804,-998.7407837,-0.336560756,-1000
1.18,-1020.761951,-1001.616394,-0.05151814222,-1000
1.181,-1019.099902,-998.9906616,-0.3108586073,-1000
1.182,-1016.603037,-1003.919067,0.1799633056,-1000
1.183,-1012.742654,-1000.905945,-0.1135108173,-1000
1.184,-1008.699762,-1001.569336,-0.0453598164,-1000
1.185,-1004.240342,-1003.489197,0.149764955,-1000
1.186,-999.9556625,-998.6068726,-0.3314890862,-1000
1.187,-996.3978623,-1002.115112,0.01654864289,-1000
1.188,-993.1309744,-998.8974609,-0.3009862602,-1000
1.189,-991.0034621,-999.5530396,-0.2376334816,-1000
1.19,-989.2232669,-1002.153198,0.02148847282,-1000
1.191,-988.0615322,-997.8195801,-0.4075669646,-1000
1.192,-987.5670463,-1002.828369,0.08895111829,-1000
1.193,-987.0065881,-1000.849854,-0.1032437161,-1000
1.194,-986.9853735,-1001.804565,-0.006072822493,-1000
1.195,-986.8156145,-1005.255676,0.3426474035,-1000
1.196,-986.6349197,-1000.958984,-0.07651043683,-1000
1.197,-986.9113505,-1005.590454,0.3885545135,-1000
1.198,-987.3855835,-1001.915405,0.03223053366,-1000
1.199,-988.6103946,-1001.36969,-0.01851019636,-1000
1.2,-990.3762446,-1002.747192,0.1219794378,-1000
1.201,-992.8954494,-996.8027344,-0.4669719934,-1000
1.202,-996.4833148,-999.3621216,-0.2174278051,-1000
1.203,-1000.55465,-995.2330322,-0.6316124797,-1000
1.204,-1005.248403,-994.8220215,-0.6822475195,-1000
1.205,-1009.879063,-996.5148926,-0.5233163834,-1000
1.206,-1014.121329,-993.1431885,-0.8674569726,-1000
1.207,-1017.984302,-998.4909058,-0.34639889,-1000
1.208,-1020.430454,-996.7037354,-0.5281341076,-1000
1.209,-1021.794732,-999.0715942,-0.2979407609,-1000
1.21,-1021.592048,-1002.522156,0.04525858164,-1000
1.211,-1019.833971,-999.6867676,-0.2332359254,-1000
1.212,-1017.117219,-1004.50354,0.2478148639,-1000
1.213,-1013.149884,-1001.739685,-0.01956355572,-1000
1.214,-1008.880625,-1001.979065,0.007853808813,-1000
1.215,-1004.240994,-1004.054382,0.2193436921,-1000
1.216,-999.773663,-998.9933472,-0.2786510587,-1000
1.217,-995.9048282,-1002.314636,0.05146452785,-1000
1.218,-992.4783884,-999.1027832,-0.2650915086,-1000
1.219,-990.0028828,-999.5401611,-0.2231481373,-1000
1.22,-987.9996112,-1001.972473,0.01916337572,-1000
1.221,-986.6352836,-997.5020752,-0.4239314795,-1000
1.222,-985.8543131,-1002.365662,0.05743132159,-1000
1.223,-985.220385,-1000.06427,-0.1679765135,-1000
1.224,-985.0466413,-1000.981018,-0.0761731714,-1000
1.225,-984.8936647,-1003.959717,0.2236587405,-1000
1.226,-984.8502328,-999.449646,-0.2194289118,-1000
1.227,-985.3088395,-1004.210632,0.255569011,-1000
1.228,-986.1670188,-1000.114868,-0.145586133,-1000
1.229,-987.7698176,-1000.205322,-0.1363109946,-1000
1.23,-989.992258,-1001.195496,-0.03688300774,-1000
1.231,-992.9710629,-995.7233887,-0.5817027092,-1000
1.232,-996.9619963,-998.5317993,-0.3094148636,-1000
1.233,-1001.360321,-994.4880371,-0.7167274952,-1000
1.234,-1006.275846,-994.7947998,-0.6970751286,-1000
1.235,-1011.014106,-996.4511108,-0.5418544412,-1000
1.236,-1015.253165,-993.5133667,-0.8427266479,-1000
1.237,-1019.055503,-999.1101074,-0.2960258424,-1000
1.238,-1021.255148,-997.0611572,-0.5027006269,-1000
1.239,-1022.378289,-999.8760376,-0.2270902842,-1000
1.24,-1021.822159,-1002.921448,0.07720281929,-1000
1.241,-1019.695105,-1000.137329,-0.1953661591,-1000
1.242,-1016.6785,-1004.882019,0.2793774903,-1000
1.243,-1012.307999,-1001.773132,-0.0217471309,-1000
1.244,-1007.791566,-1002.070923,0.01157819014,-1000
1.245,-1002.910247,-1003.855469,0.1941746324,-1000
1.246,-998.2991667,-998.6002197,-0.3236393332,-1000
1.247,-994.5166873,-1001.756165,-0.01084440947,-1000
1.248,-991.1678409,-998.2328491,-0.3596636355,-1000
1.249,-989.0778348,-998.7130127,-0.3151815832,-1000
1.25,-987.4793435,-1001.047424,-0.08431439847,-1000
1.251,-986.6166283,-996.4779663,-0.5391653776,-1000
1.252,-986.5221154,-1001.364441,-0.05756194517,-1000
1.253,-986.4644902,-999.4927979,-0.2419973761,-1000
1.254,-986.9982729,-1000.770996,-0.1151919588,-1000
1.255,-987.4290646,-1004.325867,0.2418370843,-1000
1.256,-987.799831,-1000.334839,-0.1486139596,-1000
1.257,-988.5420632,-1005.312927,0.3498645425,-1000
1.258,-989.3671119,-1002.001648,0.02936247364,-1000
1.259,-990.7579917,-1001.847595,0.01796049997,-1000
1.26,-992.5000748,-1003.637634,0.2006596029,-1000
1.261,-994.7993191,-997.9888306,-0.3569455147,-1000
1.262,-998.0287473,-1000.666504,-0.09320051968,-1000
1.263,-1001.629763,-996.7531738,-0.4832005203,-1000
1.264,-1005.773879,-996.2362061,-0.5413909554,-1000
1.265,-1009.820295,-997.8691406,-0.3856250942,-1000
1.266,-1013.478786,-994.0477905,-0.7720218301,-1000
1.267,-1016.822703,-998.9918213,-0.2895231545,-1000
1.268,-1018.842664,-996.8429565,-0.5064259768,-1000
1.269,-1019.919334,-998.8450928,-0.3125264347,-1000
1.27,-1019.605924,-1001.930481,-0.006297430489,-1000
1.271,-1017.877888,-998.7769165,-0.3177929223,-1000
1.272,-1015.351024,-1003.404053,0.1424745619,-1000
1.273,-1011.699153,-1000.501343,-0.1409883499,-1000
1.274,-1007.807672,-1000.766968,-0.1134231612,-1000
1.275,-1003.627906,-1002.878845,0.09929852933,-1000
1.276,-999.6436178,-997.9730225,-0.3855260611,-1000
1.277,-996.2594601,-1001.515137,-0.0353685841,-1000
1.278,-993.2708262,-998.435791,-0.3402728736,-1000
1.279,-991.198314,-999.2494507,-0.2620353401,-1000
1.28,-989.5031863,-1001.93927,0.005445495248,-1000
1.281,-988.3679522,-997.8157349,-0.4030295014,-1000
1.282,-987.7148309,-1003.043396,0.115368098,-1000
1.283,-987.1136095,-1000.923462,-0.09053851664,-1000
1.284,-986.8706235,-1002.050415,0.02400372364,-1000
1.285,-986.5059881,-1005.13855,0.3369180262,-1000
1.286,-986.121508,-1000.720581,-0.09460174292,-1000
1.287,-986.1538639,-1005.511169,0.3858982623,-1000
1.288,-986.5304132,-1001.343079,-0.01988847367,-1000
1.289,-987.641029,-1001.127197,-0.0387904495,-1000
1.29,-989.3662487,-1002.071777,0.0579219535,-1000
1.291,-991.9120548,-996.2642822,-0.5186840296,-1000
1.292,-995.5267861,-998.8192139,-0.2706622779,-1000
1.293,-999.6783656,-994.3042603,-0.7245191932,-1000
1.294,-1004.439934,-994.1650391,-0.749832809,-1000
1.295,-1009.143959,-995.5305176,-0.6249548793,-1000
1.296,-1013.491373,-992.4358521,-0.9433603883,-1000
1.297,-1017.526141,-997.9656982,-0.4055040777,-1000
1.298,-1020.077551,-995.9006958,-0.6160729527,-1000
1.299,-1021.612394,-998.7532959,-0.3390115201,-1000
1.3,-1021.528835,-1001.762634,-0.04057108611,-1000
1.301,-1019.855421,-999.2631836,-0.286990881,-1000
1.302,-1017.279196,-1004.138855,0.1991026253,-1000
1.303,-1013.283239,-1001.348145,-0.0716907084,-1000
1.304,-1009.093784,-1001.931458,-0.01066311914,-1000
1.305,-1004.48187,-1004.011047,0.2011587918,-1000
1.306,-1000.042456,-999.048584,-0.2870654464,-1000
1.307,-996.2871783,-1002.384949,0.04466818646,-1000
1.308,-992.8296158,-999.1650391,-0.2725529075,-1000
1.309,-990.5190304,-999.7231445,-0.2184122801,-1000
1.31,-988.6035856,-1002.216797,0.03039925173,-1000
1.311,-987.315108,-997.7335205,-0.4134947956,-1000
1.312,-986.7366992,-1002.56073,0.06469319016,-1000
1.313,-986.1481928,-1000.512451,-0.1350132376,-1000
1.314,-986.1604837,-1001.329041,-0.05232940242,-1000
1.315,-986.0770617,-1004.73291,0.2907156348,-1000
1.316,-986.0297205,-1000.28949,-0.1441605836,-1000
1.317,-986.5049472,-1005.047424,0.3322118521,-1000
1.318,-987.2275184,-1001.343445,-0.02809124067,-1000
1.319,-988.7268728,-1000.864563,-0.07329253852,-1000
1.32,-990.751188,-1002.395935,0.08157379925,-1000
1.321,-993.4944456,-996.5510254,-0.4981253147,-1000
1.322,-997.2805664,-999.1987915,-0.2402466387,-1000
1.323,-1001.489048,-995.4337158,-0.6183566451,-1000
1.324,-1006.257143,-995.0950928,-0.6613515019,-1000
1.325,-1010.896212,-997.0466919,-0.4760014117,-1000
1.326,-1015.069217,-993.8117065,-0.8054065704,-1000
1.327,-1018.809322,-999.1865234,-0.2803014517,-1000
1.328,-1021.04413,-997.3674927,-0.4638314843,-1000
1.329,-1022.148463,-999.7268677,-0.2331589907,-1000
1.33,-1021.684746,-1003.118347,0.1054427028,-1000
1.331,-1019.640309,-1000.093018,-0.1908535808,-1000
1.332,-1016.659539,-1004.819519,0.2819826305,-1000
1.333,-1012.481007,-1001.957397,0.005409496836,-1000
1.334,-1008.034595,-1001.976624,0.01124689262,-1000
1.335,-1003.291075,-1003.984802,0.2160180211,-1000
1.336,-998.7727706,-998.7042847,-0.3040641546,-1000
1.337,-994.8957589,-1001.867798,0.009695744142,-1000
1.338,-991.5432869,-998.5106201,-0.322286427,-1000
1.339,-989.2091592,-998.9429932,-0.2820278704,-1000
1.34,-987.3965324,-1001.255371,-0.05290409923,-1000
1.341,-986.2622787,-996.8457031,-0.4913601577,-1000
1.342,-985.727345,-1001.786255,-0.003613579553,-1000
1.343,-985.369666,-999.5106812,-0.2275984436,-1000
1.344,-985.4866937,-1000.619324,-0.1177128181,-1000
1.345,-985.5854618,-1003.732483,0.1948417425,-1000
1.346,-985.7484679,-999.4859009,-0.2223515064,-1000
1.347,-986.3617892,-1004.410339,0.2690641582,-1000
1.348,-987.297322,-1000.500854,-0.1130636558,-1000
1.349,-988.9017973,-1000.672729,-0.09487443417,-1000
1.35,-991.0243673,-1001.851196,0.02431769855,-1000
1.351,-993.8578049,-996.5032349,-0.5067760348,-1000
1.352,-997.6147379,-999.3007812,-0.2340149581,-1000
1.353,-1001.743297,-995.2305908,-0.6424324512,-1000
1.354,-1006.350217,-995.4784546,-0.6271848679,-1000
1.355,-1010.772822,-997.0628052,-0.4777929187,-1000
1.356,-1014.722472,-993.8167114,-0.8082767129,-1000
1.357,-1018.268836,-999.2905273,-0.2732616663,-1000
1.358,-1020.276292,-997.0491333,-0.4988200366,-1000
1.359,-1021.283007,-999.6647949,-0.2431555986,-1000
1.36,-1020.730344,-1002.576599,0.04735441878,-1000
1.361,-1018.666767,-999.6549072,-0.2396615744,-1000
1.362,-1015.800128,-1004.32312,0.2264695168,-1000
1.363,-1011.626929,-1001.075134,-0.08968283236,-1000
1.364,-1007.331844,-1001.35321,-0.05972494557,-1000
1.365,-1002.732491,-1003.199768,0.1276372373,-1000
1.366,-998.3906358,-998.1067505,-0.3752649724,-1000
1.367,-994.8729494,-1001.306396,-0.05908688158,-1000
1.368,-991.753563,-998.0245361,-0.3846601248,-1000
1.369,-989.8505398,-998.5933838,-0.3317262828,-1000
1.37,-988.3952509,-1001.133057,-0.08057222515,-1000
1.371,-987.5763098,-996.7607422,-0.51553756,-1000
1.372,-987.4769756,-1001.759033,-0.02218697779,-1000
1.373,-987.3457407,-1000.137817,-0.1807904989,-1000
1.374,-987.7567891,-1001.33905,-0.06039156765,-1000
1.375,-988.0010119,-1005.067444,0.3151258826,-1000
1.376,-988.133537,-1000.969238,-0.08455978334,-1000
1.377,-988.6168109,-1005.984802,0.4189350903,-1000
1.378,-989.1496733,-1002.518616,0.08428605646,-1000
1.379,-990.2754372,-1002.179565,0.05541825667,-1000
1.38,-991.7715449,-1003.761169,0.2179377824,-1000
1.381,-993.9154761,-997.9900513,-0.3516516984,-1000
1.382,-997.0431096,-1000.573364,-0.09734029323,-1000
1.383,-1000.619751,-996.4523315,-0.5082968473,-1000
1.384,-1004.821962,-995.7515869,-0.5854666233,-1000
1.385,-1008.988296,-997.1420898,-0.4549131691,-1000
1.386,-1012.83178,-993.2646484,-0.8483731151,-1000
1.387,-1016.416658,-998.286377,-0.3596709669,-1000
1.388,-1018.693588,-996.2566528,-0.5660706162,-1000
1.389,-1020.036499,-998.3399658,-0.3652260303,-1000
1.39,-1019.989905,-1001.595581,-0.04298458621,-1000
1.391,-1018.498112,-998.6028442,-0.3390671015,-1000
1.392,-1016.140975,-1003.438232,0.1416774094,-1000
1.393,-1012.598658,-1000.661804,-0.1290889531,-1000
1.394,-1008.746282,-1000.996033,-0.09434249252,-1000
1.395,-1004.535168,-1003.287476,0.1367938668,-1000
1.396,-1000.4599,-998.5237427,-0.3330044746,-1000
1.397,-996.9279761,-1002.014832,0.01315189619,-1000
1.398,-993.7550796,-999.1112061,-0.2731809914,-1000
1.399,-991.4593266,-999.7890015,-0.2071790397,-1000
1.4,-989.5288857,-1002.486816,0.06218045577,-1000
1.401,-988.126964,-998.2295532,-0.3585722446,-1000
1.402,-987.2161787,-1003.271484,0.1420799941,-1000
1.403,-986.3687708,-1001.079895,-0.07053597271,-1000
1.404,-985.9039792,-1001.963562,0.01999051496,-1000
1.405,-985.3773944,-1004.926086,0.3201700747,-1000
1.406,-984.8941897,-1000.342896,-0.1282968372,-1000
1.407,-984.9320481,-1004.9505,0.3331494629,-1000
1.408,-985.4502592,-1000.704651,-0.08153450489,-1000
1.409,-986.7860346,-1000.373596,-0.113230668,-1000
1.41,-988.8144604,-1001.210388,-0.02880427614,-1000
1.411,-991.7121388,-995.4552002,-0.6019023061,-1000
1.412,-995.7024209,-997.9914551,-0.3573664129,-1000
1.413,-1000.21046,-993.7128296,-0.7892460823,-1000
1.414,-1005.289036,-993.6950073,-0.8036026359,-1000
1.415,-1010.240414,-995.4553223,-0.6401811242,-1000
1.416,-1014.751192,-992.8153687,-0.9132658243,-1000
1.417,-1018.830754,-998.5415039,-0.3550215662,-1000
1.418,-1021.301102,-996.6223755,-0.5498514175,-1000
1.419,-1022.646379,-999.5636597,-0.2624782324,-1000
1.42,-1022.293027,-1002.657288,0.04601188749,-1000
1.421,-1020.297065,-1000.060242,-0.2083781362,-1000
1.422,-1017.378446,-1004.812012,0.2669193745,-1000
1.423,-1013.049421,-1001.911438,-0.01351399161,-1000
1.424,-1008.566003,-1002.298706,0.02903569303,-1000
1.425,-1003.721949,-1004.197937,0.2235562056,-1000
1.426,-999.1066326,-999.0658569,-0.2812559307,-1000
1.427,-995.2297895,-1002.182007,0.02849077061,-1000
1.428,-991.7221784,-998.8244019,-0.3029057086,-1000
1.429,-989.4064129,-999.2113647,-0.2665606141,-1000
1.43,-987.5798014,-1001.622314,-0.0270429235,-1000
1.431,-986.4348219,-997.0155029,-0.4844794571,-1000
1.432,-986.0703294,-1001.79834,-0.01216474827,-1000
1.433,-985.7526568,-999.7563477,-0.2127672881,-1000
1.434,-986.0781607,-1000.676086,-0.1212807074,-1000
1.435,-986.3192412,-1004.215271,0.2339899242,-1000
1.436,-986.5851234,-999.8510132,-0.1940053254,-1000
1.437,-987.336256,-1004.823181,0.3029135168,-1000
1.438,-988.2659014,-1001.285278,-0.04123042524,-1000
1.439,-989.8705036,-1001.113586,-0.05582906306,-1000
1.44,-991.9115598,-1002.790894,0.114128828,-1000
1.441,-994.5692488,-997.144104,-0.4449683428,-1000
1.442,-998.1828875,-999.9440308,-0.1706874669,-1000
1.443,-1002.171112,-996.2693481,-0.5382676721,-1000
1.444,-1006.668778,-995.9100952,-0.5816542506,-1000
1.445,-1011.00594,-997.7445679,-0.4063868225,-1000
1.446,-1014.857737,-994.2647705,-0.7588774562,-1000
1.447,-1018.305933,-999.3724365,-0.2595812976,-1000
1.448,-1020.305003,-997.5645752,-0.4416225553,-1000
1.449,-1021.268732,-999.6360474,-0.2393461764,-1000
1.45,-1020.723976,-1002.944458,0.09076698869,-1000
1.451,-1018.703395,-999.8050537,-0.2172845304,-1000
1.452,-1015.795095,-1004.349609,0.2367811501,-1000
1.453,-1011.745074,-1001.423279,-0.04715269059,-1000
1.454,-1007.454051,-1001.385498,-0.0480842106,-1000
1.455,-1002.902057,-1003.398621,0.1559990346,-1000
1.456,-998.5797984,-998.1878052,-0.3582852781,-1000
1.457,-994.9417352,-1001.395996,-0.04109057412,-1000
1.458,-991.8160246,-998.197998,-0.3580983877,-1000
1.459,-989.6870664,-998.6955566,-0.3119465411,-1000
1.46,-988.0505855,-1001.292664,-0.0548447296,-1000
1.461,-987.0653155,-996.9077759,-0.4907481968,-1000
1.462,-986.637002,-1001.958191,0.008108884096,-1000
1.463,-986.3113034,-999.9043579,-0.1933580339,-1000
1.464,-986.421126,-1001.08783,-0.07520215213,-1000
1.465,-986.4732318,-1004.315552,0.2497457266,-1000
1.466,-986.5195723,-1000.101135,-0.1630648226,-1000
1.467,-986.9316556,-1005.000244,0.3270483315,-1000
1.468,-987.6069335,-1001.119751,-0.05100049451,-1000
1.469,-988.8941025,-1001.155823,-0.04515382275,-1000
1.47,-990.6914075,-1002.400208,0.08159630001,-1000
1.471,-993.2000012,-996.8178101,-0.471843034,-1000
1.472,-996.6942782,-999.5065308,-0.209335342,-1000
1.473,-1000.621738,-995.2393799,-0.6370373964,-1000
1.474,-1005.117226,-995.0926514,-0.6612314582,-1000
1.475,-1009.528746,-996.4276733,-0.5375439525,-1000
1.476,-1013.566661,-993.0690308,-0.8805528879,-1000
1.477,-1017.296925,-998.4030151,-0.3610163927,-1000
1.478,-1019.577986,-996.1490479,-0.58960706,-1000
1.479,-1020.925117,-998.8720703,-0.3250067532,-1000
1.48,-1020.717219,-1001.823181,-0.03215150908,-1000
1.481,-1018.990652,-999.072876,-0.30353567,-1000
1.482,-1016.447758,-1003.846985,0.1720209867,-1000
1.483,-1012.543035,-1000.9646,-0.10852357,-1000
1.484,-1008.441099,-1001.435486,-0.05950575322,-1000
1.485,-1003.941545,-1003.483215,0.1481381804,-1000
1.486,-999.6198586,-998.5780029,-0.3354166448,-1000
1.487,-996.0489303,-1001.930786,-0.002982309554,-1000
1.488,-992.7971447,-998.7687988,-0.3153194785,-1000
1.489,-990.6907116,-999.3369141,-0.2609703541,-1000
1.49,-988.9845575,-1001.977844,0.001796501805,-1000
1.491,-987.8678385,-997.5731812,-0.4347141087,-1000
1.492,-987.4562013,-1002.57135,0.06024914607,-1000
1.493,-987.0273097,-1000.661072,-0.1256359816,-1000
1.494,-987.1526409,-1001.650513,-0.02536974289,-1000
1.495,-987.1117615,-1005.294739,0.3423538804,-1000
1.496,-987.0151954,-1000.818176,-0.09471288323,-1000
1.497,-987.3696622,-1005.628418,0.3879476488,-1000
1.498,-987.892093,-1002.068359,0.04319863021,-1000
1.499,-989.094147,-1001.528015,-0.006699068006,-1000
1.5,-990.7886971,-1003.072876,0.1508430541,-1000
1.501,-993.1929828,-997.1707764,-0.4332211614,-1000
1.502,-996.632905,-999.6981201,-0.186145246,-1000
1.503,-1000.549602,-995.6460571,-0.5919553041,-1000
1.504,-1005.085571,-995.0615234,-0.6591165662,-1000
1.505,-1009.592633,-996.7648315,-0.4986627102,-1000
1.506,-1013.713955,-993.2024536,-0.8613708615,-1000
1.507,-1017.506001,-998.4240723,-0.3528040648,-1000
1.508,-1019.918611,-996.5740356,-0.540959537,-1000
1.509,-1021.29936,-998.7855225,-0.3266628087,-1000
1.51,-1021.162223,-1002.214478,0.0138037568,-1000
1.511,-1019.505293,-999.2611084,-0.2771041989,-1000
1.512,-1016.906051,-1004.154602,0.2107673883,-1000
1.513,-1013.077174,-1001.492493,-0.04713435471,-1000
1.514,-1008.939158,-1001.726929,-0.02070576511,-1000
1.515,-1004.461701,-1003.944397,0.2044949085,-1000
1.516,-1000.103917,-998.9573364,-0.2863223553,-1000
1.517,-996.3030457,-1002.274292,0.04328788072,-1000
1.518,-992.9035725,-999.2285156,-0.2567411959,-1000
1.519,-990.4496669,-999.6501465,-0.2161210626,-1000
1.52,-988.425307,-1002.239197,0.04208425432,-1000
1.521,-987.0119144,-997.8399658,-0.3933604658,-1000
1.522,-986.1643417,-1002.744873,0.09281020612,-1000
1.523,-985.4470259,-1000.424988,-0.1336885691,-1000
1.524,-985.1930965,-1001.193665,-0.05597091839,-1000
1.525,-984.9368493,-1004.140442,0.2410941571,-1000
1.526,-984.787763,-999.6233521,-0.202333957,-1000
1.527,-985.1558064,-1004.335815,0.2681590915,-1000
1.528,-985.9633161,-1000.211365,-0.1356143504,-1000
1.529,-987.5430067,-1000.117615,-0.1445666254,-1000
1.53,-989.7682081,-1001.236877,-0.03240512311,-1000
1.531,-992.7912588,-995.68927,-0.5846921206,-1000
1.532,-996.8225167,-998.4025879,-0.3219817877,-1000
1.533,-1001.279387,-994.3372803,-0.7317073941,-1000
1.534,-1006.251187,-994.4989624,-0.7268645763,-1000
1.535,-1011.030166,-996.2683716,-0.5609257221,-1000
1.536,-1015.319965,-993.4629517,-0.8489310145,-1000
1.537,-1019.150582,-999.1303711,-0.2952631414,-1000
1.538,-1021.381215,-997.1828003,-0.4917595088,-1000
1.539,-1022.503225,-999.9029541,-0.2253785133,-1000
1.54,-1021.934446,-1003.096375,0.09376944602,-1000
1.541,-1019.767099,-1000.275391,-0.1821362078,-1000
1.542,-1016.723785,-1004.908264,0.2817019224,-1000
1.543,-1012.315673,-1001.861877,-0.01312021632,-1000
1.544,-1007.764555,-1002.031067,0.007522484753,-1000
1.545,-1002.888891,-1003.921326,0.2006105036,-1000
1.546,-998.2914235,-998.6189575,-0.3217836916,-1000
1.547,-994.5169852,-1001.673645,-0.01907700673,-1000
1.548,-991.1834385,-998.3471069,-0.3483835161,-1000
1.549,-989.1086638,-998.5956421,-0.3268358111,-1000
1.55,-987.5233557,-1001.108948,-0.07831395417,-1000
1.551,-986.6334101,-996.5825195,-0.5287389159,-1000
1.552,-986.5282144,-1001.385437,-0.05528209358,-1000
1.553,-986.452977,-999.5784912,-0.2332058102,-1000
1.554,-986.9723773,-1000.712585,-0.1206393987,-1000
1.555,-987.3753549,-1004.512268,0.2607540488,-1000
1.556,-987.7091783,-1000.364197,-0.1450285614,-1000
1.557,-988.4434144,-1005.40802,0.3600821793,-1000
1.558,-989.2542958,-1002.048584,0.03495460004,-1000
1.559,-990.6624479,-1001.751953,0.009388678707,-1000
1.56,-992.4456762,-1003.612,0.1988972276,-1000
1.561,-994.7814908,-997.8920898,-0.3658697605,-1000
1.562,-998.0732369,-1000.587158,-0.1005787402,-1000
1.563,-1001.732691,-996.8049316,-0.4776270986,-1000
1.564,-1005.934118,-996.1610718,-0.5484032035,-1000
1.565,-1010.037482,-997.8739624,-0.3847920001,-1000
1.566,-1013.728216,-994.0352783,-0.7729125023,-1000
1.567,-1017.091907,-998.980835,-0.290286243,-1000
1.568,-1019.09508,-996.9903564,-0.4913724363,-1000
1.569,-1020.139237,-998.916687,-0.3047586679,-1000
1.57,-1019.77182,-1002.219177,0.02332372405,-1000
1.571,-1017.961727,-999.012085,-0.2929471433,-1000
1.572,-1015.316065,-1003.623718,0.1662403494,-1000
1.573,-1011.53596,-1000.76123,-0.1127609983,-1000
1.574,-1007.537933,-1000.783508,-0.1090107486,-1000
1.575,-1003.269767,-1002.893066,0.103512086,-1000
1.576,-999.2065003,-997.916687,-0.3883397281,-1000
1.577,-995.7714915,-1001.329468,-0.05122828111,-1000
1.578,-992.7632767,-998.2418823,-0.3573279083,-1000
1.579,-990.7130659,-998.9188232,-0.2931500375,-1000
1.58,-989.0822455,-1001.673889,-0.01980580203,-1000
1.581,-988.0093199,-997.4883423,-0.4350126982,-1000
1.582,-987.4414457,-1002.613892,0.07251891494,-1000
1.583,-986.9386248,-1000.613281,-0.1223143339,-1000
1.584,-986.7957753,-1001.747131,-0.007702765055,-1000
1.585,-986.5513283,-1004.953796,0.3164580166,-1000
1.586,-986.264366,-1000.594849,-0.1095291898,-1000
1.587,-986.4001403,-1005.366516,0.3688272536,-1000
1.588,-986.862256,-1001.434937,-0.01359766535,-1000
1.589,-988.0114608,-1001.065735,-0.04764795676,-1000
1.59,-989.7823361,-1002.111938,0.0591038838,-1000
1.591,-992.346651,-996.4456177,-0.5033043027,-1000
1.592,-995.9603969,-999.0012817,-0.2548466623,-1000
1.593,-1000.060623,-994.5618896,-0.7007833123,-1000
1.594,-1004.746269,-994.3653564,-0.731312871,-1000
1.595,-1009.372527,-995.8272705,-0.5963907838,-1000
1.596,-1013.593776,-992.7045898,-0.9170042872,-1000
1.597,-1017.510748,-998.2230835,-0.3797457218,-1000
1.598,-1019.946241,-996.1235962,-0.5932483077,-1000
1.599,-1021.343551,-998.7961426,-0.3337464631,-1000
1.6,-1021.170565,-1001.942139,-0.02155455574,-1000
1.601,-1019.432021,-999.1920166,-0.2926824987,-1000
1.602,-1016.815356,-1003.953674,0.1818673164,-1000
1.603,-1012.819528,-1001.177429,-0.08784986287,-1000
1.604,-1008.651402,-1001.630798,-0.04015808553,-1000
1.605,-1004.097984,-1003.724426,0.1724663079,-1000
1.606,-999.7414837,-998.7272339,-0.3198040724,-1000
1.607,-996.0996999,-1002.06897,0.0118239671,-1000
1.608,-992.7801351,-998.9467773,-0.2962573469,-1000
1.609,-990.611004,-999.4109497,-0.2519465387,-1000
1.61,-988.822885,-1002.042542,0.01003453415,-1000
1.611,-987.6460394,-997.6247559,-0.4276589453,-1000
1.612,-987.1777228,-1002.494812,0.05459617451,-1000
1.613,-986.6697165,-1000.66394,-0.1235013604,-1000
1.614,-986.7307196,-1001.520142,-0.0365533568,-1000
1.615,-986.6577818,-1005.09021,0.3234937787,-1000
1.616,-986.5603733,-1000.656189,-0.1097279266,-1000
1.617,-986.9335984,-1005.338623,0.3598278761,-1000
1.618,-987.5344888,-1001.846619,0.02130466886,-1000
1.619,-988.8931553,-1001.225952,-0.03706874326,-1000
1.62,-990.7503246,-1002.702271,0.1130150035,-1000
1.621,-993.331485,-996.8307495,-0.4687325656,-1000
1.622,-996.9777378,-999.4064941,-0.2174965888,-1000
1.623,-1001.097471,-995.5618286,-0.6031501889,-1000
1.624,-1005.799877,-995.006897,-0.6675196886,-1000
1.625,-1010.428748,-996.953125,-0.4828830659,-1000
1.626,-1014.624747,-993.538208,-0.8304685354,-1000
1.627,-1018.436201,-998.8218994,-0.3150229752,-1000
1.628,-1020.769089,-997.0408325,-0.495485872,-1000
1.629,-1021.994037,-999.2888794,-0.2765994966,-1000
1.63,-1021.665848,-1002.881836,0.08127391338,-1000
1.631,-1019.752216,-999.9345093,-0.2076950967,-1000
1.632,-1016.89419,-1004.708069,0.2695298791,-1000
1.633,-1012.80541,-1002.006226,0.008761691861,-1000
1.634,-1008.40994,-1001.944397,0.006591281388,-1000
1.635,-1003.700678,-1004.110229,0.2270633429,-1000
1.636,-999.1824705,-998.8725586,-0.2884832919,-1000
1.637,-995.2635082,-1002.06842,0.02884800173,-1000
1.638,-991.8183444,-998.8825073,-0.2856064737,-1000
1.639,-989.3698352,-999.1210327,-0.2639889121,-1000
1.64,-987.4442947,-1001.636414,-0.01420875266,-1000
1.641,-986.1951232,-997.100769,-0.4645003676,-1000
1.642,-985.5631171,-1001.946411,0.01426537614,-1000
1.643,-985.1002002,-999.6828003,-0.2082028836,-1000
1.644,-985.1321693,-1000.552734,-0.1218438819,-1000
1.645,-985.174421,-1003.703369,0.1943250746,-1000
1.646,-985.3119139,-999.2926636,-0.2393387407,-1000
1.647,-985.9402765,-1004.110474,0.2410275936,-1000
1.648,-986.9565373,-1000.240051,-0.1377937049,-1000
1.649,-988.6438127,-1000.302551,-0.1310636103,-1000
1.65,-990.8815096,-1001.594482,-0.001265383326,-1000
1.651,-993.8270848,-996.1993408,-0.5375905633,-1000
1.652,-997.7020717,-999.0040283,-0.2647231519,-1000
1.653,-1001.934934,-995.1245117,-0.6546667814,-1000
1.654,-1006.630474,-995.2646484,-0.650404036,-1000
1.655,-1011.12559,-997.0258179,-0.4837578237,-1000
1.656,-1015.10869,-993.8988037,-0.8024076223,-1000
1.657,-1018.674417,-999.3739624,-0.2670941353,-1000
1.658,-1020.670966,-997.3450928,-0.4712331593,-1000
1.659,-1021.644203,-999.8029175,-0.2307604998,-1000
1.66,-1021.015775,-1002.776306,0.06618420035,-1000
1.661,-1018.843169,-999.9116211,-0.2147316933,-1000
1.662,-1015.857877,-1004.43219,0.2371484488,-1000
1.663,-1011.574568,-1001.319153,-0.06529089808,-1000
1.664,-1007.176831,-1001.468628,-0.04770508036,-1000
1.665,-1002.497981,-1003.349121,0.1432815045,-1000
1.666,-998.0964044,-998.1239624,-0.3725361526,-1000
1.667,-994.5427633,-1001.290283,-0.05965613946,-1000
1.668,-991.3974382,-997.9984131,-0.3862625957,-1000
1.669,-989.5068721,-998.3171387,-0.3583931923,-1000
1.67,-988.0912245,-1000.991821,-0.09429065883,-1000
1.671,-987.3134334,-996.5704956,-0.5344395638,-1000
1.672,-987.2779521,-1001.562317,-0.04211645946,-1000
1.673,-987.2200975,-999.9504395,-0.200179562,-1000
1.674,-987.7058492,-1001.080566,-0.08726599067,-1000
1.675,-988.0448828,-1004.944763,0.3013148308,-1000
1.676,-988.2781333,-1000.858887,-0.09738329798,-1000
1.677,-988.8769358,-1005.798462,0.3982920051,-1000
1.678,-989.5168938,-1002.59259,0.08930175751,-1000
1.679,-990.7152279,-1002.148254,0.05005335063,-1000
1.68,-992.2922917,-1003.921387,0.231663093,-1000
1.681,-994.4594695,-998.128479,-0.3397848904,-1000
1.682,-997.5978351,-1000.746582,-0.08171763271,-1000
1.683,-1001.144838,-996.9069214,-0.4641905427,-1000
1.684,-1005.295214,-996.0473022,-0.5563386083,-1000
1.685,-1009.370018,-997.6478271,-0.4041915238,-1000
1.686,-1013.082064,-993.6430054,-0.8093780279,-1000
1.687,-1016.537097,-998.5009766,-0.3362948895,-1000
1.688,-1018.679885,-996.572998,-0.5320907831,-1000
1.689,-1019.877637,-998.4666138,-0.3495832086,-1000
1.69,-1019.690478,-1001.815857,-0.01772568002,-1000
1.691,-1018.078067,-998.6484375,-0.3308359087,-1000
1.692,-1015.64358,-1003.3078,0.1323972344,-1000
1.693,-1012.053352,-1000.640015,-0.12776573,-1000
1.694,-1008.20882,-1000.755859,-0.1149012372,-1000
1.695,-1004.041051,-1003.138794,0.1249039471,-1000
1.696,-1000.014011,-998.1719971,-0.3654981554,-1000
1.697,-996.5775644,-1001.628784,-0.02347544208,-1000
1.698,-993.5157591,-998.713623,-0.3117339909,-1000
1.699,-991.3478665,-999.3737183,-0.2482972294,-1000
1.7,-989.5491779,-1002.230896,0.03616799042,-1000
1.701,-988.2917696,-998.0699463,-0.3754651845,-1000
1.702,-987.511725,-1003.114807,0.1251607984,-1000
1.703,-986.7678183,-1001.157715,-0.06431882083,-1000
1.704,-986.3863579,-1002.013733,0.02359841764,-1000
1.705,-985.9169121,-1005.150513,0.341303885,-1000
1.706,-985.4379658,-1000.497375,-0.1137088314,-1000
1.707,-985.4340459,-1005.154602,0.3530085981,-1000
1.708,-985.8816069,-1001.039185,-0.04822396114,-1000
1.709,-987.1155023,-1000.613098,-0.0887542367,-1000
1.71,-989.029931,-1001.66626,0.01778812893,-1000
1.711,-991.820271,-995.8061523,-0.5648900867,-1000
1.712,-995.6989016,-998.2501221,-0.3288808167,-1000
1.713,-1000.08776,-993.9436646,-0.7630263567,-1000
1.714,-1005.034232,-993.8255005,-0.7869554162,-1000
1.715,-1009.907451,-995.5465088,-0.6272035837,-1000
1.716,-1014.339215,-992.6992798,-0.9208334684,-1000
1.717,-1018.37073,-998.4087524,-0.364487648,-1000
1.718,-1020.833726,-996.4723511,-0.5613102913,-1000
1.719,-1022.215523,-999.2175903,-0.29384166,-1000
1.72,-1021.931524,-1002.444946,0.02732913196,-1000
1.721,-1020.003981,-999.7513428,-0.2371413261,-1000
1.722,-1017.195468,-1004.479919,0.2352190316,-1000
1.723,-1012.979487,-1001.698242,-0.03398885578,-1000
1.724,-1008.601059,-1001.986145,-0.001802089857,-1000
1.725,-1003.879998,-1004.096375,0.2131931484,-1000
1.726,-999.3486699,-998.9630127,-0.2919502854,-1000
1.727,-995.5702461,-1002.137268,0.02340128087,-1000
1.728,-992.1239129,-998.9639893,-0.2896520793,-1000
1.729,-989.8549546,-999.2122803,-0.2668949962,-1000
1.73,-988.0454696,-1001.841064,-0.005592009518,-1000
1.731,-986.8694741,-997.25177,-0.4608393312,-1000
1.732,-986.4389435,-1001.962708,0.004757961724,-1000
1.733,-986.036466,-1000.160828,-0.1715046167,-1000
1.734,-986.2248477,-1000.878113,-0.09945444018,-1000
1.735,-986.3245143,-1004.549927,0.2694831789,-1000
1.736,-986.4414182,-1000.161011,-0.1603085697,-1000
1.737,-987.055704,-1004.956116,0.3195239604,-1000
1.738,-987.8670039,-1001.577454,-0.008430031128,-1000
1.739,-989.3783599,-1000.971191,-0.0659013465,-1000
1.74,-991.3848363,-1002.744324,0.1133542657,-1000
1.741,-994.0577452,-996.9387817,-0.4617112875,-1000
1.742,-997.739442,-999.5678101,-0.2049309015,-1000
1.743,-1001.825557,-995.9869385,-0.5638824701,-1000
1.744,-1006.431403,-995.439209,-0.6266815066,-1000
1.745,-1010.940027,-997.4810791,-0.4316160977,-1000
1.746,-1014.970841,-993.9262085,-0.7921410203,-1000
1.747,-1018.57239,-999.1692505,-0.2799843848,-1000
1.748,-1020.69309,-997.4976807,-0.4488028586,-1000
1.749,-1021.740834,-999.5870972,-0.2448658496,-1000
1.75,-1021.251104,-1003.145081,0.1101066843,-1000
1.751,-1019.207201,-999.9506226,-0.2030489445,-1000
1.752,-1016.291321,-1004.562988,0.2580888867,-1000
1.753,-1012.184991,-1001.79425,-0.009658927098,-1000
1.754,-1007.833513,-1001.664917,-0.0190037787,-1000
1.755,-1003.196257,-1003.782654,0.1960997283,-1000
1.756,-998.762413,-998.4564819,-0.3289521635,-1000
1.757,-995.0129213,-1001.702393,-0.007448116317,-1000
1.758,-991.7551192,-998.538208,-0.3204618096,-1000
1.759,-989.4939353,-998.8296509,-0.2942411005,-1000
1.76,-987.7449192,-1001.437195,-0.03582739457,-1000
1.761,-986.6377601,-996.9957275,-0.4770997465,-1000
1.762,-986.1372138,-1001.874939,0.004812860396,-1000
1.763,-985.7720693,-999.8416138,-0.1947697848,-1000
1.764,-985.8730718,-1000.782593,-0.1009886488,-1000
1.765,-985.9262847,-1004.066833,0.2290006131,-1000
1.766,-986.0341592,-999.7358398,-0.1959650964,-1000
1.767,-986.564424,-1004.591187,0.2890412509,-1000
1.768,-987.4025791,-1000.778076,-0.0830873996,-1000
1.769,-988.8673608,-1000.76593,-0.08274584264,-1000
1.77,-990.8762757,-1002.114014,0.05359436199,-1000
1.771,-993.5610791,-996.5547485,-0.4981041253,-1000
1.772,-997.184188,-999.3154297,-0.2289265245,-1000
1.773,-1001.207089,-995.2791138,-0.6339272261,-1000
1.774,-1005.73145,-995.161377,-0.6551427245,-1000
1.775,-1010.126949,-996.7923584,-0.5017217994,-1000
1.776,-1014.090133,-993.4403076,-0.843342185,-1000
1.777,-1017.702966,-998.7284546,-0.3276468515,-1000
1.778,-1019.857906,-996.6829834,-0.5347370505,-1000
1.779,-1021.025811,-999.1115723,-0.2985121906,-1000
1.78,-1020.642046,-1002.252747,0.01382837631,-1000
1.781,-1018.731892,-999.2527466,-0.2816661298,-1000
1.782,-1016.014386,-1003.934082,0.1849729121,-1000
1.783,-1011.987039,-1001.008484,-0.09971873462,-1000
1.784,-1007.797159,-1001.22168,-0.07638219744,-1000
1.785,-1003.287906,-1003.35614,0.1395072192,-1000
1.786,-998.9727551,-998.2974243,-0.359652102,-1000
1.787,-995.4695506,-1001.542236,-0.03857603669,-1000
1.788,-992.3223796,-998.4719238,-0.3425228298,-1000
1.789,-990.3461227,-998.8052368,-0.3122476935,-1000
1.79,-988.7911194,-1001.6651,-0.02865086868,-1000
1.791,-987.85545,-997.2427368,-0.467557013,-1000
1.792,-987.6097887,-1002.162231,0.01887793653,-1000
1.793,-987.3194131,-1000.541565,-0.138864249,-1000
1.794,-987.5570487,-1001.465515,-0.0453860946,-1000
1.795,-987.6240006,-1005.299866,0.3409799933,-1000
1.796,-987.6041998,-1000.974731,-0.08093370497,-1000
1.797,-988.0006346,-1005.792236,0.4027662575,-1000
1.798,-988.4952226,-1002.440613,0.07918836921,-1000
1.799,-989.6732014,-1001.762146,0.01622292027,-1000
1.8,-991.3168144,-1003.454651,0.1889977008,-1000
1.801,-993.6303151,-997.5203857,-0.3975195289,-1000
1.802,-996.9635431,-1000.048584,-0.1496589184,-1000
1.803,-1000.755256,-996.1273804,-0.5416821241,-1000
1.804,-1005.158285,-995.3046875,-0.6316966414,-1000
1.805,-1009.528764,-997.1306152,-0.4584944844,-1000
1.806,-1013.538475,-993.3357544,-0.8437193632,-1000
1.807,-1017.223603,-998.4526978,-0.3453534842,-1000
1.808,-1019.545867,-996.7163086,-0.5220870376,-1000
1.809,-1020.854802,-998.65802,-0.3344832659,-1000
1.81,-1020.703389,-1002.151367,0.01216749847,-1000
1.811,-1019.040117,-999.0795288,-0.2907136083,-1000
1.812,-1016.496438,-1003.897827,0.1892752945,-1000
1.813,-1012.742515,-1001.295715,-0.06314023584,-1000
1.814,-1008.694053,-1001.385803,-0.0515400134,-1000
1.815,-1004.321952,-1003.750916,0.1877428144,-1000
1.816,-1000.061799,-998.7241211,-0.3074347973,-1000
1.817,-996.3794395,-1001.99469,0.0170703195,-1000
1.818,-993.0917764,-999.1366577,-0.2647435367,-1000
1.819,-990.7002204,-999.5022583,-0.2299101502,-1000
1.82,-988.7401335,-1002.314941,0.05036267638,-1000
1.821,-987.3534792,-997.9142456,-0.3850770295,-1000
1.822,-986.5190944,-1002.826721,0.1019990295,-1000
1.823,-985.7707433,-1000.732422,-0.1017774642,-1000
1.824,-985.4527216,-1001.380493,-0.03550548851,-1000
1.825,-985.1010267,-1004.546753,0.2838814855,-1000
1.826,-984.8082294,-999.87854,-0.1738463044,-1000
1.827,-985.0602188,-1004.461853,0.2842420936,-1000
1.828,-985.7660855,-1000.41449,-0.1115705445,-1000
1.829,-987.2486966,-1000.131287,-0.1390618682,-1000
1.83,-989.4091802,-1001.306152,-0.02131272666,-1000
1.831,-992.390121,-995.4672241,-0.6025932431,-1000
1.832,-996.4247755,-998.1621094,-0.3421702683,-1000
1.833,-1000.910872,-994.1326294,-0.7487940788,-1000
1.834,-1005.930408,-994.1255493,-0.7612367868,-1000
1.835,-1010.789157,-995.9905396,-0.5864866972,-1000
1.836,-1015.155816,-993.2126465,-0.8722949028,-1000
1.837,-1019.07896,-998.8790283,-0.3192314208,-1000
1.838,-1021.388961,-997.0033569,-0.5090405345,-1000
1.839,-1022.567928,-999.6947021,-0.2458992749,-1000
1.84,-1022.081893,-1003.023438,0.08636367321,-1000
1.841,-1019.953364,-1000.125793,-0.1973538548,-1000
1.842,-1016.947618,-1004.826721,0.2729905248,-1000
1.843,-1012.586349,-1001.988342,-0.001193934702,-1000
1.844,-1008.055442,-1002.034363,0.007384804077,-1000
1.845,-1003.217306,-1004.1026,0.2182772756,-1000
1.846,-998.5998166,-998.8776245,-0.2960150838,-1000
1.847,-994.785625,-1001.804077,-0.00561457919,-1000
1.848,-991.3669452,-998.6757812,-0.3148360252,-1000
1.849,-989.1747695,-998.7809448,-0.3069680929,-1000
1.85,-987.4708715,-1001.389893,-0.0485114418,-1000
1.851,-986.4566505,-996.7122192,-0.5134990215,-1000
1.852,-986.215848,-1001.468262,-0.04447029904,-1000
1.853,-986.0201128,-999.7213135,-0.2162286043,-1000
1.854,-986.4168113,-1000.559753,-0.1329419762,-1000
1.855,-986.7325561,-1004.380676,0.2502698302,-1000
1.856,-987.0225637,-1000.049377,-0.1740987301,-1000
1.857,-987.7691749,-1004.941406,0.3152029216,-1000
1.858,-988.6597696,-1001.743164,0.005261498503,-1000
1.859,-990.1906258,-1001.28479,-0.03708956763,-1000
1.86,-992.1265717,-1003.185852,0.1555862278,-1000
1.861,-994.6743794,-997.390686,-0.41755867,-1000
1.862,-998.1631877,-1000.135681,-0.1482777894,-1000
1.863,-1002.026039,-996.5720825,-0.5043662786,-1000
1.864,-1006.402262,-995.923584,-0.5760719776,-1000
1.865,-1010.64336,-997.911499,-0.3854333162,-1000
1.866,-1014.427998,-994.130188,-0.7677414417,-1000
1.867,-1017.834225,-999.187561,-0.2737437189,-1000
1.868,-1019.834503,-997.387207,-0.4554040134,-1000
1.869,-1020.821418,-999.2867432,-0.270675987,-1000
1.87,-1020.353885,-1002.730652,0.07228837162,-1000
1.871,-1018.402145,-999.4364624,-0.2516692579,-1000
1.872,-1015.629076,-1003.951904,0.1987478435,-1000
1.873,-1011.707879,-1001.174133,-0.0711254403,-1000
1.874,-1007.566973,-1001.019714,-0.08421906084,-1000
1.875,-1003.172916,-1003.219666,0.1378154904,-1000
1.876,-998.9882757,-998.1299438,-0.3647173643,-1000
1.877,-995.4710631,-1001.359802,-0.04547163099,-1000
1.878,-992.4114225,-998.3967285,-0.3390593827,-1000
1.879,-990.3084333,-998.8017578,-0.3017629981,-1000
1.88,-988.6550162,-1001.634277,-0.02090752497,-1000
1.881,-987.5738717,-997.3083496,-0.4502317607,-1000
1.882,-987.0478929,-1002.365479,0.05009784922,-1000
1.883,-986.5879604,-1000.502625,-0.1314565986,-1000
1.884,-986.5426597,-1001.353149,-0.04539885744,-1000
1.885,-986.4084151,-1004.763611,0.2983535826,-1000
1.886,-986.2775743,-1000.330627,-0.1354175359,-1000
1.887,-986.5522321,-1005.069641,0.3391450942,-1000
1.888,-987.1387861,-1001.278076,-0.02987211756,-1000
1.889,-988.3911323,-1001.035156,-0.05160796642,-1000
1.89,-990.2183081,-1002.276489,0.07459564507,-1000
1.891,-992.7952597,-996.5065918,-0.4978411198,-1000
1.892,-996.390965,-999.100708,-0.2454163134,-1000
1.893,-1000.447626,-994.9400635,-0.6632793546,-1000
1.894,-1005.071218,-994.5582886,-0.7115767002,-1000
1.895,-1009.608378,-996.2731323,-0.55097574,-1000
1.896,-1013.736349,-992.9215698,-0.8935857415,-1000
1.897,-1017.546447,-998.3126221,-0.368637383,-1000
1.898,-1019.877697,-996.2653809,-0.5767362714,-1000
1.899,-1021.226377,-998.8241577,-0.3283278346,-1000
1.9,-1021.011799,-1002.065369,-0.006558409426,-1000
1.901,-1019.226934,-999.2877808,-0.2801864743,-1000
1.902,-1016.59485,-1003.993591,0.1889701635,-1000
1.903,-1012.607479,-1001.173218,-0.08508000523,-1000
1.904,-1008.432924,-1001.497375,-0.05031779408,-1000
1.905,-1003.896366,-1003.750732,0.1780126542,-1000
1.906,-999.5208148,-998.6615601,-0.32340312,-1000
1.907,-995.9144816,-1001.913574,-0.0008785815444,-1000
1.908,-992.6385058,-998.9266968,-0.2957391739,-1000
1.909,-990.5138677,-999.1912231,-0.2714331448,-1000
1.91,-988.7922482,-1001.942261,0.002053072909,-1000
1.911,-987.6704211,-997.4781494,-0.4404735565,-1000
1.912,-987.2644869,-1002.367615,0.04342929646,-1000
1.913,-986.8215685,-1000.672791,-0.1213178933,-1000
1.914,-986.9319402,-1001.487732,-0.03847817704,-1000
1.915,-986.920759,-1005.195984,0.3353224993,-1000
1.916,-986.8617937,-1000.732544,-0.1006295457,-1000
1.917,-987.2594225,-1005.386108,0.3661919832,-1000
1.918,-987.8517072,-1002.057312,0.0440845564,-1000
1.919,-989.1314054,-1001.236389,-0.03389310464,-1000
1.92,-990.9330922,-1002.9505,0.1399908066,-1000
1.921,-993.4238942,-997.0471802,-0.4444402456,-1000
1.922,-996.9726711,-999.5405273,-0.201011166,-1000
1.923,-1000.972228,-995.796875,-0.5762953162,-1000
1.924,-1005.548128,-995.085144,-0.6558746696,-1000
1.925,-1010.065899,-997.0712891,-0.4670898914,-1000
1.926,-1014.155658,-993.4431152,-0.8357647061,-1000
1.927,-1017.885527,-998.5912476,-0.3340652287,-1000
1.928,-1020.181515,-996.9992676,-0.4960807562,-1000
1.929,-1021.419325,-998.9785156,-0.3041574061,-1000
1.93,-1021.162693,-1002.641113,0.06005939096,-1000
1.931,-1019.336602,-999.517334,-0.247036323,-1000
1.932,-1016.621623,-1004.213013,0.2215662301,-1000
1.933,-1012.702916,-1001.656799,-0.02562908642,-1000
1.934,-1008.478856,-1001.531921,-0.03480327874,-1000
1.935,-1003.956604,-1003.91217,0.2062854767,-1000
1.936,-999.5712263,-998.7334595,-0.3037612736,-1000
1.937,-995.810092,-1001.968201,0.01717976294,-1000
1.938,-992.4596707,-999.0053101,-0.275172919,-1000
1.939,-990.066298,-999.258728,-0.2518205047,-1000
1.94,-988.132388,-1002.0495,0.0257741157,-1000
1.941,-986.8114364,-997.5286255,-0.4222142994,-1000
1.942,-986.0667753,-1002.342957,0.05427607149,-1000
1.943,-985.4480215,-1000.266907,-0.1486430019,-1000
1.944,-985.2961107,-1000.906738,-0.08412603289,-1000
1.945,-985.1512779,-1004.132385,0.2402521372,-1000
1.946,-985.0957403,-999.5533447,-0.2093871534,-1000
1.947,-985.5738493,-1004.291931,0.2635781765,-1000
1.948,-986.4473552,-1000.390198,-0.1180112958,-1000
1.949,-988.061866,-1000.220276,-0.1342231035,-1000
1.95,-990.2921139,-1001.50415,-0.005395091139,-1000
1.951,-993.2754542,-995.8735352,-0.5654483438,-1000
1.952,-997.2353388,-998.5765381,-0.3034009635,-1000
1.953,-1001.602794,-994.7618408,-0.6877176166,-1000
1.954,-1006.454296,-994.786499,-0.6957281232,-1000
1.955,-1011.10592,-996.7275391,-0.5120511055,-1000
1.956,-1015.225058,-993.6767578,-0.8236741424,-1000
1.957,-1018.920894,-999.1665649,-0.2873399258,-1000
1.958,-1021.009108,-997.3044434,-0.4752189517,-1000
1.959,-1022.022469,-999.7876587,-0.2322885245,-1000
1.96,-1021.413027,-1003.031433,0.09166423231,-1000
1.961,-1019.225254,-1000.015259,-0.2038903385,-1000
1.962,-1016.215281,-1004.601685,0.2547827661,-1000
1.963,-1011.891184,-1001.582153,-0.03796699271,-1000
1.964,-1007.420097,-1001.587708,-0.03424726427,-1000
1.965,-1002.660518,-1003.695312,0.1796886623,-1000
1.966,-998.1590659,-998.3231812,-0.3501338661,-1000
1.967,-994.4829483,-1001.422913,-0.04351435602,-1000
1.968,-991.2430595,-998.2784424,-0.3551155627,-1000
1.969,-989.2240769,-998.3851318,-0.3478897214,-1000
1.97,-987.7096289,-1001.152405,-0.07439217716,-1000
1.971,-986.8522525,-996.5592041,-0.5314074159,-1000
1.972,-986.7534051,-1001.378967,-0.05631271005,-1000
1.973,-986.6648686,-999.7790527,-0.2135462314,-1000
1.974,-987.1555247,-1000.672119,-0.1246814802,-1000
1.975,-987.5509086,-1004.670349,0.2764857411,-1000
1.976,-987.8759838,-1000.453003,-0.1359081715,-1000
1.977,-988.5839552,-1005.353577,0.355055213,-1000
1.978,-989.3805179,-1002.262878,0.05669254437,-1000
1.979,-990.7324315,-1001.726562,0.007586702239,-1000
1.98,-992.4424741,-1003.777405,0.2161240578,-1000
1.981,-994.7151279,-997.9749756,-0.3565640748,-1000
1.982,-997.9451198,-1000.634216,-0.0946900323,-1000
1.983,-1001.572297,-996.9286499,-0.463978231,-1000
1.984,-1005.733258,-995.9776611,-0.5652198195,-1000
1.985,-1009.816205,-997.8985596,-0.3811746538,-1000
1.986,-1013.503786,-993.9402466,-0.7812088728,-1000
1.987,-1016.89843,-998.7501831,-0.3123346865,-1000
1.988,-1018.955958,-996.8900757,-0.5008450747,-1000
1.989,-1020.05067,-998.6850586,-0.3275666237,-1000
1.99,-1019.761357,-1002.108765,0.01217410248,-1000
1.991,-1018.021402,-998.8891602,-0.3055688143,-1000
1.992,-1015.46833,-1003.479736,0.1512671411,-1000
1.993,-1011.777927,-1000.869812,-0.1027658358,-1000
1.994,-1007.823233,-1000.708313,-0.1171761155,-1000
1.995,-1003.588377,-1003.131226,0.1265317798,-1000
1.996,-999.5057075,-997.9850464,-0.3818237185,-1000
1.997,-996.0550557,-1001.392029,-0.04515537247,-1000
1.998,-993.015606,-998.5926514,-0.322309047,-1000
1.999,-990.8958523,-998.9841309,-0.2859758139,-1000
2,-989.2057429,-1001.926636,0.006242942531,-1000
2.001,-988.0406514,-997.7173462,-0.4108327329,-1000
2.002,-987.3891688,-1002.748535,0.08772084862,-1000
2.003,-986.7917312,-1000.939575,-0.08767808229,-1000
2.004,-986.5838195,-1001.753845,-0.004371923395,-1000
2.005,-986.2695091,-1005.033386,0.3270898759,-1000
2.006,-985.9343308,-1000.47937,-0.1182449684,-1000
2.007,-986.0466387,-1005.116089,0.3463856578,-1000
2.008,-986.5395507,-1001.257324,-0.02925863676,-1000
2.009,-987.7460838,-1000.849243,-0.06755209714,-1000
2.01,-989.5936984,-1002.131348,0.06235683337,-1000
2.011,-992.2304487,-996.1815796,-0.5283572674,-1000
2.012,-995.9306964,-998.6685181,-0.2873002887,-1000
2.013,-1000.102388,-994.4779053,-0.7090244889,-1000
2.014,-1004.862837,-994.1535034,-0.7525088787,-1000
2.015,-1009.545383,-995.8786011,-0.5916921496,-1000
2.016,-1013.824965,-992.725647,-0.9152303338,-1000
2.017,-1017.759653,-998.185791,-0.3837646246,-1000
2.018,-1020.200268,-996.2286987,-0.5831022859,-1000
2.019,-1021.618836,-998.796814,-0.3338333666,-1000
2.02,-1021.43629,-1002.068542,-0.009066882543,-1000
2.021,-1019.661799,-999.3278198,-0.2790020704,-1000
2.022,-1017.02982,-1004.109131,0.1977846771,-1000
2.023,-1013.011252,-1001.428467,-0.06206347793,-1000
2.024,-1008.812676,-1001.694885,-0.0325646922,-1000
2.025,-1004.244601,-1003.99823,0.2011595666,-1000
2.026,-999.8199128,-998.9689331,-0.2937736809,-1000
2.027,-996.1348628,-1002.167297,0.02400062419,-1000
2.028,-992.719639,-999.2034912,-0.2680453956,-1000
2.029,-990.46466,-999.4575195,-0.2442355901,-1000
2.03,-988.5977048,-1002.207031,0.02963063493,-1000
2.031,-987.350933,-997.6859741,-0.418061018,-1000
2.032,-986.8291807,-1002.444031,0.05311660469,-1000
2.033,-986.3047771,-1000.687317,-0.1176667288,-1000
2.034,-986.3458986,-1001.226868,-0.06233701482,-1000
2.035,-986.3046752,-1004.993042,0.316734165,-1000
2.036,-986.2800665,-1000.335266,-0.1390573531,-1000
2.037,-986.7746892,-1004.928589,0.3209454715,-1000
2.038,-987.5022127,-1001.690063,0.006950097624,-1000
2.039,-988.9545642,-1000.866272,-0.07204893231,-1000
2.04,-990.938703,-1002.636536,0.1067099795,-1000
2.041,-993.6149664,-996.6920776,-0.4824627638,-1000
2.042,-997.3363391,-999.2753296,-0.2307534069,-1000
2.043,-1001.497748,-995.7039185,-0.5893438458,-1000
2.044,-1006.204489,-995.0437622,-0.6639516354,-1000
2.045,-1010.817781,-997.2703247,-0.4512078762,-1000
2.046,-1014.958905,-993.7908936,-0.8046103716,-1000
2.047,-1018.680464,-998.9077759,-0.3053403199,-1000
2.048,-1020.934434,-997.4522705,-0.4530753195,-1000
2.049,-1022.061679,-999.4558105,-0.2578167617,-1000
2.05,-1021.650312,-1003.165161,0.112029925,-1000
2.051,-1019.620574,-1000.067993,-0.1913565546,-1000
2.052,-1016.680209,-1004.665955,0.2685755789,-1000
2.053,-1012.51862,-1002.077576,0.01906960644,-1000
2.054,-1008.077079,-1001.837891,-0.0007437410532,-1000
2.055,-1003.352059,-1004.080322,0.2271752208,-1000
2.056,-998.7951417,-998.690918,-0.303604573,-1000
2.057,-994.9169452,-1001.780579,0.002743333345,-1000
2.058,-991.5352286,-998.7477417,-0.2969792187,-1000
2.059,-989.1831668,-998.8032227,-0.2939356267,-1000
2.06,-987.3759432,-1001.457275,-0.03092390671,-1000
2.061,-986.2382193,-996.890686,-0.4846683145,-1000
2.062,-985.7144368,-1001.653564,-0.01459907927,-1000
2.063,-985.3628125,-999.7665405,-0.1999943405,-1000
2.064,-985.4932906,-1000.468445,-0.1302708238,-1000
2.065,-985.6291646,-1003.867249,0.2105464488,-1000
2.066,-985.808004,-999.4864502,-0.2197988927,-1000
2.067,-986.4257059,-1004.289978,0.2595267892,-1000
2.068,-987.3557184,-1000.69928,-0.09096307307,-1000
2.069,-988.9290374,-1000.499329,-0.1095596328,-1000
2.07,-991.0359014,-1002.035461,0.04505231231,-1000
2.071,-993.8324186,-996.4066162,-0.513761282,-1000
2.072,-997.5545315,-999.1865845,-0.2429512292,-1000
2.073,-1001.647385,-995.3076782,-0.6324687004,-1000
2.074,-1006.222893,-995.1373901,-0.6588821411,-1000
2.075,-1010.632175,-996.9689331,-0.4854530692,-1000
2.076,-1014.569202,-993.6499634,-0.8234121799,-1000
2.077,-1018.139201,-999.0472412,-0.2963844836,-1000
2.078,-1020.184808,-997.0721436,-0.4957997501,-1000
2.079,-1021.233167,-999.3486328,-0.2740065455,-1000
2.08,-1020.718387,-1002.626709,0.05249835178,-1000
2.081,-1018.681116,-999.4898682,-0.2559323013,-1000
2.082,-1015.864799,-1004.126343,0.2066948861,-1000
2.083,-1011.730621,-1001.180481,-0.0796386227,-1000
2.084,-1007.463053,-1001.19342,-0.07598371804,-1000
2.085,-1002.893437,-1003.390747,0.1461357921,-1000
2.086,-998.5456897,-998.175293,-0.3686281443,-1000
2.087,-995.0373699,-1001.363708,-0.05343599617,-1000
2.088,-991.9094005,-998.3135376,-0.3557256758,-1000
2.089,-989.9614086,-998.5419922,-0.3362531364,-1000
2.09,-988.4694937,-1001.417969,-0.05157149956,-1000
2.091,-987.5906239,-996.8945923,-0.5010731816,-1000
2.092,-987.4603196,-1001.822815,-0.01446175296,-1000
2.093,-987.2915949,-1000.371399,-0.1559577286,-1000
2.094,-987.6506656,-1001.158691,-0.076485686,-1000
2.095,-987.8595732,-1005.262634,0.3362259865,-1000
2.096,-987.9536356,-1000.84137,-0.09537521005,-1000
2.097,-988.42949,-1005.754578,0.3976283371,-1000
2.098,-988.9857125,-1002.625549,0.09623465687,-1000
2.099,-990.1498331,-1001.9328,0.03221084923,-1000
2.1,-991.7389494,-1003.841064,0.2269028723,-1000
2.101,-993.9385009,-997.8433838,-0.3651830852,-1000
2.102,-997.1644484,-1000.312439,-0.1225907877,-1000
2.103,-1000.834983,-996.5148926,-0.5017205477,-1000
2.104,-1005.099228,-995.402771,-0.6199029088,-1000
2.105,-1009.35877,-997.3118896,-0.438185513,-1000
2.106,-1013.242278,-993.362854,-0.838465333,-1000
2.107,-1016.845366,-998.2599487,-0.3620301187,-1000
2.108,-1019.124546,-996.5499878,-0.5365063548,-1000
2.109,-1020.441494,-998.4134521,-0.3570599258,-1000
2.11,-1020.334633,-1002.063843,0.004806050565,-1000
2.111,-1018.71716,-998.8795776,-0.3094927967,-1000
2.112,-1016.249516,-1003.595459,0.1598545015,-1000
2.113,-1012.578648,-1001.138611,-0.07863940299,-1000
2.114,-1008.60648,-1001.112793,-0.07894396037,-1000
2.115,-1004.31736,-1003.623108,0.174313128,-1000
2.116,-1000.128788,-998.5222778,-0.3285236657,-1000
2.117,-996.5305304,-1001.918823,0.008175417781,-1000
2.118,-993.3163895,-999.1705933,-0.2628099322,-1000
2.119,-990.9991074,-999.4373779,-0.2377902865,-1000
2.12,-989.0893328,-1002.433777,0.06072436646,-1000
2.121,-987.7287641,-998.0374146,-0.3740443289,-1000
2.122,-986.8886337,-1002.878235,0.1061125472,-1000
2.123,-986.1074067,-1001.031372,-0.07281726599,-1000
2.124,-985.748094,-1001.565002,-0.01739149168,-1000
2.125,-985.3337525,-1004.868835,0.3161218166,-1000
2.126,-984.9898801,-1000.202759,-0.1407481879,-1000
2.127,-985.1606128,-1004.659546,0.3053360581,-1000
2.128,-985.7681391,-1000.776794,-0.07361999899,-1000
2.129,-987.1664297,-1000.141052,-0.1356406212,-1000
2.13,-989.2555557,-1001.429932,-0.00647057686,-1000
2.131,-992.1634751,-995.5251465,-0.5940892696,-1000
2.132,-996.1243102,-998.0584106,-0.3497125208,-1000
2.133,-1000.575839,-994.109375,-0.7484992743,-1000
2.134,-1005.556031,-993.9311523,-0.7781028152,-1000
2.135,-1010.417509,-996.0015869,-0.5831970572,-1000
2.136,-1014.799683,-992.9971924,-0.8916333318,-1000
2.137,-1018.766346,-998.5648804,-0.3488701284,-1000
2.138,-1021.136133,-996.8052368,-0.5277047157,-1000
2.139,-1022.3928,-999.3671265,-0.2779052854,-1000
2.14,-1022.008559,-1002.838379,0.06795420498,-1000
2.141,-1019.973214,-999.930603,-0.2171466202,-1000
2.142,-1017.077685,-1004.611572,0.2508115172,-1000
2.143,-1012.811729,-1001.883179,-0.01280469354,-1000
2.144,-1008.346933,-1001.91864,-0.005492192693,-1000
2.145,-1003.565926,-1004.204041,0.2268851399,-1000
2.146,-998.9734428,-998.911499,-0.2939609289,-1000
2.147,-995.1602522,-1001.945129,0.007225105073,-1000
2.148,-991.7219581,-998.9574585,-0.2876517177,-1000
2.149,-989.4745833,-998.9169312,-0.2937895656,-1000
2.15,-987.7211184,-1001.791077,-0.008541134186,-1000
2.151,-986.6183232,-996.9822998,-0.4858366847,-1000
2.152,-986.2906803,-1001.682922,-0.02180981636,-1000
2.153,-986.0023934,-999.9855347,-0.1881827414,-1000
2.154,-986.3205149,-1000.669067,-0.1198584065,-1000
2.155,-986.5594545,-1004.542603,0.2688332498,-1000
2.156,-986.7910301,-1000.041443,-0.1721975207,-1000
2.157,-987.5153599,-1004.895996,0.3133406937,-1000
2.158,-988.401148,-1001.71228,0.004761108197,-1000
2.159,-989.9503701,-1001.030151,-0.06002722681,-1000
2.16,-991.9456648,-1003.043884,0.1434063762,-1000
2.161,-994.5430662,-997.1470947,-0.4401848316,-1000
2.162,-998.1134135,-999.9172363,-0.1688764691,-1000
2.163,-1002.053322,-996.3466187,-0.526103735,-1000
2.164,-1006.50998,-995.6411133,-0.6039610505,-1000
2.165,-1010.836277,-997.9039917,-0.3863909841,-1000
2.166,-1014.660138,-994.1151733,-0.7694648504,-1000
2.167,-1018.115968,-999.2373047,-0.2690213621,-1000
2.168,-1020.109044,-997.6499634,-0.4292808771,-1000
2.169,-1021.052796,-999.3342896,-0.2655483484,-1000
2.17,-1020.532225,-1002.943298,0.09402112663,-1000
2.171,-1018.496929,-999.5999146,-0.2344306558,-1000
2.172,-1015.637378,-1004.088867,0.2136644423,-1000
2.173,-1011.618244,-1001.402039,-0.04684070125,-1000
2.174,-1007.380946,-1001.096375,-0.07460303605,-1000
2.175,-1002.92226,-1003.338989,0.1518511921,-1000
2.176,-998.6635764,-998.104187,-0.3649510443,-1000
2.177,-995.1082354,-1001.212219,-0.05793945864,-1000
2.178,-992.0495564,-998.3314209,-0.3435948491,-1000
2.179,-989.9618315,-998.5155029,-0.3285238147,-1000
2.18,-988.3613347,-1001.464661,-0.03657704219,-1000
2.181,-987.3541828,-997.1044922,-0.4696645737,-1000
2.182,-986.9108112,-1002.044067,0.01850194111,-1000
2.183,-986.5537926,-1000.376892,-0.1441274583,-1000
2.184,-986.5920305,-1001.187012,-0.06236170232,-1000
2.185,-986.5477846,-1004.669861,0.288297236,-1000
2.186,-986.4803097,-1000.232727,-0.1460764259,-1000
2.187,-986.7912403,-1005.051575,0.3362737894,-1000
2.188,-987.3862595,-1001.419739,-0.01680665091,-1000
2.189,-988.6155354,-1000.99054,-0.05688709766,-1000
2.19,-990.3891193,-1002.489258,0.09496580809,-1000
2.191,-992.8951917,-996.6138306,-0.4875983894,-1000
2.192,-996.4061885,-999.2221069,-0.233543098,-1000
2.193,-1000.393106,-995.1777344,-0.6395361423,-1000
2.194,-1004.944802,-994.6547241,-0.7014816999,-1000
2.195,-1009.437006,-996.2791748,-0.5497272015,-1000
2.196,-1013.523514,-992.8733521,-0.8977511525,-1000
2.197,-1017.319523,-998.133606,-0.3859790266,-1000
2.198,-1019.674798,-996.2566528,-0.5774071217,-1000
2.199,-1021.051152,-998.5754395,-0.3530151844,-1000
2.2,-1020.8924,-1001.937378,-0.01967043616,-1000
2.201,-1019.159537,-999.0933228,-0.3002012074,-1000
2.202,-1016.601385,-1003.801025,0.1687557101,-1000
2.203,-1012.666983,-1001.174438,-0.08630093187,-1000
2.204,-1008.514492,-1001.39447,-0.06194889173,-1000
2.205,-1004.001389,-1003.764404,0.1778334677,-1000
2.206,-999.6077133,-998.6608276,-0.3249953985,-1000
2.207,-995.9810742,-1001.865723,-0.007184237242,-1000
2.208,-992.6666208,-999.052124,-0.284812659,-1000
2.209,-990.4901366,-999.2046509,-0.271455735,-1000
2.21,-988.7381215,-1002.088623,0.01535079163,-1000
2.211,-987.5755368,-997.5828247,-0.4310518205,-1000
2.212,-987.138731,-1002.340088,0.03984016553,-1000
2.213,-986.6791774,-1000.718201,-0.1176683828,-1000
2.214,-986.7657771,-1001.28479,-0.05957305059,-1000
2.215,-986.7482445,-1005.157654,0.3302829266,-1000
2.216,-986.6911264,-1000.617676,-0.1133995801,-1000
2.217,-987.1163445,-1005.226624,0.3487305641,-1000
2.218,-987.7320822,-1001.950806,0.03160201758,-1000
2.219,-989.0639261,-1001.089966,-0.05058035254,-1000
2.22,-990.9171527,-1002.911987,0.1338017285,-1000
2.221,-993.4481097,-996.9813843,-0.4534346163,-1000
2.222,-997.0400425,-999.3963013,-0.2179801464,-1000
2.223,-1001.088573,-995.8551025,-0.573307395,-1000
2.224,-1005.708454,-994.9135132,-0.6757561564,-1000
2.225,-1010.263837,-997.1096191,-0.4663185179,-1000
2.226,-1014.380462,-993.4093628,-0.842124939,-1000
2.227,-1018.122755,-998.6281738,-0.3334250748,-1000
2.228,-1020.433283,-997.1590576,-0.4830803573,-1000
2.229,-1021.660608,-999.0682983,-0.2978381813,-1000
2.23,-1021.370056,-1002.794495,0.07291806489,-1000
2.231,-1019.478473,-999.6853638,-0.2324060351,-1000
2.232,-1016.699164,-1004.289368,0.2273650914,-1000
2.233,-1012.703057,-1001.826843,-0.01030862611,-1000
2.234,-1008.43598,-1001.594849,-0.02985440008,-1000
2.235,-1003.855094,-1004.063049,0.2201553732,-1000
2.236,-999.4156472,-998.864624,-0.2915610671,-1000
2.237,-995.6022761,-1001.973572,0.01706295088,-1000
2.238,-992.2334967,-999.0563965,-0.2707074583,-1000
2.239,-989.8253943,-999.1585693,-0.2623773515,-1000
2.24,-987.8977589,-1001.993225,0.01940535568,-1000
2.241,-986.6032785,-997.3515015,-0.44078058,-1000
2.242,-985.8816382,-1002.153564,0.03412874788,-1000
2.243,-985.3065436,-1000.184082,-0.1585123539,-1000
2.244,-985.199126,-1000.75708,-0.1008443907,-1000
2.245,-985.1066997,-1004.054077,0.2303694934,-1000
2.246,-985.0903912,-999.4818115,-0.2187489271,-1000
2.247,-985.5731793,-1004.160645,0.2480980009,-1000
2.248,-986.455634,-1000.37854,-0.121791169,-1000
2.249,-988.0705492,-1000.025696,-0.1563185006,-1000
2.25,-990.3023302,-1001.54425,-0.004411641508,-1000
2.251,-993.2794967,-995.8392334,-0.5718248487,-1000
2.252,-997.2278102,-998.5477905,-0.3092906773,-1000
2.253,-1001.601993,-994.7878418,-0.6881899834,-1000
2.254,-1006.445872,-994.7734375,-0.7000547051,-1000
2.255,-1011.135273,-996.7756348,-0.5102881193,-1000
2.256,-1015.285875,-993.5736084,-0.8369394541,-1000
2.257,-1019.015468,-999.0523682,-0.3019162714,-1000
2.258,-1021.14165,-997.3731079,-0.4717375636,-1000
2.259,-1022.186237,-999.7423706,-0.2400650978,-1000
2.26,-1021.617531,-1003.093262,0.09450877458,-1000
2.261,-1019.42652,-1000.097473,-0.1988835633,-1000
2.262,-1016.416961,-1004.653931,0.2569571435,-1000
2.263,-1012.065815,-1001.89563,-0.009565070271,-1000
2.264,-1007.55584,-1001.751343,-0.0202025231,-1000
2.265,-1002.76969,-1003.849487,0.1931146085,-1000
2.266,-998.2200333,-998.4730835,-0.3368268013,-1000
2.267,-994.5088204,-1001.484253,-0.03876368701,-1000
2.268,-991.2190125,-998.4390869,-0.3403117955,-1000
2.269,-989.1446671,-998.5127563,-0.3360666633,-1000
2.27,-987.6050668,-1001.235291,-0.06678772718,-1000
2.271,-986.7144416,-996.6583252,-0.5220136642,-1000
2.272,-986.6135113,-1001.35907,-0.05862256512,-1000
2.273,-986.5187643,-999.8571777,-0.2060936391,-1000
2.274,-987.0077486,-1000.578979,-0.1341990978,-1000
2.275,-987.4027791,-1004.599243,0.2689852118,-1000
2.276,-987.7302336,-1000.370483,-0.1446922719,-1000
2.277,-988.4682409,-1005.186951,0.3376954198,-1000
2.278,-989.2830907,-1002.233398,0.05271410197,-1000
2.279,-990.6850552,-1001.598511,-0.006307867821,-1000
2.28,-992.4675165,-1003.737854,0.2108234763,-1000
2.281,-994.8120666,-997.8161011,-0.3738761246,-1000
2.282,-998.1251072,-1000.467712,-0.1130827814,-1000
2.283,-1001.793503,-996.9460449,-0.4643141031,-1000
2.284,-1005.972342,-996.0039062,-0.5646358728,-1000
2.285,-1010.058438,-998.0117798,-0.3718407452,-1000
2.286,-1013.723267,-994.0180664,-0.7751885056,-1000
2.287,-1017.070771,-998.8312378,-0.305835247,-1000
2.288,-1019.062718,-997.1511841,-0.4761781394,-1000
2.289,-1020.085588,-998.7280273,-0.3241914511,-1000
2.29,-1019.708507,-1002.333862,0.03384810686,-1000
2.291,-1017.888356,-998.9503174,-0.2998386621,-1000
2.292,-1015.275163,-1003.358887,0.1389189214,-1000
2.293,-1011.525947,-1000.813599,-0.1088921279,-1000
2.294,-1007.553853,-1000.633667,-0.125258103,-1000
2.295,-1003.323612,-1003.015991,0.1142416522,-1000
2.296,-999.2733235,-997.9537354,-0.3859519362,-1000
2.297,-995.8882148,-1001.236389,-0.061779093,-1000
2.298,-992.9343685,-998.4727173,-0.335673511,-1000
2.299,-990.8895203,-998.8214722,-0.3038525879,-1000
2.3,-989.2754601,-1001.933411,0.004984220956,-1000
2.301,-988.1756188,-997.6159058,-0.4228994548,-1000
2.302,-987.5897182,-1002.651489,0.07589071244,-1000
2.303,-987.0639747,-1001.021912,-0.08176407218,-1000
2.304,-986.8789868,-1001.757202,-0.006191191263,-1000
2.305,-986.5668439,-1005.20166,0.3417690098,-1000
2.306,-986.20257,-1000.729065,-0.0950871855,-1000
2.307,-986.2953226,-1005.309265,0.3643909693,-1000
2.308,-986.7099703,-1001.544128,-0.00150417455,-1000
2.309,-987.8308323,-1000.883911,-0.06443765014,-1000
2.31,-989.5772148,-1002.258667,0.07480576634,-1000
2.311,-992.1176099,-996.2092285,-0.5256207585,-1000
2.312,-995.7464932,-998.7439575,-0.2797293961,-1000
2.313,-999.9012132,-994.5709229,-0.6995449662,-1000
2.314,-1004.632513,-994.0153809,-0.7659572959,-1000
2.315,-1009.318716,-995.8417358,-0.5952910185,-1000
2.316,-1013.590704,-992.588623,-0.9289188385,-1000
2.317,-1017.547636,-997.9920654,-0.4033973813,-1000
2.318,-1020.025226,-996.1364746,-0.5929723382,-1000
2.319,-1021.454469,-998.5365601,-0.3606908321,-1000
2.32,-1021.31821,-1002.069458,-0.01032790821,-1000
2.321,-1019.55474,-999.246582,-0.2884765863,-1000
2.322,-1016.932467,-1003.929321,0.1782905012,-1000
2.323,-1012.93473,-1001.27948,-0.07883498073,-1000
2.324,-1008.73637,-1001.560364,-0.04818763956,-1000
2.325,-1004.191046,-1003.941101,0.1930068135,-1000
2.326,-999.7796595,-998.8236694,-0.3108541369,-1000
2.327,-996.0987838,-1002.014893,0.005915513728,-1000
2.328,-992.7480496,-999.1970215,-0.2718418241,-1000
2.329,-990.5460665,-999.348877,-0.258262217,-1000
2.33,-988.7634312,-1002.245483,0.03009617701,-1000
2.331,-987.5569979,-997.6972046,-0.42024073,-1000
2.332,-987.0602307,-1002.414978,0.04693102092,-1000
2.333,-986.5524695,-1000.817261,-0.108010754,-1000
2.334,-986.6094207,-1001.329224,-0.05517993867,-1000
2.335,-986.5653703,-1005.179321,0.3324882686,-1000
2.336,-986.5017906,-1000.548096,-0.1202756464,-1000
2.337,-986.9537769,-1005.172241,0.3432351053,-1000
2.338,-987.6080387,-1001.953796,0.03173508868,-1000
2.339,-989.0010175,-1000.948608,-0.06487611681,-1000
2.34,-990.9209511,-1002.842834,0.126443699,-1000
2.341,-993.5263591,-996.8117676,-0.4709773064,-1000
2.342,-997.1716779,-999.3056641,-0.227964133,-1000
2.343,-1001.270117,-995.7853394,-0.5813852549,-1000
2.344,-1005.942259,-994.914856,-0.6768629551,-1000
2.345,-1010.544414,-997.1829224,-0.4602265954,-1000
2.346,-1014.690564,-993.5535889,-0.8287941217,-1000
2.347,-1018.437966,-998.7454834,-0.3224974573,-1000
2.348,-1020.731697,-997.2623291,-0.4733219147,-1000
2.349,-1021.900314,-999.1541748,-0.2896126807,-1000
2.35,-1021.551675,-1003.077759,0.1010540575,-1000
2.351,-1019.594085,-999.8403931,-0.2165270001,-1000
2.352,-1016.747159,-1004.493896,0.248504132,-1000
2.353,-1012.661414,-1002.065674,0.01466966607,-1000
2.354,-1008.286905,-1001.763123,-0.01145411469,-1000
2.355,-1003.62919,-1004.157715,0.2315313518,-1000
2.356,-999.1085807,-998.8710327,-0.288821429,-1000
2.357,-995.2365355,-1001.849915,0.006808826234,-1000
2.358,-991.8474948,-998.961853,-0.2782975137,-1000
2.359,-989.4387543,-998.9901123,-0.2775478661,-1000
2.36,-987.5640993,-1001.802917,0.001712867292,-1000
2.361,-986.3430777,-997.1957397,-0.455399096,-1000
2.362,-985.7312889,-1001.892334,0.008651831187,-1000
2.363,-985.2804883,-999.9891357,-0.177883327,-1000
2.364,-985.2947017,-1000.519897,-0.1248288751,-1000
2.365,-985.3155066,-1003.978271,0.2220483124,-1000
2.366,-985.4194195,-999.4559326,-0.2222290188,-1000
2.367,-986.0081837,-1004.101013,0.2411909103,-1000
2.368,-986.9476465,-1000.518433,-0.1088651195,-1000
2.369,-988.5814097,-1000.163879,-0.1432835758,-1000
2.37,-990.7695389,-1001.787048,0.01936108805,-1000
2.371,-993.6525259,-996.0701294,-0.5487567186,-1000
2.372,-997.4949166,-998.9309082,-0.2705385685,-1000
2.373,-1001.731166,-995.15979,-0.6497885585,-1000
2.374,-1006.42297,-994.9294434,-0.6825036407,-1000
2.375,-1010.944405,-997.045105,-0.4810786247,-1000
2.376,-1014.959039,-993.7126465,-0.8202342391,-1000
2.377,-1018.576846,-999.0944824,-0.2946253419,-1000
2.378,-1020.655821,-997.3071899,-0.4751656353,-1000
2.379,-1021.674023,-999.5189209,-0.259378165,-1000
2.38,-1021.1074,-1002.879578,0.07572535425,-1000
2.381,-1018.975191,-999.7932129,-0.227151975,-1000
2.382,-1016.054244,-1004.319092,0.2250223607,-1000
2.383,-1011.813423,-1001.546082,-0.04364048317,-1000
2.384,-1007.433403,-1001.380981,-0.05705832317,-1000
2.385,-1002.784663,-1003.605469,0.168152377,-1000
2.386,-998.3281522,-998.3000488,-0.355178684,-1000
2.387,-994.7416787,-1001.309082,-0.05767527223,-1000
2.388,-991.5379465,-998.3223267,-0.3537326455,-1000
2.389,-989.5540027,-998.3913574,-0.3501849174,-1000
2.39,-988.0726046,-1001.317993,-0.06073863059,-1000
2.391,-987.2146106,-996.7796631,-0.5119356513,-1000
2.392,-987.1189906,-1001.567993,-0.03954331204,-1000
2.393,-987.0120687,-1000.22467,-0.170739606,-1000
2.394,-987.4514885,-1000.882446,-0.1045126766,-1000
2.395,-987.7657949,-1005.02887,0.3118945658,-1000
2.396,-987.9783574,-1000.694031,-0.1115316078,-1000
2.397,-988.5736223,-1005.536743,0.374127686,-1000
2.398,-989.2310183,-1002.566162,0.08814307302,-1000
2.399,-990.4821823,-1001.733643,0.01002343837,-1000
2.4,-992.1298999,-1003.908081,0.2309345752,-1000
2.401,-994.3562073,-997.9120483,-0.3608525395,-1000
2.402,-997.5627657,-1000.394714,-0.1167618334,-1000
2.403,-1001.187224,-996.7667236,-0.4787714779,-1000
2.404,-1005.373918,-995.6646118,-0.5954492092,-1000
2.405,-1009.515742,-997.6876831,-0.4018128514,-1000
2.406,-1013.291692,-993.6269531,-0.8125104904,-1000
2.407,-1016.793003,-998.4571533,-0.3422365487,-1000
2.408,-1018.973964,-996.8106689,-0.509970665,-1000
2.409,-1020.184643,-998.3632202,-0.3610942364,-1000
2.41,-1019.998048,-1002.021729,0.001483047032,-1000
2.411,-1018.328085,-998.8111572,-0.315530628,-1000
2.412,-1015.842657,-1003.367981,0.1377740651,-1000
2.413,-1012.196337,-1000.980835,-0.09420457482,-1000
2.414,-1008.278377,-1000.861145,-0.1042119041,-1000
2.415,-1004.046865,-1003.413818,0.1527777314,-1000
2.416,-999.9195484,-998.3453369,-0.3472428024,-1000
2.417,-996.4019997,-1001.662109,-0.01887486316,-1000
2.418,-993.2757767,-999.0065308,-0.2811084986,-1000
2.419,-991.039858,-999.2456055,-0.2591879666,-1000
2.42,-989.2035987,-1002.333313,0.04807400331,-1000
2.421,-987.9111268,-997.9215698,-0.3884336948,-1000
2.422,-987.1466075,-1002.888367,0.1040891409,-1000
2.423,-986.4477739,-1001.187866,-0.06018417701,-1000
2.424,-986.1603507,-1001.632507,-0.01334432699,-1000
2.425,-985.7860501,-1005.032776,0.3299475312,-1000
2.426,-985.4205009,-1000.34314,-0.1289505363,-1000
2.427,-985.5684277,-1004.781982,0.3156200349,-1000
2.428,-986.1476749,-1001.063965,-0.04661777243,-1000
2.429,-987.4780274,-1000.37439,-0.1134473607,-1000
2.43,-989.485727,-1001.837769,0.03363931552,-1000
2.431,-992.2900115,-995.7941895,-0.567043066,-1000
2.432,-996.1480274,-998.3547974,-0.319393903,-1000
2.433,-1000.489237,-994.3660889,-0.7215551734,-1000
2.434,-1005.353562,-993.8998413,-0.7794477344,-1000
2.435,-1010.117514,-996.0397949,-0.5776526928,-1000
2.436,-1014.411571,-992.9171143,-0.8978411555,-1000
2.437,-1018.318854,-998.4834595,-0.3553723991,-1000
2.438,-1020.663297,-996.6546021,-0.5412912369,-1000
2.439,-1021.951805,-999.0720215,-0.3062400818,-1000
2.44,-1021.644948,-1002.568176,0.04151944071,-1000
2.441,-1019.682821,-999.6373901,-0.2464228272,-1000
2.442,-1016.893956,-1004.253784,0.2144913673,-1000
2.443,-1012.727762,-1001.613342,-0.04104526341,-1000
2.444,-1008.38433,-1001.64856,-0.03429685161,-1000
2.445,-1003.760841,-1004.055176,0.2096618861,-1000
2.446,-999.2769873,-998.8743286,-0.3003124595,-1000
2.447,-995.5576638,-1001.963684,0.006371736526,-1000
2.448,-992.1590388,-999.1305542,-0.2730138898,-1000
2.449,-989.9237449,-999.0814209,-0.2796661258,-1000
2.45,-988.1410517,-1002.006958,0.01105043851,-1000
2.451,-986.9598913,-997.3583374,-0.4497977197,-1000
2.452,-986.5542672,-1001.972839,0.006369158626,-1000
2.453,-986.1433395,-1000.400696,-0.1468995214,-1000
2.454,-986.3336895,-1000.751465,-0.1110212281,-1000
2.455,-986.4626445,-1004.728821,0.2882173061,-1000
2.456,-986.5754635,-1000.243225,-0.1508846283,-1000
2.457,-987.2087751,-1004.872986,0.3125779033,-1000
2.458,-988.0209169,-1001.773804,0.01240565442,-1000
2.459,-989.5389636,-1000.924927,-0.06893443316,-1000
2.46,-991.5428602,-1002.951172,0.135539934,-1000
2.461,-994.1898548,-996.9788818,-0.4557867348,-1000
2.462,-997.8394591,-999.564209,-0.2032962441,-1000
2.463,-1001.88943,-996.2168579,-0.5389029384,-1000
2.464,-1006.467112,-995.2674561,-0.6414093971,-1000
2.465,-1010.924834,-997.6606445,-0.4115556479,-1000
2.466,-1014.884465,-993.97052,-0.7852467895,-1000
2.467,-1018.446494,-999.0787964,-0.286478132,-1000
2.468,-1020.56043,-997.6828003,-0.4279201627,-1000
2.469,-1021.588157,-999.3540649,-0.2654280663,-1000
2.47,-1021.11849,-1003.191528,0.1170263961,-1000
2.471,-1019.07572,-999.8327637,-0.2124670148,-1000
2.472,-1016.167712,-1004.35376,0.239298135,-1000
2.473,-1012.09972,-1001.819275,-0.005442837253,-1000
2.474,-1007.762613,-1001.374451,-0.04628670961,-1000
2.475,-1003.173438,-1003.74054,0.1930710822,-1000
2.476,-998.7823775,-998.4614868,-0.3273531199,-1000
2.477,-995.0710942,-1001.534851,-0.02309370972,-1000
2.478,-991.8471236,-998.7410278,-0.2994063497,-1000
2.479,-989.5806106,-998.7324829,-0.3027787805,-1000
2.48,-987.838167,-1001.617737,-0.0167884063,-1000
2.481,-986.7140358,-997.1095581,-0.4643708169,-1000
2.482,-986.1870178,-1001.919739,0.01086637378,-1000
2.483,-985.7865933,-1000.126892,-0.1645788252,-1000
2.484,-985.8197762,-1000.652222,-0.1117920801,-1000
2.485,-985.8365599,-1004.227173,0.2470074892,-1000
2.486,-985.8979563,-999.765686,-0.1906868368,-1000
2.487,-986.3889253,-1004.424744,0.2747502923,-1000
2.488,-987.1992274,-1000.91449,-0.06742560863,-1000
2.489,-988.6612307,-1000.482544,-0.1087912098,-1000
2.49,-990.6902261,-1002.180847,0.06200420484,-1000
2.491,-993.4023332,-996.3314209,-0.5185767412,-1000
2.492,-997.0923806,-998.9867554,-0.2603804469,-1000
2.493,-1001.188239,-995.2484131,-0.636241138,-1000
2.494,-1005.779263,-994.8345947,-0.6871261597,-1000
2.495,-1010.246847,-996.7885132,-0.5020651221,-1000
2.496,-1014.235974,-993.2468872,-0.8626506925,-1000
2.497,-1017.882667,-998.6375122,-0.3370943964,-1000
2.498,-1020.029768,-996.8736572,-0.5162048936,-1000
2.499,-1021.180814,-998.9923706,-0.3105862439,-1000
2.5,-1020.790558,-1002.464172,0.03457868099,-1000
2.501,-1018.836312,-999.3647461,-0.2704356015,-1000
2.502,-1016.083653,-1003.959167,0.1877360493,-1000
2.503,-1012.016984,-1001.266724,-0.07359001786,-1000
2.504,-1007.790088,-1001.214417,-0.07628727704,-1000
2.505,-1003.2727,-1003.582886,0.1629884839,-1000
2.506,-998.9168687,-998.3273926,-0.3553950787,-1000
2.507,-995.396023,-1001.437439,-0.04773565009,-1000
2.508,-992.2318773,-998.6389771,-0.3247069716,-1000
2.509,-990.2290045,-998.7235107,-0.3189756274,-1000
2.51,-988.675535,-1001.760742,-0.01780545712,-1000
2.511,-987.7044101,-997.2042236,-0.4699358344,-1000
2.512,-987.4369134,-1002.051514,0.009201621637,-1000
2.513,-987.141948,-1000.712341,-0.1206125841,-1000
2.514,-987.3624187,-1001.239685,-0.06645352393,-1000
2.515,-987.4424056,-1005.380615,0.3501188755,-1000
2.516,-987.416961,-1000.877869,-0.0893945545,-1000
2.517,-987.8376447,-1005.462402,0.3708145618,-1000
2.518,-988.3854033,-1002.471069,0.08260606229,-1000
2.519,-989.5865577,-1001.471313,-0.01242739335,-1000
2.52,-991.2660564,-1003.446655,0.1880494058,-1000
2.521,-993.5878657,-997.378418,-0.4118810296,-1000
2.522,-996.9756557,-999.796814,-0.1752845794,-1000
2.523,-1000.807618,-996.2124023,-0.534132123,-1000
2.524,-1005.224326,-994.9963379,-0.6633137465,-1000
2.525,-1009.622237,-997.192688,-0.4536860883,-1000
2.526,-1013.618014,-993.3108521,-0.8474842906,-1000
2.527,-1017.307115,-998.291687,-0.3627790809,-1000
2.528,-1019.608801,-996.8011475,-0.5152496696,-1000
2.529,-1020.884467,-998.4903564,-0.3527264893,-1000
2.53,-1020.720233,-1002.318726,0.02709114924,-1000
2.531,-1019.004149,-999.1803589,-0.2821080685,-1000
2.532,-1016.431193,-1003.781128,0.1763295531,-1000
2.533,-1012.642755,-1001.427002,-0.0515207909,-1000
2.534,-1008.573206,-1001.177856,-0.07358133793,-1000
2.535,-1004.197981,-1003.806274,0.1916161776,-1000
2.536,-999.9390435,-998.6271973,-0.3186790049,-1000
2.537,-996.2816398,-1001.897339,0.005589571316,-1000
2.538,-993.0239194,-999.324707,-0.247878924,-1000
2.539,-990.6728356,-999.276123,-0.254087925,-1000
2.54,-988.7585896,-1002.39032,0.05588401854,-1000
2.541,-987.4070855,-997.9344482,-0.3849225044,-1000
2.542,-986.5864926,-1002.755615,0.09306308627,-1000
2.543,-985.8629891,-1000.876587,-0.08932852,-1000
2.544,-985.5621912,-1001.266541,-0.04857997969,-1000
2.545,-985.2215865,-1004.668823,0.2941813767,-1000
2.546,-984.9483741,-999.90802,-0.1725613028,-1000
2.547,-985.2182483,-1004.402527,0.2767054439,-1000
2.548,-985.9423466,-1000.72644,-0.08209816366,-1000
2.549,-987.4339735,-1000.013428,-0.1519465595,-1000
2.55,-989.6066422,-1001.489502,-0.004312283359,-1000
2.551,-992.5828761,-995.5306396,-0.5972195268,-1000
2.552,-996.6158519,-998.1293335,-0.34628883,-1000
2.553,-1001.073759,-994.4133301,-0.7216305137,-1000
2.554,-1006.032751,-994.0605469,-0.7680822015,-1000
2.555,-1010.846325,-996.315979,-0.5544178486,-1000
2.556,-1015.128886,-993.3441772,-0.8589661121,-1000
2.557,-1018.981234,-998.7979126,-0.3269042075,-1000
2.558,-1021.228872,-997.2056885,-0.4885307848,-1000
2.559,-1022.367895,-999.541748,-0.2605134249,-1000
2.56,-1021.873022,-1003.049316,0.08932689577,-1000
2.561,-1019.717943,-1000.0177,-0.2077361047,-1000
2.562,-1016.739575,-1004.580383,0.248567611,-1000
2.563,-1012.388578,-1001.923157,-0.007994270884,-1000
2.564,-1007.891609,-1001.772888,-0.01917480864,-1000
2.565,-1003.122951,-1004.124268,0.2195089161,-1000
2.566,-998.5309123,-998.7023926,-0.314430058,-1000
2.567,-994.7758304,-1001.669006,-0.02036389522,-1000
2.568,-991.4229252,-998.7329102,-0.3106355071,-1000
2.569,-989.2705149,-998.6167603,-0.3247846663,-1000
2.57,-987.6375964,-1001.475952,-0.0416319631,-1000
2.571,-986.6301448,-996.81427,-0.5048483014,-1000
2.572,-986.4112079,-1001.423828,-0.05026391149,-1000
2.573,-986.2313851,-1000.032959,-0.1865031719,-1000
2.574,-986.625849,-1000.48645,-0.1410881281,-1000
2.575,-986.9512178,-1004.627991,0.2740388215,-1000
2.576,-987.2285331,-1000.234375,-0.1560667753,-1000
2.577,-987.9770269,-1004.961243,0.317088753,-1000
2.578,-988.8456641,-1001.984192,0.02930615284,-1000
2.579,-990.3393928,-1001.245544,-0.04059020802,-1000
2.58,-992.2539995,-1003.355286,0.172875002,-1000
2.581,-994.7475392,-997.4900513,-0.4069378674,-1000
2.582,-998.2210162,-1000.109741,-0.1499887705,-1000
2.583,-1002.066593,-996.8101196,-0.4797314703,-1000
2.584,-1006.400264,-995.7214966,-0.5949735045,-1000
2.585,-1010.634237,-998.0568237,-0.3699978292,-1000
2.586,-1014.394688,-994.1792603,-0.7616405487,-1000
2.587,-1017.776469,-999.0444946,-0.2867585719,-1000
2.588,-1019.747739,-997.5339966,-0.4397194088,-1000
2.589,-1020.71142,-999.0515137,-0.292899698,-1000
2.59,-1020.239763,-1002.776367,0.077688694,-1000
2.591,-1018.273467,-999.355835,-0.2588118017,-1000
2.592,-1015.48576,-1003.766418,0.1809582412,-1000
2.593,-1011.566144,-1001.309753,-0.05717543513,-1000
2.594,-1007.402451,-1000.832581,-0.1022732183,-1000
2.595,-1002.999988,-1003.307922,0.1469261348,-1000
2.596,-998.7729043,-998.0872803,-0.3685222268,-1000
2.597,-995.2452609,-1001.210693,-0.06000636891,-1000
2.598,-992.1796672,-998.5249023,-0.3261640668,-1000
2.599,-990.0728312,-998.5454102,-0.3270635009,-1000
2.6,-988.4632993,-1001.626038,-0.02190992609,-1000
2.601,-987.4155202,-997.2111206,-0.4601495564,-1000
2.602,-986.9334497,-1002.1297,0.02613060176,-1000
2.603,-986.5544877,-1000.475159,-0.1350641102,-1000
2.604,-986.5838783,-1001.045654,-0.07706422359,-1000
2.605,-986.5394957,-1004.808533,0.3013149202,-1000
2.606,-986.4759061,-1000.286682,-0.1412530839,-1000
2.607,-986.823194,-1004.98468,0.3291200995,-1000
2.608,-987.455062,-1001.50531,-0.00884756539,-1000
2.609,-988.7045916,-1000.927124,-0.06365555525,-1000
2.61,-990.5183879,-1002.554077,0.1008940041,-1000
2.611,-993.0331195,-996.6005249,-0.4893530905,-1000
2.612,-996.5652242,-999.1661987,-0.2395846546,-1000
2.613,-1000.547285,-995.3096313,-0.6269090176,-1000
2.614,-1005.076535,-994.588501,-0.7084027529,-1000
2.615,-1009.552014,-996.4996948,-0.5281063914,-1000
2.616,-1013.593894,-992.9900513,-0.886071384,-1000
2.617,-1017.333368,-998.1707153,-0.3820248246,-1000
2.618,-1019.641143,-996.4192505,-0.5608298779,-1000
2.619,-1020.948405,-998.5353394,-0.3563824892,-1000
2.62,-1020.742488,-1002.093811,-0.00346463616,-1000
2.621,-1018.952492,-999.0222778,-0.3064303398,-1000
2.622,-1016.367738,-1003.674194,0.1568058729,-1000
2.623,-1012.427046,-1001.154907,-0.0877744481,-1000
2.624,-1008.277392,-1001.138794,-0.08707596362,-1000
2.625,-1003.80742,-1003.69458,0.1707802415,-1000
2.626,-999.4505578,-998.5367432,-0.3376142979,-1000
2.627,-995.8845694,-1001.749695,-0.01924564876,-1000
2.628,-992.6490298,-999.0200195,-0.288713783,-1000
2.629,-990.5361411,-999.0454712,-0.2881285846,-1000
2.63,-988.8570898,-1002.134705,0.01888569072,-1000
2.631,-987.7538966,-997.5369873,-0.4366166294,-1000
2.632,-987.3655771,-1002.279297,0.03268830106,-1000
2.633,-986.9354993,-1000.892456,-0.1014371887,-1000
2.634,-987.037389,-1001.288757,-0.06002215669,-1000
2.635,-987.0139186,-1005.371765,0.3508561552,-1000
2.636,-986.9358923,-1000.77771,-0.09780585021,-1000
2.637,-987.3157786,-1005.33606,0.3595845401,-1000
2.638,-987.8812969,-1002.263245,0.06297515333,-1000
2.639,-989.1528708,-1001.199524,-0.03887042403,-1000
2.64,-990.9496122,-1003.197449,0.1633211076,-1000
2.641,-993.4320437,-997.0637207,-0.443656832,-1000
2.642,-996.9770365,-999.3960571,-0.216295734,-1000
2.643,-1000.973136,-995.8833618,-0.5687731504,-1000
2.644,-1005.54922,-994.7380371,-0.6915389299,-1000
2.645,-1010.081378,-997.1083374,-0.4650328159,-1000
2.646,-1014.165195,-993.3898315,-0.8426667452,-1000
2.647,-1017.890064,-998.4783936,-0.3470308483,-1000
2.648,-1020.195881,-997.1032104,-0.4875923693,-1000
2.649,-1021.436654,-998.8493042,-0.3187765777,-1000
2.65,-1021.191384,-1002.739441,0.06793569028,-1000
2.651,-1019.35479,-999.512146,-0.2493149191,-1000
2.652,-1016.651655,-1004.089233,0.2074181139,-1000
2.653,-1012.747034,-1001.757202,-0.01760653965,-1000
2.654,-1008.551548,-1001.335876,-0.05622470006,-1000
2.655,-1004.070741,-1004.030823,0.2159416825,-1000
2.656,-999.7073605,-998.8452759,-0.2945513725,-1000
2.657,-995.979229,-1001.937073,0.01231888495,-1000
2.658,-992.6628238,-999.3825684,-0.2392574102,-1000
2.659,-990.2732726,-999.2206421,-0.2566848993,-1000
2.66,-988.3406641,-1002.347839,0.05447611958,-1000
2.661,-986.963708,-997.81604,-0.3940081298,-1000
2.662,-986.1703236,-1002.449097,0.06492961943,-1000
2.663,-985.5071774,-1000.662048,-0.1088770255,-1000
2.664,-985.2756144,-1000.871643,-0.08659345657,-1000
2.665,-985.0455543,-1004.414062,0.2693917751,-1000
2.666,-984.9200757,-999.6541748,-0.1977688819,-1000
2.667,-985.3170273,-1004.216125,0.2577345371,-1000
2.668,-986.141293,-1000.532959,-0.1021498516,-1000
2.669,-987.7236777,-999.8548584,-0.1688939929,-1000
2.67,-989.9517799,-1001.457458,-0.008924267255,-1000
2.671,-992.9382694,-995.5830078,-0.5934544206,-1000
2.672,-996.9441226,-998.3173218,-0.3288570046,-1000
2.673,-1001.366752,-994.6210938,-0.7018451691,-1000
2.674,-1006.275622,-994.3303223,-0.7416801453,-1000
2.675,-1011.040865,-996.5883789,-0.5272138119,-1000
2.676,-1015.257921,-993.4675903,-0.8461159468,-1000
2.677,-1019.061424,-998.9115601,-0.314783752,-1000
2.678,-1021.264475,-997.2703247,-0.4810841978,-1000
2.679,-1022.362484,-999.4939575,-0.264180243,-1000
2.68,-1021.836477,-1003.203003,0.1057122052,-1000
2.681,-1019.66698,-1000.13208,-0.1949740797,-1000
2.682,-1016.658795,-1004.682007,0.2602827549,-1000
2.683,-1012.300595,-1002.033936,0.004839637782,-1000
2.684,-1007.775747,-1001.761047,-0.01838131249,-1000
2.685,-1002.970848,-1004.111145,0.2201505601,-1000
2.686,-998.3456884,-998.6664429,-0.3160973787,-1000
2.687,-994.5735885,-1001.570923,-0.0283164829,-1000
2.688,-991.2257228,-998.7002563,-0.312241286,-1000
2.689,-989.0819963,-998.3980103,-0.3450653851,-1000
2.69,-987.4701815,-1001.362366,-0.05183381215,-1000
2.691,-986.500473,-996.7132568,-0.5140199661,-1000
2.692,-986.3500879,-1001.276245,-0.06429462135,-1000
2.693,-986.2315217,-999.958313,-0.1935353428,-1000
2.694,-986.7041689,-1000.436157,-0.145834282,-1000
2.695,-987.1035064,-1004.571533,0.2685756385,-1000
2.696,-987.4455575,-1000.253967,-0.1540378928,-1000
2.697,-988.2271913,-1004.97644,0.3187173605,-1000
2.698,-989.1159789,-1002.119873,0.04301350564,-1000
2.699,-990.6129266,-1001.269043,-0.03782975301,-1000
2.7,-992.495398,-1003.597473,0.1975513548,-1000
2.701,-994.9281246,-997.6327515,-0.391725868,-1000
2.702,-998.3180094,-1000.282166,-0.13151896,-1000
2.703,-1002.075556,-997.012207,-0.4579504728,-1000
2.704,-1006.311557,-995.8537598,-0.5797708035,-1000
2.705,-1010.444507,-998.1496582,-0.3584734201,-1000
2.706,-1014.106854,-994.067688,-0.770371139,-1000
2.707,-1017.431884,-998.9588623,-0.2931183279,-1000
2.708,-1019.371794,-997.4609985,-0.4449869692,-1000
2.709,-1020.33875,-998.8560791,-0.3105569184,-1000
2.71,-1019.915705,-1002.606506,0.06219797209,-1000
2.711,-1018.004234,-999.1333618,-0.2799034715,-1000
2.712,-1015.296334,-1003.503235,0.1553505659,-1000
2.713,-1011.478122,-1001.08197,-0.07976944,-1000
2.714,-1007.412793,-1000.637451,-0.1220574006,-1000
2.715,-1003.124888,-1003.202637,0.1357360631,-1000
2.716,-999.0084354,-997.9605713,-0.3820652068,-1000
2.717,-995.5542978,-1001.192383,-0.06296292692,-1000
2.718,-992.5381613,-998.5863647,-0.3211799562,-1000
2.719,-990.4561453,-998.6221924,-0.3204244673,-1000
2.72,-988.8486284,-1001.826721,-0.002727201907,-1000
2.721,-987.7784049,-997.4363403,-0.4381118715,-1000
2.722,-987.2475738,-1002.325989,0.04572566971,-1000
2.723,-986.790747,-1000.84906,-0.09731522948,-1000
2.724,-986.7263825,-1001.341187,-0.04640445858,-1000
2.725,-986.5561801,-1005.040039,0.3261631727,-1000
2.726,-986.3568073,-1000.454773,-0.1222833619,-1000
2.727,-986.5740721,-1005.091125,0.3422614634,-1000
2.728,-987.1116393,-1001.544312,-0.002237702021,-1000
2.729,-988.317992,-1000.809448,-0.07263540477,-1000
2.73,-990.1276762,-1002.481812,0.09621981531,-1000
2.731,-992.6537181,-996.4211426,-0.5048834682,-1000
2.732,-996.2305047,-998.9075928,-0.2633961439,-1000
2.733,-1000.29121,-994.9661865,-0.6597216129,-1000
2.734,-1004.915912,-994.2797241,-0.7384354472,-1000
2.735,-1009.4852,-996.2071533,-0.5571330786,-1000
2.736,-1013.630196,-992.7753296,-0.9079011679,-1000
2.737,-1017.489807,-998.0267944,-0.3972040117,-1000
2.738,-1019.877759,-996.3383179,-0.5699980855,-1000
2.739,-1021.256235,-998.5079346,-0.3603597581,-1000
2.74,-1021.095504,-1002.097778,-0.004359525163,-1000
2.741,-1019.299162,-999.1539307,-0.2945487499,-1000
2.742,-1016.694415,-1003.903259,0.1786919832,-1000
2.743,-1012.715889,-1001.381714,-0.06565603614,-1000
2.744,-1008.543621,-1001.377991,-0.06326491386,-1000
2.745,-1004.050086,-1003.962646,0.1979566514,-1000
2.746,-999.6599843,-998.7474365,-0.3156390786,-1000
2.747,-996.0579314,-1001.828369,-0.01005092543,-1000
2.748,-992.7490587,-999.241272,-0.2651039064,-1000
2.749,-990.5651362,-999.1270142,-0.2780471444,-1000
2.75,-988.8248613,-1002.310608,0.03856626898,-1000
2.751,-987.6514639,-997.7284546,-0.4150278568,-1000
2.752,-987.1785148,-1002.366821,0.04426573217,-1000
2.753,-986.6831258,-1001.011169,-0.08656581491,-1000
2.754,-986.7181137,-1001.21759,-0.06390138716,-1000
2.755,-986.6302189,-1005.303589,0.3471336365,-1000
2.756,-986.4976752,-1000.708496,-0.1017684489,-1000
2.757,-986.8861395,-1005.117798,0.3405787349,-1000
2.758,-987.4984677,-1002.029907,0.04202525318,-1000
2.759,-988.8428846,-1000.857117,-0.07119397819,-1000
2.76,-990.7478904,-1002.911377,0.1359462738,-1000
2.761,-993.3508254,-996.7729492,-0.4720737636,-1000
2.762,-997.0270741,-999.142334,-0.2415893674,-1000
2.763,-1001.158447,-995.7202148,-0.5855166316,-1000
2.764,-1005.841914,-994.4976196,-0.7163357139,-1000
2.765,-1010.465671,-997.085144,-0.4685880244,-1000
2.766,-1014.622233,-993.5946655,-0.8234655857,-1000
2.767,-1018.371077,-998.6082764,-0.3349151611,-1000
2.768,-1020.662827,-997.3644409,-0.4620821476,-1000
2.769,-1021.833511,-999.0031128,-0.303486079,-1000
2.77,-1021.485621,-1003.01178,0.0953868404,-1000
2.771,-1019.536154,-999.7677612,-0.2229914665,-1000
2.772,-1016.68537,-1004.308411,0.2306089997,-1000
2.773,-1012.618997,-1002.047729,0.01315769833,-1000
2.774,-1008.272459,-1001.572876,-0.03023218922,-1000
2.775,-1003.675359,-1004.207336,0.2363596112,-1000
2.776,-999.1989075,-998.7858276,-0.2973766029,-1000
2.777,-995.3721452,-1001.777039,-0.0006838414702,-1000
2.778,-992.0147899,-999.1827393,-0.2565596998,-1000
2.779,-989.6282045,-998.9424438,-0.2822237611,-1000
2.78,-987.7462841,-1001.96991,0.01840770617,-1000
2.781,-986.483312,-997.2888794,-0.4457555115,-1000
2.782,-985.8099609,-1001.933655,0.01329980511,-1000
2.783,-985.3070247,-1000.204346,-0.15576379,-1000
2.784,-985.2582442,-1000.531494,-0.1226402521,-1000
2.785,-985.2200464,-1004.142395,0.239512831,-1000
2.786,-985.2417562,-999.5167236,-0.2147695273,-1000
2.787,-985.7915273,-1004.067078,0.2392993271,-1000
2.788,-986.7232113,-1000.560059,-0.1032684222,-1000
2.789,-988.3711962,-1000.021118,-0.1560423374,-1000
2.79,-990.6063968,-1001.737427,0.01563074812,-1000
2.791,-993.5410449,-995.916687,-0.5629683733,-1000
2.792,-997.4587953,-998.6585693,-0.296946764,-1000
2.793,-1001.76956,-995.1332397,-0.6521626115,-1000
2.794,-1006.53098,-994.7567139,-0.6995487213,-1000
2.795,-1011.142131,-996.9854736,-0.4871593118,-1000
2.796,-1015.193562,-993.7028809,-0.8214476705,-1000
2.797,-1018.841326,-999.038208,-0.3005091548,-1000
2.798,-1020.906949,-997.4563599,-0.4606175721,-1000
2.799,-1021.895138,-999.4697266,-0.2643681765,-1000
2.8,-1021.321037,-1003.17688,0.1052866057,-1000
2.801,-1019.126781,-999.9192505,-0.2141225785,-1000
2.802,-1016.161685,-1004.397827,0.2335736006,-1000
2.803,-1011.870059,-1001.755249,-0.021888569,-1000
2.804,-1007.42455,-1001.398804,-0.05402259529,-1000
2.805,-1002.729613,-1003.855957,0.1944903433,-1000
2.806,-998.2270761,-998.4297485,-0.340418607,-1000
2.807,-994.5888691,-1001.320679,-0.05446608365,-1000
2.808,-991.348489,-998.5619507,-0.3276975155,-1000
2.809,-989.3089352,-998.3400269,-0.3527660072,-1000
2.81,-987.8043977,-1001.352173,-0.05487135798,-1000
2.811,-986.9281141,-996.7119751,-0.5161867738,-1000
2.812,-986.8514996,-1001.316711,-0.06228919327,-1000
2.813,-986.7855213,-1000.105103,-0.1808166653,-1000
2.814,-987.2893295,-1000.579834,-0.1331333071,-1000
2.815,-987.6926302,-1004.892944,0.2993374169,-1000
2.816,-988.0080895,-1000.599304,-0.1202407256,-1000
2.817,-988.7137792,-1005.314331,0.3524605632,-1000
2.818,-989.4709007,-1002.604553,0.09211143851,-1000
2.819,-990.798054,-1001.725586,0.009423812851,-1000
2.82,-992.5025429,-1004.032104,0.2435268462,-1000
2.821,-994.7293278,-998.0397339,-0.3476460278,-1000
2.822,-997.9259018,-1000.441772,-0.1113626808,-1000
2.823,-1001.511608,-997.1159668,-0.4430597126,-1000
2.824,-1005.626163,-995.8108521,-0.5793392658,-1000
2.825,-1009.684785,-997.9123535,-0.3775673807,-1000
2.826,-1013.330916,-993.7451782,-0.7984602451,-1000
2.827,-1016.703525,-998.4829102,-0.3371966481,-1000
2.828,-1018.775353,-996.9937134,-0.4891505241,-1000
2.829,-1019.894106,-998.3469849,-0.3598359227,-1000
2.83,-1019.667048,-1002.111084,0.01326794922,-1000
2.831,-1017.963688,-998.7880859,-0.31480968,-1000
2.832,-1015.484822,-1003.192017,0.1231595576,-1000
2.833,-1011.860093,-1000.9104,-0.098618038,-1000
2.834,-1007.977779,-1000.470703,-0.1407669634,-1000
2.835,-1003.824256,-1003.219666,0.1350706965,-1000
2.836,-999.7831264,-998.1074219,-0.3697143495,-1000
2.837,-996.3828374,-1001.431824,-0.04105932266,-1000
2.838,-993.3753174,-998.9750366,-0.2838743925,-1000
2.839,-991.2531257,-999.008667,-0.2825612724,-1000
2.84,-989.5382701,-1002.409668,0.05555616692,-1000
2.841,-988.3193847,-998.053772,-0.3752140999,-1000
2.842,-987.5833357,-1002.989014,0.11441762,-1000
2.843,-986.8895818,-1001.424561,-0.0360496603,-1000
2.844,-986.5456366,-1001.751038,-0.0005528394249,-1000
2.845,-986.102152,-1005.407166,0.3685620427,-1000
2.846,-985.6359265,-1000.653625,-0.09597764164,-1000
2.847,-985.6657242,-1005.036133,0.3435803354,-1000
2.848,-986.1022893,-1001.452148,-0.004745835904,-1000
2.849,-987.3203409,-1000.484619,-0.09859447181,-1000
2.85,-989.2370798,-1002.008667,0.0547795482,-1000
2.851,-991.9688465,-995.7834473,-0.5637251139,-1000
2.852,-995.8018397,-998.1711426,-0.3333886564,-1000
2.853,-1000.147517,-994.2919922,-0.7249614,-1000
2.854,-1005.035492,-993.5759888,-0.8079777956,-1000
2.855,-1009.858717,-995.7967529,-0.5987493992,-1000
2.856,-1014.221416,-992.6685791,-0.9199732542,-1000
2.857,-1018.201139,-998.2312012,-0.3783738911,-1000
2.858,-1020.618479,-996.6609497,-0.538936615,-1000
2.859,-1021.924602,-998.7781372,-0.3338959813,-1000
2.86,-1021.615883,-1002.571533,0.04299988598,-1000
2.861,-1019.630763,-999.5288086,-0.2561295331,-1000
2.862,-1016.80557,-1004.081177,0.198164925,-1000
2.863,-1012.608544,-1001.67804,-0.03398644924,-1000
2.864,-1008.240646,-1001.510681,-0.0473662056,-1000
2.865,-1003.602849,-1004.096863,0.2142733186,-1000
2.866,-999.1354118,-998.6893921,-0.3182800114,-1000
2.867,-995.4647193,-1001.690735,-0.02076696232,-1000
2.868,-992.135938,-999.0740356,-0.2790554166,-1000
2.869,-989.9537801,-998.8629761,-0.3020133078,-1000
2.87,-988.2640418,-1001.958374,0.005252447445,-1000
2.871,-987.1643244,-997.355896,-0.4510785937,-1000
2.872,-986.7961971,-1001.906067,-0.001349723432,-1000
2.873,-986.44919,-1000.603943,-0.1277499944,-1000
2.874,-986.6483349,-1000.89624,-0.09731236845,-1000
2.875,-986.741966,-1005.025757,0.3174317777,-1000
2.876,-986.7562711,-1000.443115,-0.1307808757,-1000
2.877,-987.2708999,-1004.996643,0.3254581392,-1000
2.878,-987.9774097,-1002.075684,0.04335547984,-1000
2.879,-989.3740124,-1000.877075,-0.07235398889,-1000
2.88,-991.2893,-1003.048462,0.1465388387,-1000
2.881,-993.8316484,-997.0463867,-0.4475717545,-1000
2.882,-997.4268739,-999.4459839,-0.2135192603,-1000
2.883,-1001.474214,-996.116394,-0.5475862622,-1000
2.884,-1006.06191,-994.9658813,-0.6704047918,-1000
2.885,-1010.573846,-997.454895,-0.4315716326,-1000
2.886,-1014.597181,-993.6773682,-0.8144145608,-1000
2.887,-1018.265006,-998.7011719,-0.3246794343,-1000
2.888,-1020.481806,-997.4884033,-0.4485539496,-1000
2.889,-1021.607168,-998.9884644,-0.3035710156,-1000
2.89,-1021.23457,-1003.057251,0.101284571,-1000
2.891,-1019.265695,-999.8103638,-0.2172896564,-1000
2.892,-1016.44259,-1004.245728,0.2258674502,-1000
2.893,-1012.376073,-1001.931763,0.002962413244,-1000
2.894,-1008.037413,-1001.39032,-0.0473183468,-1000
2.895,-1003.453276,-1003.942261,0.2106563896,-1000
2.896,-999.0129634,-998.7086792,-0.3048172593,-1000
2.897,-995.2560135,-1001.568665,-0.02140134946,-1000
2.898,-991.9623193,-999.0797119,-0.2671592832,-1000
2.899,-989.659487,-998.7764893,-0.2993221283,-1000
2.9,-987.8876231,-1001.863464,0.006928366143,-1000
2.901,-986.7252806,-997.2281494,-0.4528762102,-1000
2.902,-986.1601569,-1001.945068,0.01327198744,-1000
2.903,-985.727267,-1000.30835,-0.1465097517,-1000
2.904,-985.7337069,-1000.688721,-0.1078559384,-1000
2.905,-985.7272904,-1004.362183,0.2608677149,-1000
2.906,-985.7622288,-999.7546387,-0.1911623329,-1000
2.907,-986.2562081,-1004.31897,0.2647800446,-1000
2.908,-987.0928619,-1000.946899,-0.0637890473,-1000
2.909,-988.5936244,-1000.301392,-0.1264460236,-1000
2.91,-990.6666387,-1002.137207,0.05773830041,-1000
2.911,-993.4365048,-996.1968384,-0.5320241451,-1000
2.912,-997.195001,-998.8203735,-0.277276963,-1000
2.913,-1001.374164,-995.2360229,-0.6380712986,-1000
2.914,-1006.045499,-994.6766357,-0.703537941,-1000
2.915,-1010.59293,-996.9533081,-0.4865174592,-1000
2.916,-1014.640552,-993.5032959,-0.8376120329,-1000
2.917,-1018.315961,-998.7468872,-0.3262463212,-1000
2.918,-1020.477832,-997.1130371,-0.4921375811,-1000
2.919,-1021.565787,-999.1292114,-0.2962940633,-1000
2.92,-1021.127799,-1002.763489,0.06539209932,-1000
2.921,-1019.055578,-999.5551758,-0.2499122322,-1000
2.922,-1016.195538,-1004.150818,0.2087623477,-1000
2.923,-1012.013543,-1001.652649,-0.03275292739,-1000
2.924,-1007.652649,-1001.304199,-0.06429259479,-1000
2.925,-1003.019304,-1003.823853,0.1902811378,-1000
2.926,-998.5348381,-998.3943481,-0.3450216055,-1000
2.927,-994.9134941,-1001.414673,-0.04620042443,-1000
2.928,-991.6821419,-998.7061768,-0.3142206967,-1000
2.929,-989.6398554,-998.420105,-0.3454155326,-1000
2.93,-988.1126325,-1001.524597,-0.03812608868,-1000
2.931,-987.1876354,-996.9395752,-0.4935790896,-1000
2.932,-987.0318175,-1001.620789,-0.03157859668,-1000
2.933,-986.8644344,-1000.443115,-0.1461043507,-1000
2.934,-987.2385893,-1000.816711,-0.1078585014,-1000
2.935,-987.4936567,-1005.096069,0.3217107058,-1000
2.936,-987.6263664,-1000.672668,-0.1104372367,-1000
2.937,-988.199092,-1005.304504,0.3540917039,-1000
2.938,-988.8606788,-1002.539551,0.08820535243,-1000
2.939,-990.1472127,-1001.419128,-0.01875777915,-1000
2.94,-991.8556572,-1003.625244,0.2046920508,-1000
2.941,-994.1748733,-997.5641479,-0.3941670954,-1000
2.942,-997.5050461,-1000.04541,-0.1509125829,-1000
2.943,-1001.266976,-996.647644,-0.4905983806,-1000
2.944,-1005.580568,-995.2861938,-0.6334481239,-1000
2.945,-1009.856909,-997.578064,-0.4136886895,-1000
2.946,-1013.716859,-993.6245117,-0.8138878345,-1000
2.947,-1017.260442,-998.4393921,-0.345150739,-1000
2.948,-1019.430935,-997.1251831,-0.4796928465,-1000
2.949,-1020.590807,-998.5009155,-0.3478692472,-1000
2.95,-1020.350976,-1002.450989,0.04413991421,-1000
2.951,-1018.574067,-999.1315918,-0.2828978002,-1000
2.952,-1015.987796,-1003.559387,0.1581449211,-1000
2.953,-1012.224389,-1001.291687,-0.06150633097,-1000
2.954,-1008.185147,-1000.810669,-0.1070247665,-1000
2.955,-1003.896885,-1003.621887,0.1757183969,-1000
2.956,-999.7111046,-998.3967285,-0.3395537138,-1000
2.957,-996.155389,-1001.574768,-0.02495628968,-1000
2.958,-993.0240623,-999.2410889,-0.2551746666,-1000
2.959,-990.8009826,-999.1491089,-0.2658904791,-1000
2.96,-989.0064412,-1002.302856,0.04778248444,-1000
2.961,-987.7389582,-997.9035034,-0.3875471056,-1000
2.962,-986.9902797,-1002.705261,0.08843567967,-1000
2.963,-986.3019306,-1001.161499,-0.06053002179,-1000
2.964,-986.0120424,-1001.338135,-0.04054344445,-1000
2.965,-985.61741,-1005.077087,0.3360280991,-1000
2.966,-985.2276359,-1000.24884,-0.1366424561,-1000
2.967,-985.375768,-1004.658386,0.3048098385,-1000
2.968,-985.9657868,-1001.08075,-0.04363707826,-1000
2.969,-987.3444614,-1000.109985,-0.1385519952,-1000
2.97,-989.408874,-1001.770386,0.02770802006,-1000
2.971,-992.2807151,-995.6148682,-0.5843029618,-1000
2.972,-996.2347152,-998.046875,-0.3498725593,-1000
2.973,-1000.682573,-994.263916,-0.7320746779,-1000
2.974,-1005.642148,-993.6401978,-0.8059186935,-1000
2.975,-1010.50568,-996.0315552,-0.5795025229,-1000
2.976,-1014.847665,-992.9950562,-0.8910893798,-1000
2.977,-1018.759688,-998.6010742,-0.3444974422,-1000
2.978,-1021.084385,-997.0999146,-0.4974112511,-1000
2.979,-1022.278195,-999.1807251,-0.295130372,-1000
2.98,-1021.863219,-1002.952026,0.08036121726,-1000
2.981,-1019.737568,-999.8272095,-0.2262164354,-1000
2.982,-1016.787422,-1004.323608,0.2230778784,-1000
2.983,-1012.476612,-1001.914856,-0.009150147438,-1000
2.984,-1008.016223,-1001.581421,-0.03866393492,-1000
2.985,-1003.325262,-1004.153259,0.2216827571,-1000
2.986,-998.797096,-998.7374878,-0.3115878999,-1000
2.987,-995.0780077,-1001.683716,-0.01949011162,-1000
2.988,-991.7372858,-999.0343628,-0.2810579836,-1000
2.989,-989.5500785,-998.7439575,-0.312029779,-1000
2.99,-987.8802914,-1001.826721,-0.006265497301,-1000
2.991,-986.8018167,-997.1513062,-0.4701535702,-1000
2.992,-986.503193,-1001.666565,-0.0243250709,-1000
2.993,-986.2142732,-1000.37384,-0.1502643973,-1000
2.994,-986.5012906,-1000.538513,-0.1330494285,-1000
2.995,-986.7391284,-1004.825012,0.2966775,-1000
2.996,-986.9221118,-1000.232422,-0.1529315114,-1000
2.997,-987.6033057,-1004.789551,0.3032462299,-1000
2.998,-988.4324034,-1002.042542,0.03812440112,-1000
2.999,-989.937315,-1000.883118,-0.07373290509,-1000
3,-991.9026674,-1003.244995,0.1642210782,-1000
3.001,-994.4756279,-997.2824097,-0.4255474806,-1000
3.002,-998.0301254,-999.7302856,-0.1861950606,-1000
3.003,-1001.966743,-996.5453491,-0.5052281618,-1000
3.004,-1006.384938,-995.3388062,-0.6327917576,-1000
3.005,-1010.730979,-997.8951416,-0.3864805698,-1000
3.006,-1014.561653,-994.0750732,-0.7726971507,-1000
3.007,-1018.031374,-998.8554688,-0.3065074384,-1000
3.008,-1020.077545,-997.5994873,-0.4343946278,-1000
3.009,-1021.074561,-999.0385742,-0.2952869534,-1000
3.01,-1020.623538,-1002.96051,0.0949838087,-1000
3.011,-1018.626251,-999.5457153,-0.2405746728,-1000
3.012,-1015.688339,-1003.843994,0.1883446425,-1000
3.013,-1011.648046,-1001.53302,-0.03506478295,-1000
3.014,-1007.173663,-1000.842346,0,-1000
3.015,-1002.378246,-1003.490845,0,-1000
3.016,-997.6507703,-998.064209,0,-1000
3.017,-993.2856501,-1000.839966,0,-1000
3.018,-989.4314597,-998.0974121,0,-1000
3.019,-986.2366963,-997.5880737,0,-1000
3.02,-983.5817562,-1000.192688,0,-1000
3.021,-981.5360888,-995.1383667,0,-1000
3.022,-979.869916,-999.5505981,0,-1000
3.023,-978.7934821,-996.5817261,0,-1000
3.024,-977.9157729,-996.6580811,0,-1000
3.025,-977.5241886,-998.8779297,0,-1000
3.026,-977.2995235,-993.8782349,0,-1000
3.027,-977.1560755,-998.1455688,0,-1000
3.028,-977.8904465,-993.4447021,0,-1000
3.029,-978.4204502,-993.4197388,0,-1000
3.03,-979.8235571,-993.4459229,0,-1000
3.031,-981.368823,-988.2479248,0,-1000
3.032,-983.0553574,-990.7315063,0,-1000
3.033,-985.5609134,-985.072998,0,-1000
3.034,-987.3105298,-985.9112549,0,-1000
3.035,-989.6911877,-983.8255615,0,-1000
3.036,-990.9777315,-980.6304321,0,-1000
3.037,-991.8241741,-983.624939,0,-1000
3.038,-992.2231522,-978.1381836,0,-1000
3.039,-990.7541704,-981.2104492,0,-1000
3.04,-989.4118835,-978.1584473,0,-1000
3.041,-985.9254026,-977.3015137,0,-1000
3.042,-982.3430155,-978.7808838,0,-1000
3.043,-978.1233172,-972.8814087,0,-1000
3.044,-972.9176916,-975.2842407,0,-1000
3.045,-968.6749086,-969.8536377,0,-1000
3.046,-963.117608,-970.6117554,0,-1000
3.047,-959.3109806,-968.7373047,0,-1000
3.048,-955.1212092,-964.5408936,0,-1000
3.049,-951.831487,-967.2991333,0,-1000
3.05,-949.5491791,-961.8220215,0,-1000
3.051,-946.7015424,-965.5496826,0,-1000
3.052,-945.9159953,-962.1271362,0,-1000
3.053,-944.0114167,-962.3623047,0,-1000
3.054,-943.6426644,-963.2344971,0,-1000
3.055,-942.9145921,-959.9365845,0,-1000
3.056,-942.419724,-964.2632446,0,-1000
3.057,-942.825681,-958.6729736,0,-1000
3.058,-942.1881943,-962.210022,0,-1000
3.059,-943.4945354,-958.5908813,0,-1000
3.06,-943.6283516,-957.991333,0,-1000
3.061,-945.3128079,-958.1568604,0,-1000
3.062,-946.6571113,-953.4324341,0,-1000
3.063,-948.2197046,-955.8115845,0,-1000
3.064,-950.9545991,-949.8265991,0,-1000
3.065,-952.6253652,-952.2267456,0,-1000
3.066,-955.6232404,-947.7243042,0,-1000
3.067,-956.6471262,-948.3218994,0,-1000
3.068,-958.4280262,-948.3557739,0,-1000
3.069,-958.7795509,-944.859314,0,-1000
3.07,-958.3863037,-947.9696655,0,-1000
3.071,-957.3121547,-942.9500122,0,-1000
3.072,-954.4081892,-947.2232666,0,-1000
3.073,-951.8528223,-942.6410522,0,-1000
3.074,-947.3859445,-943.3286743,0,-1000
3.075,-943.6408103,-940.9978027,0,-1000
3.076,-938.7147821,-938.6321411,0,-1000
3.077,-934.4846527,-939.885437,0,-1000
3.078,-930.1877101,-934.2857056,0,-1000
3.079,-926.0825596,-937.0458984,0,-1000
3.08,-922.9439371,-931.3649902,0,-1000
3.081,-919.6341071,-934.6203613,0,-1000
3.082,-917.673152,-930.8695068,0,-1000
3.083,-915.2629537,-931.8162842,0,-1000
3.084,-913.7964229,-931.6566772,0,-1000
3.085,-912.2788571,-929.1879272,0,-1000
3.086,-911.3346192,-931.7719727,0,-1000
3.087,-910.5912146,-927.2550659,0,-1000
3.088,-909.8969329,-931.819458,0,-1000
3.089,-909.4867629,-926.0163574,0,-1000
3.09,-909.2459256,-929.6365356,0,-1000
3.091,-909.6030997,-924.9525146,0,-1000
3.092,-909.9614899,-925.8223267,0,-1000
3.093,-910.7469794,-923.5210571,0,-1000
3.094,-911.8571308,-921.5040283,0,-1000
3.095,-913.2415395,-921.5162964,0,-1000
3.096,-914.9260299,-916.4171753,0,-1000
3.097,-916.801878,-918.6434937,0,-1000
3.098,-918.7201374,-912.4884033,0,-1000
3.099,-920.4051501,-916.237915,0,-1000
3.1,-921.407476,-910.6793823,0,-1000
3.101,-922.1970238,-913.1349487,0,-1000
3.102,-921.9456135,-909.6982422,0,-1000
3.103,-921.2484797,-910.9266357,0,-1000
3.104,-919.0283764,-909.3253784,0,-1000
3.105,-916.5074663,-907.968811,0,-1000
3.106,-912.9088065,-908.9944458,0,-1000
3.107,-908.9705385,-904.1931763,0,-1000
3.108,-904.6285157,-905.8848267,0,-1000
3.109,-900.1883525,-900.1954346,0,-1000
3.11,-895.9651709,-903.6315308,0,-1000
3.111,-891.4072603,-897.1109619,0,-1000
3.112,-888.1573511,-899.298584,0,-1000
3.113,-884.4024836,-894.3101807,0,-1000
3.114,-882.2258979,-896.7639771,0,-1000
3.115,-879.3530248,-893.5239258,0,-1000
3.116,-878.129368,-894.1427002,0,-1000
3.117,-875.9522495,-893.3170776,0,-1000
3.118,-875.3203417,-891.9366455,0,-1000
3.119,-874.1179387,-893.0720215,0,-1000
3.12,-873.8613302,-890.34375,0,-1000
3.121,-873.1873123,-893.2865601,0,-1000
3.122,-872.9672259,-888.5646362,0,-1000
3.123,-873.0447822,-892.6725464,0,-1000
3.124,-872.9871786,-887.0267944,0,-1000
3.125,-873.7990514,-890.2893066,0,-1000
3.126,-874.0317176,-884.385376,0,-1000
3.127,-875.6570333,-888.1799316,0,-1000
3.128,-876.1887074,-881.8762207,0,-1000
3.129,-878.5353963,-883.9094849,0,-1000
3.13,-879.5764793,-879.5471191,0,-1000
3.131,-882.3655236,-880.8058472,0,-1000
3.132,-883.4287455,-877.0372314,0,-1000
3.133,-885.8371433,-877.9688721,0,-1000
3.134,-886.1441978,-876.5012817,0,-1000
3.135,-887.3663102,-875.4897461,0,-1000
3.136,-886.6613237,-875.7091675,0,-1000
3.137,-886.2379682,-874.0490112,0,-1000
3.138,-883.8174828,-875.1310425,0,-1000
3.139,-881.5229016,-872.1488037,0,-1000
3.14,-877.970662,-874.3343506,0,-1000
3.141,-874.351198,-869.0946655,0,-1000
3.142,-870.220353,-870.8483276,0,-1000
3.143,-866.1706102,-865.651062,0,-1000
3.144,-862.2209386,-868.8013306,0,-1000
3.145,-858.2160683,-862.562439,0,-1000
3.146,-854.9094393,-865.4362793,0,-1000
3.147,-851.606722,-859.5922241,0,-1000
3.148,-849.2876676,-863.3670044,0,-1000
3.149,-846.6798887,-857.9736938,0,-1000
3.15,-845.1570296,-862.223938,0,-1000
3.151,-843.1347047,-856.6324463,0,-1000
3.152,-842.142997,-860.770813,0,-1000
3.153,-840.701504,-856.010437,0,-1000
3.154,-840.3465774,-859.8265381,0,-1000
3.155,-839.152253,-855.0343628,0,-1000
3.156,-838.9530698,-858.9702148,0,-1000
3.157,-838.2935738,-854.0528564,0,-1000
3.158,-838.4772934,-857.0009766,0,-1000
3.159,-838.0540601,-852.4490967,0,-1000
3.16,-838.6371533,-854.3756104,0,-1000
3.161,-838.7553065,-849.6555176,0,-1000
3.162,-839.6417908,-851.880249,0,-1000
3.163,-840.3030599,-846.8203125,0,-1000
3.164,-841.6716877,-847.7663574,0,-1000
3.165,-842.7425714,-843.8260498,0,-1000
3.166,-844.4569099,-844.750061,0,-1000
3.167,-845.814514,-840.3079224,0,-1000
3.168,-847.1745571,-842.1765747,0,-1000
3.169,-847.9242233,-838.6824951,0,-1000
3.17,-848.3361187,-839.8012695,0,-1000
3.171,-848.085436,-836.8796387,0,-1000
3.172,-847.2829361,-838.4752808,0,-1000
3.173,-845.6514111,-835.0064087,0,-1000
3.174,-843.1474682,-837.0356445,0,-1000
3.175,-840.2741326,-833.7119141,0,-1000
3.176,-836.6487933,-834.270752,0,-1000
3.177,-832.9896309,-830.2650757,0,-1000
3.178,-828.9422513,-831.2518311,0,-1000
3.179,-825.2713465,-827.0473022,0,-1000
3.18,-821.1681169,-828.7169189,0,-1000
3.181,-817.9766561,-824.0617065,0,-1000
3.182,-814.477231,-824.954895,0,-1000
3.183,-812.0665783,-820.9222412,0,-1000
3.184,-809.3494148,-823.4974976,0,-1000
3.185,-807.726162,-819.0490723,0,-1000
3.186,-805.526275,-822.348999,0,-1000
3.187,-804.5365453,-817.6153564,0,-1000
3.188,-802.9142611,-821.0788574,0,-1000
3.189,-802.4882674,-816.5482178,0,-1000
3.19,-801.3495318,-820.5154419,0,-1000
3.191,-801.1071315,-815.43927,0,-1000
3.192,-800.1852286,-820.0018921,0,-1000
3.193,-800.2695113,-814.2766113,0,-1000
3.194,-799.7566213,-818.6682129,0,-1000
3.195,-799.9732334,-812.9884644,0,-1000
3.196,-799.7729773,-816.1594849,0,-1000
3.197,-800.2719928,-810.4475098,0,-1000
3.198,-800.6743534,-813.8966675,0,-1000
3.199,-801.4859671,-807.9240112,0,-1000
3.2,-802.5918121,-810.258606,0,-1000
3.201,-803.708774,-805.0680542,0,-1000
3.202,-805.3237783,-806.8984985,0,-1000
3.203,-806.5637879,-802.8513184,0,-1000
3.204,-808.4894584,-803.7897949,0,-1000
3.205,-809.2890587,-801.2833862,0,-1000
3.206,-810.7398839,-802.0516968,0,-1000
3.207,-810.4381645,-800.2120972,0,-1000
3.208,-811.008815,-799.7686768,0,-1000
3.209,-809.4297547,-800.0186768,0,-1000
3.21,-808.6657402,-797.7318115,0,-1000
3.211,-805.70229,-799.4237061,0,-1000
3.212,-803.6752705,-796.0927734,0,-1000
3.213,-799.6808374,-797.5210571,0,-1000
3.214,-796.9899892,-792.7531738,0,-1000
3.215,-792.7190279,-794.9897461,0,-1000
3.216,-789.7323166,-789.3960571,0,-1000
3.217,-785.7648331,-793.0350342,0,-1000
3.218,-782.7871476,-786.6831055,0,-1000
3.219,-779.627568,-789.7249756,0,-1000
3.22,-776.967394,-784.2459106,0,-1000
3.221,-774.7336061,-787.126709,0,-1000
3.222,-772.4081708,-783.3534546,0,-1000
3.223,-770.8030288,-785.2467651,0,-1000
3.224,-768.7348229,-782.6038818,0,-1000
3.225,-767.9097077,-783.1859741,0,-1000
3.226,-766.0825288,-782.4992065,0,-1000
3.227,-765.7184694,-780.897522,0,-1000
3.228,-764.1610347,-782.5936279,0,-1000
3.229,-763.8926411,-778.7838745,0,-1000
3.23,-762.8044733,-782.3182373,0,-1000
3.231,-762.7169419,-776.8279419,0,-1000
3.232,-762.1483595,-780.8933105,0,-1000
3.233,-762.0535587,-775.2495728,0,-1000
3.234,-761.8157328,-778.1123657,0,-1000
3.235,-761.9162018,-772.9512939,0,-1000
3.236,-762.2613444,-774.9491577,0,-1000
3.237,-762.5961002,-771.242981,0,-1000
3.238,-763.5890705,-770.7521973,0,-1000
3.239,-764.1555411,-768.9915161,0,-1000
3.24,-765.4772191,-766.5176392,0,-1000
3.241,-766.2636002,-767.3002319,0,-1000
3.242,-767.7402564,-762.326416,0,-1000
3.243,-768.6645721,-765.7088013,0,-1000
3.244,-769.6135364,-760.2305298,0,-1000
3.245,-770.0241948,-763.9862671,0,-1000
3.246,-770.016653,-758.9160767,0,-1000
3.247,-769.4684845,-761.4292603,0,-1000
3.248,-768.3615892,-758.3907471,0,-1000
3.249,-766.7297045,-759.0231934,0,-1000
3.25,-764.4778415,-758.2191772,0,-1000
3.251,-761.6572635,-756.2634277,0,-1000
3.252,-758.523567,-756.7490845,0,-1000
3.253,-755.1649216,-752.0501099,0,-1000
3.254,-751.7662877,-754.328125,0,-1000
3.255,-748.2184274,-748.6324463,0,-1000
3.256,-744.8769222,-752.0162354,0,-1000
3.257,-741.6685768,-746.4136963,0,-1000
3.258,-738.6073797,-747.8302612,0,-1000
3.259,-736.1470795,-744.5734863,0,-1000
3.26,-733.5088448,-743.5515747,0,-1000
3.261,-731.7565457,-744.5444946,0,-1000
3.262,-729.4716762,-740.6596069,0,-1000
3.263,-728.1612164,-744.1280518,0,-1000
3.264,-726.6459479,-738.5185547,0,-1000
3.265,-725.6686207,-742.605957,0,-1000
3.266,-724.8319428,-737.9985352,0,-1000
3.267,-723.7168038,-740.3196411,0,-1000
3.268,-723.4268098,-738.8971558,0,-1000
3.269,-722.3825313,-737.7574463,0,-1000
3.27,-722.497428,-739.602356,0,-1000
