mcu_time_s,corrected_encoder_travel_deg,iq_target_A
0,0,0.3305442035
0.001,0,0.2753353715
0.002,0.00564060184,0.1783117503
0.003,0.0214343943,0.09558146447
0.004,0.03823452858,0.01750055328
0.005,0.05796195641,-0.02820789069
0.006,0.07561623163,-0.04177167639
0.007,0.09397200882,-0.03152833134
0.008,0.1065040658,-0.009687606245
0.009,0.1178165433,0.0004873946309
0.01,0.1265677609,0.009558459744
0.011,0.1344652428,0.01577009074
0.012,0.1380633365,0.01038398407
0.013,0.1413260217,0.01549822465
0.014,0.1416614383,0.01939212717
0.015,0.141996855,0.02119323052
0.016,0.141996855,0.01671131887
0.017,0.141996855,0.0175301712
0.018,0.1370265968,0.01254078746
0.019,0.1289766411,0.01726703718
0.02,0.1205608224,0.0219546333
0.021,0.1109558667,0.02995618433
0.022,0.09827131641,0.02915180661
0.023,0.08781273751,0.03196895123
0.024,0.07613458121,0.02493587136
0.025,0.0632673655,0.02950401604
0.026,0.05161988161,0.03253598139
0.027,0.03927120334,0.03991245106
0.028,0.02811174022,0.03996956348
0.029,0.01783656667,0.04032807052
0.03,0.008903013193,0.03627820313
0.031,0.002744074052,0.03586736694
0.032,-0.003628268362,0.03773633391
0.033,-0.007896808691,0.0411619544
0.034,-0.009604221588,0.04530801624
0.035,-0.0111591853,0.03918193281
0.036,-0.0111591853,0.03684012964
0.037,-0.0111591853,0.02932881191
0.038,-0.0108238011,0.03137357533
0.039,-0.00429903975,0.03653334081
0.04,0.001372036429,0.04067227244
0.041,0.008049297421,0.03450786695
0.042,0.01817195703,0.03325233608
0.043,0.02692262175,0.02464427054
0.044,0.03667951771,0.02987386286
0.045,0.04613156822,0.03531868756
0.046,0.0564069261,0.03187969327
0.047,0.06738364347,0.03416095674
0.048,0.07768963097,0.02946326137
0.049,0.08573932486,0.01945880428
0.05,0.09345365338,0.02220554836
0.051,0.09912508102,0.02989603393
0.052,0.1051319379,0.0322904624
0.053,0.1106204566,0.03684772551
0.054,0.1133647231,0.02952428162
0.055,0.1166273573,0.02470417321
0.056,0.1169627686,0.0220141001
0.057,0.1174811318,0.03319726884
0.058,0.1174811318,0.02895388566
0.059,0.1174811318,0.03925160691
0.06,0.116261454,0.03104734048
0.061,0.1101020957,0.03054936416
0.062,0.103393911,0.03153441846
0.063,0.09671624636,0.03430320323
0.064,0.08881895346,0.03739520162
0.065,0.08043384018,0.04564815387
0.066,0.0728720308,0.04556894675
0.067,0.06241362031,0.04310512543
0.068,0.0552177863,0.03783289343
0.069,0.04783904145,0.0393137373
0.07,0.04027738833,0.04240617901
0.071,0.03274626177,0.04630919918
0.072,0.02811174022,0.04972697049
0.073,0.02347723229,0.04883676767
0.074,0.0193610689,0.03946780413
0.075,0.0176536265,0.04486715049
0.076,0.0176536265,0.04601508379
0.077,0.0176536265,0.04491040111
0.078,0.0176536265,0.04505426437
0.079,0.0176536265,0.03901643306
0.08,0.02006234042,0.03240745515
0.081,0.02536762204,0.0408275649
0.082,0.03070341178,0.04466376454
0.083,0.03875286588,0.04536949098
0.084,0.04475949286,0.04175651073
0.085,0.05125399345,0.03982321173
0.086,0.05985238749,0.02738963813
0.087,0.0661944954,0.03560536355
0.088,0.07372578166,0.03942587972
0.089,0.07906173498,0.04327046126
0.09,0.08558686815,0.04135513306
0.091,0.08967271295,0.03946682066
0.092,0.09516117783,0.02753520757
0.093,0.09930803064,0.03105653264
0.094,0.1018693275,0.03449071571
0.095,0.1030585025,0.04467187822
0.096,0.1047965291,0.04368005693
0.097,0.1047965291,0.03869753703
0.098,0.1047965291,0.02587481961
0.099,0.1047965291,0.03589775413
0.1,0.1044306286,0.0454822816
0.101,0.1010155614,0.04906396195
0.102,0.09638083929,0.05159595609
0.103,0.09141072476,0.04578611627
0.104,0.08573932486,0.03832302988
0.105,0.08043384018,0.04242619872
0.106,0.07561623163,0.04347173125
0.107,0.07134747685,0.05116468668
0.108,0.06497485728,0.05263795704
0.109,0.06122447598,0.05288474262
0.11,0.05674232466,0.03869061917
0.111,0.05503484179,0.04990272596
0.112,0.05314441649,0.04734880105
0.113,0.05143693752,0.0490231514
0.114,0.05125399345,0.05050215125
0.115,0.05125399345,0.04779653251
0.116,0.05125399345,0.03447294235
0.117,0.05125399345,0.04282189161
0.118,0.05125399345,0.04799605161
0.119,0.05125399345,0.04982946813
0.12,0.05314441649,0.04946801439
0.121,0.05503484179,0.04735557735
0.122,0.05863275428,0.04153411835
0.123,0.06345031096,0.04721407965
0.124,0.06567614908,0.04889141023
0.125,0.06960948714,0.05203929543
0.126,0.07424413062,0.05050371587
0.127,0.07595163428,0.04586741328
0.128,0.07991548919,0.04218947887
0.129,0.08284264998,0.03923903778
0.13,0.08455016295,0.03680179268
0.131,0.08644062589,0.04502509534
0.132,0.08848354807,0.04921258241
0.133,0.08881895346,0.04696401954
0.134,0.08952025586,0.04434582964
0.135,0.08952025586,0.04472544044
0.136,0.08952025586,0.04889538139
0.137,0.08952025586,0.05369451642
0.138,0.08952025586,0.0509656556
0.139,0.08933730738,0.05214048177
0.14,0.08573932486,0.04349060729
0.141,0.08384886275,0.04741289467
0.142,0.08043384018,0.04662550986
0.143,0.07869584046,0.053578116
0.144,0.07579917852,0.05525363237
0.145,0.0725366288,0.05708090216
0.146,0.07116453047,0.05079223961
0.147,0.06979243333,0.05028972775
0.148,0.06912163072,0.05058001727
0.149,0.06771904437,0.05255016685
0.15,0.06738364347,0.05467044562
0.151,0.06738364347,0.05740749091
0.152,0.06738364347,0.04733390361
0.153,0.06738364347,0.04761087894
0.154,0.06738364347,0.04948420078
0.155,0.0675665894,0.05129536614
0.156,0.06997537955,0.05511718616
0.157,0.07149993218,0.05459100381
0.158,0.0728720308,0.04648914561
0.159,0.07631752816,0.05117314309
0.16,0.07717128088,0.05516568571
0.161,0.07958008569,0.05896449089
0.162,0.08195840292,0.05370891094
0.163,0.0840318106,0.05211132765
0.164,0.08659308268,0.04405944049
0.165,0.08918485032,0.04973872751
0.166,0.09089237016,0.05418796465
0.167,0.09330119593,0.05767357349
0.168,0.09567953384,0.05576815084
0.169,0.09775295956,0.04769777507
0.17,0.09946048867,0.04157806188
0.171,0.09946048867,0.04633224383
0.172,0.09946048867,0.05027707666
0.173,0.09946048867,0.05207898468
0.174,0.09946048867,0.06075274572
0.175,0.09946048867,0.060143888
0.176,0.09930803064,0.0507456623
0.177,0.09705165349,0.05518049747
0.178,0.09552707617,0.05452074111
0.179,0.09363660234,0.05955591798
0.18,0.09055696433,0.062671341
0.181,0.08918485032,0.05331178755
0.182,0.08729438409,0.04271712899
0.183,0.08455016295,0.04777693748
0.184,0.08144005142,0.05347666144
0.185,0.07921419106,0.06202920526
0.186,0.07646998397,0.06834509969
0.187,0.07372578166,0.0648887381
0.188,0.07271957534,0.06096342951
0.189,0.0720182804,0.06241010129
0.19,0.07186582503,0.0600810349
0.191,0.07186582503,0.06093826145
0.192,0.07186582503,0.06260058284
0.193,0.07186582503,0.05537679046
0.194,0.07186582503,0.05630235747
0.195,0.07494542654,0.05282079056
0.196,0.07836043723,0.05274979398
0.197,0.08180594658,0.05793434381
0.198,0.08384886275,0.06323578209
0.199,0.08866649645,0.0591785647
0.2,0.09208153685,0.04825615883
0.201,0.09552707617,0.05317362398
0.202,0.09775295956,0.05647976324
0.203,0.1003142539,0.06372702867
0.204,0.1027230941,0.06390328705
0.205,0.1049489876,0.06181238592
0.206,0.1052843965,0.04908872396
0.207,0.1082116044,0.05294121057
0.208,0.1082116044,0.05087679625
0.209,0.1082116044,0.0623421222
0.21,0.1082116044,0.06479813159
0.211,0.1082116044,0.06116268039
0.212,0.1082116044,0.05532798544
0.213,0.1082116044,0.05917591602
0.214,0.1082116044,0.06019690633
0.215,0.1059857062,0.06668955088
0.216,0.1044306286,0.06534747779
0.217,0.1020522775,0.06165538728
0.218,0.09979589639,0.05585199594
0.219,0.09808836692,0.05335886404
0.22,0.09552707617,0.05894336849
0.221,0.093118247,0.06344760209
0.222,0.09174613077,0.07198810577
0.223,0.09122777606,0.06991361827
0.224,0.08866649645,0.05608370155
0.225,0.08796519443,0.06477373838
0.226,0.08762978923,0.06482961029
0.227,0.08711143587,0.06245914102
0.228,0.08711143587,0.06595026702
0.229,0.08711143587,0.06818930805
0.23,0.08711143587,0.05853306502
0.231,0.08711143587,0.06557215005
0.232,0.08711143587,0.06556041539
0.233,0.08967271295,0.0664825812
0.234,0.09192907953,0.06246110797
0.235,0.09397200882,0.06295312941
0.236,0.09842377434,0.05775986984
0.237,0.1011680196,0.06227695942
0.238,0.1020522775,0.0636498183
0.239,0.1047965291,0.06039929017
0.24,0.1066565245,0.06146857142
0.241,0.108547014,0.06350804865
0.242,0.108547014,0.0581657961
0.243,0.1092483251,0.06095535681
0.244,0.1092483251,0.06987383962
0.245,0.1092483251,0.06901305914
0.246,0.1092483251,0.0709483251
0.247,0.1092483251,0.06633491814
0.248,0.1092483251,0.05841677636
0.249,0.1092483251,0.06384070218
0.25,0.1092483251,0.06552271545
0.251,0.108547014,0.07050149143
0.252,0.1061381649,0.07237295806
0.253,0.1051319379,0.06791320443
0.254,0.1029060441,0.06436444819
0.255,0.1025401441,0.06396180391
0.256,0.1016863776,0.06738890707
0.257,0.1001617958,0.06657390296
0.258,0.09997884609,0.06782661378
0.259,0.09912508102,0.06768503785
0.26,0.09827131641,0.06442508101
0.261,0.09790541744,0.06611841917
0.262,0.09741755227,0.07129947841
0.263,0.09705165349,0.0759280622
0.264,0.09705165349,0.0708700642
0.265,0.09705165349,0.06692567468
0.266,0.09705165349,0.06652110815
0.267,0.09705165349,0.07159352303
0.268,0.09705165349,0.07070362568
0.269,0.09705165349,0.07420636714
0.27,0.09705165349,0.06842209399
0.271,0.09705165349,0.06152588874
0.272,0.09808836692,0.06386829913
0.273,0.09912508102,0.07106208801
0.274,0.1004972037,0.07215149701
0.275,0.1015339194,0.07785648853
0.276,0.1015339194,0.07484607399
0.277,0.1023876857,0.06282453239
0.278,0.1042781701,0.06482750177
0.279,0.1044306286,0.07006189227
0.28,0.1056502972,0.07544197142
0.281,0.1070224255,0.07853332162
0.282,0.1070224255,0.07525315881
0.283,0.1095837349,0.07348887622
0.284,0.1095837349,0.06384000182
0.285,0.1106204566,0.06638050079
0.286,0.1112912768,0.06978452206
0.287,0.1123279996,0.07482076436
0.288,0.1130293125,0.07396909595
0.289,0.1130293125,0.06521460414
0.29,0.1131817718,0.06387289613
0.291,0.1135171825,0.07131515443
0.292,0.1135171825,0.07441017777
0.293,0.1135171825,0.08320330083
0.294,0.1135171825,0.08179360628
0.295,0.1135171825,0.07133468986
0.296,0.1135171825,0.06834630668
0.297,0.1135171825,0.07011360675
0.298,0.1135171825,0.07210068405
0.299,0.1135171825,0.07634194195
0.3,0.1135171825,0.07789036632
0.301,0.1135171825,0.07587049901
0.302,0.1135171825,0.06941278279
0.303,0.1135171825,0.06513218582
0.304,0.1135171825,0.07190744579
0.305,0.1135171825,0.07887747884
0.306,0.1135171825,0.07831484824
0.307,0.1135171825,0.07158418
0.308,0.1135171825,0.06727676094
0.309,0.1135171825,0.06841988862
0.31,0.1135171825,0.07680593431
0.311,0.1135171825,0.08324028552
0.312,0.1130293125,0.07812723517
0.313,0.1130293125,0.07187428325
0.314,0.1112912768,0.06864885241
0.315,0.1095837349,0.07426466048
0.316,0.106839475,0.07662902027
0.317,0.1056502972,0.08319336176
0.318,0.1039122697,0.08639463037
0.319,0.1027230941,0.07849784195
0.32,0.1023876857,0.07431195676
0.321,0.1003142539,0.08059343696
0.322,0.1003142539,0.08519265056
0.323,0.1003142539,0.08627703786
0.324,0.1003142539,0.07800512016
0.325,0.1003142539,0.07455013692
0.326,0.1003142539,0.0731035471
0.327,0.1016863776,0.0759306848
0.328,0.1051319379,0.08074346185
0.329,0.106839475,0.08374893665
0.33,0.1106204566,0.07585062087
0.331,0.1133647231,0.07407313585
0.332,0.1174811318,0.07482583821
0.333,0.1208962346,0.07952934504
0.334,0.1221159159,0.08187443018
0.335,0.125866442,0.07968454063
0.336,0.1280923682,0.07817859948
0.337,0.1305012508,0.07619193196
0.338,0.1320563542,0.06884148717
0.339,0.1342822891,0.07358316332
0.34,0.1344652428,0.08085483313
0.341,0.1361728117,0.08519135416
0.342,0.1366911811,0.08434886485
0.343,0.1366911811,0.07871545851
0.344,0.1368436428,0.06478881836
0.345,0.1368436428,0.07344242185
0.346,0.1368436428,0.07795044035
0.347,0.1368436428,0.08470219374
0.348,0.1368436428,0.08454148471
0.349,0.134800658,0.08207205683
0.35,0.1325747223,0.07380384207
0.351,0.1303487898,0.08808547258
0.352,0.1276044937,0.09157925844
0.353,0.1243418368,0.08619492501
0.354,0.1226037887,0.09277555346
0.355,0.1219329637,0.0808512792
0.356,0.1219329637,0.07032997906
0.357,0.121414599,0.07780396193
0.358,0.1202254102,0.07532702386
0.359,0.1202254102,0.08064419031
0.36,0.1183349068,0.08713837713
0.361,0.1183349068,0.08678145707
0.362,0.1178165433,0.08466306329
0.363,0.1178165433,0.08519861847
0.364,0.1178165433,0.08172485232
0.365,0.1178165433,0.08430027962
0.366,0.1178165433,0.09150092304
0.367,0.1178165433,0.09372852743
0.368,0.1178165433,0.07785278559
0.369,0.1190057303,0.08520299196
0.37,0.1231221538,0.08539319038
0.371,0.1262323475,0.08808003366
0.372,0.128610735,0.07979357243
0.373,0.1325747223,0.08019304276
0.374,0.1351360732,0.07233694196
0.375,0.1378803824,0.08185762167
0.376,0.1406246963,0.08441916108
0.377,0.1423322718,0.09367118776
0.378,0.144222804,0.08962492645
0.379,0.1461133385,0.07840014994
0.38,0.1478209199,0.07523539662
0.381,0.1485222486,0.08158822358
0.382,0.1485222486,0.0945699662
0.383,0.1487052039,0.09177274257
0.384,0.1487052039,0.08677095175
0.385,0.1487052039,0.08613178134
0.386,0.1488576667,0.07571800053
0.387,0.1488576667,0.08018048108
0.388,0.1488576667,0.08256559819
0.389,0.1488576667,0.09122079611
0.39,0.1488576667,0.09113439918
0.391,0.1488576667,0.08506443352
0.392,0.1478209199,0.08457687497
0.393,0.144924131,0.08453319967
0.394,0.143033598,0.08732295781
0.395,0.1416614383,0.09255848825
0.396,0.1392525387,0.08738274872
0.397,0.1377279206,0.08508921415
0.398,0.1363252732,0.0852663219
0.399,0.1351360732,0.08777965605
0.4,0.1322393076,0.09197744727
0.401,0.1320563542,0.09634874761
0.402,0.1305012508,0.09336996078
0.403,0.1305012508,0.08745530248
0.404,0.1305012508,0.08304411173
0.405,0.1305012508,0.08064165711
0.406,0.1305012508,0.0910077095
0.407,0.1303487898,0.09887515008
0.408,0.1303487898,0.09862948954
0.409,0.1303487898,0.09004415572
0.41,0.1303487898,0.09040096402
0.411,0.1303487898,0.09791463614
0.412,0.1312025717,0.09561878443
0.413,0.1351360732,0.09474140406
0.414,0.1404722343,0.09115708619
0.415,0.144222804,0.07924360037
0.416,0.147485502,0.08043545485
0.417,0.1519374186,0.08989474177
0.418,0.1546817569,0.08935287595
0.419,0.158127433,0.08876826614
0.42,0.1600179842,0.08517386764
0.421,0.1615426238,0.08154468238
0.422,0.1636161361,0.08691973984
0.423,0.1636161361,0.09222877026
0.424,0.1636161361,0.09201503545
0.425,0.1637686004,0.09971559048
0.426,0.1637686004,0.09758131206
0.427,0.1637686004,0.09378604591
0.428,0.1637686004,0.08629871905
0.429,0.1637686004,0.0891809836
0.43,0.1637686004,0.09328154474
0.431,0.1637686004,0.09929057211
0.432,0.1637686004,0.0943429172
0.433,0.1629148008,0.0881229192
0.434,0.1605363615,0.08598002791
0.435,0.1593166504,0.08695762604
0.436,0.1591641866,0.09766103327
0.437,0.1569382165,0.09964936972
0.438,0.1562368842,0.09923399985
0.439,0.1555355521,0.0961099565
0.44,0.1545292936,0.09072161466
0.441,0.1541938742,0.09388688207
0.442,0.1541938742,0.09654874355
0.443,0.1541938742,0.100980565
0.444,0.1541938742,0.09668920934
0.445,0.1541938742,0.09564699978
0.446,0.1541938742,0.08705355227
0.447,0.1557185083,0.08668938279
0.448,0.1562368842,0.09266484529
0.449,0.158127433,0.09922730178
0.45,0.1591641866,0.09431625903
0.451,0.1591641866,0.0919508189
0.452,0.1600179842,0.0896467939
0.453,0.1603534047,0.09459307045
0.454,0.1603534047,0.09748565406
0.455,0.1603534047,0.09813837707
0.456,0.1603534047,0.09889350086
0.457,0.1603534047,0.09916503727
0.458,0.1603534047,0.08512151986
0.459,0.1603534047,0.09369550645
0.46,0.1586458097,0.09749515355
0.461,0.1567552602,0.110025838
0.462,0.1553830886,0.1032519042
0.463,0.1538279623,0.1001957804
0.464,0.1523033301,0.09312593937
0.465,0.1517849555,0.0952674672
0.466,0.1517849555,0.09682494402
0.467,0.1517849555,0.1018933803
0.468,0.1517849555,0.1026794761
0.469,0.1510836254,0.09796203673
0.47,0.1510836254,0.09265030921
0.471,0.1510836254,0.1002158523
0.472,0.1510836254,0.09911896288
0.473,0.1510836254,0.09905746579
0.474,0.1510836254,0.1013092846
0.475,0.1510836254,0.09984172136
0.476,0.151266581,0.09500549734
0.477,0.1531571239,0.1032974869
0.478,0.1541938742,0.1048277617
0.479,0.1560539279,0.1005367339
0.48,0.1582798967,0.09923689067
0.481,0.1598350275,0.0986841619
0.482,0.1605363615,0.09477439523
0.483,0.1622439585,0.0980726257
0.484,0.1625793796,0.09901049733
0.485,0.1637686004,0.1006612629
0.486,0.1639515575,0.1023069769
0.487,0.1648053576,0.1057535559
0.488,0.1660250729,0.09881396592
0.489,0.1665129593,0.0972803086
0.49,0.1665129593,0.09967838228
0.491,0.1665129593,0.1076594591
0.492,0.1666959168,0.1035539508
0.493,0.1666959168,0.1028118581
0.494,0.1668788742,0.09158076346
0.495,0.1668788742,0.1003737152
0.496,0.1668788742,0.09874435514
0.497,0.1668788742,0.1071237624
0.498,0.1668788742,0.1096309498
0.499,0.1668788742,0.105545111
0.5,0.1668788742,0.09259828925
0.501,0.1668788742,0.09457756579
0.502,0.1668788742,0.1016147882
0.503,0.1668788742,0.1066022813
0.504,0.1668788742,0.1068048403
0.505,0.1668788742,0.1047616825
0.506,0.1668788742,0.09945546836
0.507,0.1668788742,0.1058771312
0.508,0.1668788742,0.1080269963
0.509,0.1668788742,0.1046877354
0.51,0.1668788742,0.109679006
0.511,0.1668788742,0.1048521847
0.512,0.1668788742,0.0977615267
0.513,0.1668788742,0.09847055376
0.514,0.1668788742,0.1069964543
0.515,0.1668788742,0.110184893
0.516,0.1670313388,0.1052203029
0.517,0.167732676,0.1023774222
0.518,0.1691048583,0.09759044647
0.519,0.1704770418,0.1061379761
0.52,0.1706599997,0.1039918065
0.521,0.1715138035,0.1076476797
0.522,0.1715138035,0.1128120869
0.523,0.1734043707,0.1109950095
0.524,0.1734043707,0.09937153757
0.525,0.1737397941,0.1018947363
0.526,0.1751119817,0.1066937149
0.527,0.1764841705,0.1095641181
0.528,0.1768195946,0.1078508496
0.529,0.1776734017,0.106226027
0.53,0.178008826,0.09255237877
0.531,0.1792285516,0.105276987
0.532,0.1792285516,0.109438397
0.533,0.1792285516,0.1141450927
0.534,0.179899401,0.1107425168
0.535,0.179899401,0.1074096859
0.536,0.179899401,0.1023079753
0.537,0.179899401,0.1017427668
0.538,0.179899401,0.1056000441
0.539,0.179899401,0.1095839217
0.54,0.179899401,0.1142598987
0.541,0.179899401,0.1135319322
0.542,0.179899401,0.1044711992
0.543,0.179899401,0.1054223776
0.544,0.179899401,0.1052975059
0.545,0.179899401,0.1096861586
0.546,0.179899401,0.1125353798
0.547,0.179899401,0.1149761453
0.548,0.179899401,0.1141609699
0.549,0.179899401,0.1050472707
0.55,0.179899401,0.1020449996
0.551,0.181119128,0.1056443155
0.552,0.181119128,0.1117104962
0.553,0.1817899782,0.117856361
0.554,0.1831621728,0.1142160296
0.555,0.1841989428,0.1063106582
0.556,0.1859065655,0.1014994606
0.557,0.1869433373,0.1056032553
0.558,0.1872787637,0.1097379476
0.559,0.1881325764,0.1156352311
0.56,0.188650963,0.1144191921
0.561,0.1903585905,0.1055505425
0.562,0.1903585905,0.1061199009
0.563,0.1905415507,0.1076519042
0.564,0.1908769778,0.1142421216
0.565,0.1908769778,0.1155759245
0.566,0.1917307925,0.1153954938
0.567,0.1917307925,0.1095035225
0.568,0.1917307925,0.1048286408
0.569,0.1917307925,0.1078281999
0.57,0.1917307925,0.1137560159
0.571,0.1917307925,0.1165420115
0.572,0.1917307925,0.1183410585
0.573,0.1917307925,0.1163340211
0.574,0.1917307925,0.1099812388
0.575,0.1917307925,0.1085478887
0.576,0.1917307925,0.1110529751
0.577,0.1917307925,0.1141968668
0.578,0.1917307925,0.1125455201
0.579,0.1920967133,0.1064108759
0.58,0.1920967133,0.1014701203
0.581,0.1920967133,0.1092121452
0.582,0.1920967133,0.1205401868
0.583,0.1920967133,0.1237978637
0.584,0.1920967133,0.1199471056
0.585,0.1920967133,0.1138326526
0.586,0.1920967133,0.1122102141
0.587,0.1908769778,0.1116520464
0.588,0.1908769778,0.1143763065
0.589,0.1908769778,0.1212798953
0.59,0.1902061237,0.1176805496
0.591,0.1902061237,0.1125156432
0.592,0.1902061237,0.1090525687
0.593,0.1902061237,0.1105484739
0.594,0.1902061237,0.1115760356
0.595,0.1902061237,0.1243874133
0.596,0.1902061237,0.1218941957
0.597,0.1902061237,0.1182449311
0.598,0.1902061237,0.1080621853
0.599,0.1902061237,0.1116354465
0.6,0.1902061237,0.1197232902
0.601,0.1902061237,0.1263619363
0.602,0.1902061237,0.1232011467
0.603,0.1902061237,0.1149869263
0.604,0.1905415507,0.1140414476
0.605,0.1931029958,0.1127752811
0.606,0.194322733,0.1141979247
0.607,0.1965487558,0.1229778975
0.608,0.1975855346,0.1196291447
0.609,0.1985918206,0.1160323173
0.61,0.2011837722,0.1167810485
0.611,0.2035927665,0.1171297133
0.612,0.2044465881,0.1121194065
0.613,0.2053004101,0.1202819496
0.614,0.2076789169,0.1174535453
0.615,0.2078618792,0.1097152978
0.616,0.2085632345,0.1113417894
0.617,0.2090816278,0.1196378842
0.618,0.2090816278,0.1224826202
0.619,0.2090816278,0.1288151145
0.62,0.2102708836,0.1226877794
0.621,0.2102708836,0.1129832566
0.622,0.2102708836,0.111033164
0.623,0.2102708836,0.1157577187
0.624,0.2102708836,0.1200836524
0.625,0.2102708836,0.1257113069
0.626,0.2102708836,0.1192989424
0.627,0.2102708836,0.1116822362
0.628,0.2102708836,0.1174034625
0.629,0.2102708836,0.121052362
0.63,0.2102708836,0.1253682971
0.631,0.2102708836,0.1276196688
0.632,0.2102708836,0.1216347665
0.633,0.2102708836,0.1161652803
0.634,0.2102708836,0.1168021411
0.635,0.2102708836,0.1197033599
0.636,0.2102708836,0.1199341193
0.637,0.2102708836,0.1213461161
0.638,0.2102708836,0.1211784333
0.639,0.2102708836,0.1166542992
0.64,0.2102708836,0.1204497665
0.641,0.2102708836,0.1265994012
0.642,0.2102708836,0.1240506247
0.643,0.2102708836,0.1203840151
0.644,0.2102708836,0.1155808643
0.645,0.2102708836,0.1202431992
0.646,0.2102708836,0.1172682345
0.647,0.2102708836,0.1231751144
0.648,0.2085632345,0.1275649816
0.649,0.2085632345,0.1319996566
0.65,0.2081973099,0.1261853725
0.651,0.2081973099,0.1242120862
0.652,0.2081973099,0.1222536638
0.653,0.2081973099,0.1247536615
0.654,0.2081973099,0.1262453496
0.655,0.2081973099,0.1250450909
0.656,0.2081973099,0.1156020314
0.657,0.2104233523,0.1238265336
0.658,0.2136861873,0.126985386
0.659,0.2164306331,0.131926626
0.66,0.2188396506,0.1240632683
0.661,0.221065708,0.1187898442
0.662,0.2243285649,0.1118486151
0.663,0.2257007965,0.1158233583
0.664,0.2270730293,0.1221550405
0.665,0.2286282279,0.1311602592
0.666,0.2303358987,0.1242553219
0.667,0.2303358987,0.1217402816
0.668,0.2320435713,0.1176425517
0.669,0.2325619723,0.1194821745
0.67,0.2330803735,0.1268980503
0.671,0.2330803735,0.128976509
0.672,0.2330803735,0.125600487
0.673,0.2330803735,0.1222279072
0.674,0.2330803735,0.119469665
0.675,0.2330803735,0.1245122403
0.676,0.2327449374,0.1269788295
0.677,0.2313726997,0.1332146078
0.678,0.2289636631,0.1287149191
0.679,0.2270730293,0.129653126
0.68,0.2258837608,0.1262807846
0.681,0.2248469634,0.1253628582
0.682,0.2246639992,0.1328847855
0.683,0.2241456008,0.1328298748
0.684,0.2236576966,0.1307092756
0.685,0.2236576966,0.1280265152
0.686,0.2236576966,0.1210094541
0.687,0.2236576966,0.1216967627
0.688,0.2236576966,0.1274514794
0.689,0.2238101667,0.1306025386
0.69,0.2243285649,0.1278184652
0.691,0.2258837608,0.1241296679
0.692,0.2279268636,0.124722749
0.693,0.2291466277,0.1264924407
0.694,0.2313726997,0.1334247589
0.695,0.2335987748,0.1309942454
0.696,0.2344526127,0.1305025965
0.697,0.2347880491,0.1234749705
0.698,0.2375325316,0.1225000024
0.699,0.2375325316,0.1282334179
0.7,0.2390877405,0.1262329817
0.701,0.2390877405,0.1348048002
0.702,0.2392707064,0.1296060681
0.703,0.2392707064,0.1216418147
0.704,0.2392707064,0.1263602078
0.705,0.2392707064,0.1312396526
0.706,0.2392707064,0.1323983073
0.707,0.2392707064,0.1375519484
0.708,0.2392707064,0.134520635
0.709,0.2392707064,0.1276225746
0.71,0.2392707064,0.1228911206
0.711,0.2392707064,0.1303476095
0.712,0.2392707064,0.1335688233
0.713,0.2392707064,0.1307996213
0.714,0.2392707064,0.1291410327
0.715,0.2392707064,0.129202038
0.716,0.2392707064,0.1293227375
0.717,0.2392707064,0.1372743547
0.718,0.2392707064,0.1393458545
0.719,0.2392707064,0.135393396
0.72,0.2392707064,0.1219774485
0.721,0.2392707064,0.1250498891
0.722,0.2392707064,0.1287990212
0.723,0.2392707064,0.1299013793
0.724,0.2392707064,0.1349873543
0.725,0.2392707064,0.1396704316
0.726,0.2392707064,0.1306069344
0.727,0.2392707064,0.1308945417
0.728,0.2392707064,0.1329154074
0.729,0.2396061438,0.1378602833
0.73,0.2396061438,0.1395649761
0.731,0.2401245473,0.1330338717
0.732,0.2401245473,0.1242976189
0.733,0.2413138265,0.129919365
0.734,0.2421676686,0.1301469207
0.735,0.2426860729,0.1332549006
0.736,0.2426860729,0.1380259395
0.737,0.2430215111,0.1351212412
0.738,0.2430215111,0.1294620484
0.739,0.2430215111,0.1309998035
0.74,0.2430215111,0.1292995661
0.741,0.2430215111,0.1354066432
0.742,0.2430215111,0.1416968703
0.743,0.2430215111,0.1403954327
0.744,0.2430215111,0.1324553043
0.745,0.2430215111,0.1327711046
0.746,0.2430215111,0.1348160058
0.747,0.2430215111,0.1419604123
0.748,0.2430215111,0.1376393884
0.749,0.2430215111,0.1394000798
0.75,0.2430215111,0.1301442683
0.751,0.2430215111,0.1324490011
0.752,0.2430215111,0.1354189068
0.753,0.2430215111,0.1357239932
0.754,0.2443937589,0.1388759315
0.755,0.2445767254,0.1395930499
0.756,0.2459489746,0.130851388
0.757,0.2473212249,0.1324348748
0.758,0.2479921033,0.1357464492
0.759,0.2493643555,0.1453009546
0.76,0.2498827622,0.1450792551
0.761,0.2519563906,0.1359965801
0.762,0.2536640867,0.1292494684
0.763,0.2555547523,0.1294091046
0.764,0.2574454202,0.1354682446
0.765,0.258299271,0.1324962676
0.766,0.2589701541,0.1355750114
0.767,0.2600069739,0.1397557706
0.768,0.2600069739,0.1391074359
0.769,0.2600069739,0.1434049457
0.77,0.2600069739,0.137296468
0.771,0.2601899422,0.142855227
0.772,0.2607083525,0.1407879144
0.773,0.2607083525,0.12483868
0.774,0.2612267629,0.1280969828
0.775,0.2612267629,0.1399271488
0.776,0.2612267629,0.1397264898
0.777,0.2612267629,0.1462554783
0.778,0.2612267629,0.1412994713
0.779,0.2612267629,0.1340685338
0.78,0.2612267629,0.1323130131
0.781,0.2612267629,0.1394935846
0.782,0.2612267629,0.1435341239
0.783,0.2607083525,0.1449408978
0.784,0.2607083525,0.1385737658
0.785,0.2605253841,0.1360720247
0.786,0.2593360904,0.1324899495
0.787,0.258299271,0.1433402449
0.788,0.258299271,0.1444682628
0.789,0.258299271,0.1446940601
0.79,0.258299271,0.142197296
0.791,0.258299271,0.1430244595
0.792,0.258299271,0.136696741
0.793,0.258299271,0.1408692747
0.794,0.258299271,0.1418555528
0.795,0.258299271,0.1462509334
0.796,0.258299271,0.141343236
0.797,0.2605253841,0.1430342942
0.798,0.2610437945,0.1373468041
0.799,0.2637883227,0.1398143023
0.8,0.2653130627,0.1389327794
0.801,0.2684235368,0.1426416337
0.802,0.2697958067,0.1368363798
0.803,0.2713205525,0.1348256469
0.804,0.2723573805,0.1400922835
0.805,0.2749494534,0.1422091275
0.806,0.2751019284,0.1491497457
0.807,0.276291234,0.1478676349
0.808,0.27717559,0.1389616132
0.809,0.2787003429,0.1394466162
0.81,0.2787003429,0.1398382783
0.811,0.2800726218,0.1420734227
0.812,0.2812924262,0.1464353204
0.813,0.2822987656,0.1456376761
0.814,0.2828171831,0.134103924
0.815,0.2836710476,0.1419561952
0.816,0.2836710476,0.1427217424
0.817,0.2857447205,0.1385226846
0.818,0.2857447205,0.1428129375
0.819,0.2857447205,0.1476356685
0.82,0.2857447205,0.1359247863
0.821,0.2857447205,0.1401397884
0.822,0.2857447205,0.1389790177
0.823,0.2857447205,0.1456627995
0.824,0.2857447205,0.1530751735
0.825,0.2857447205,0.1485043466
0.826,0.2848908549,0.1404877454
0.827,0.2836710476,0.1440869272
0.828,0.2833356008,0.147200644
0.829,0.283000154,0.1521884501
0.83,0.283000154,0.1517849565
0.831,0.283000154,0.1470468789
0.832,0.283000154,0.135594815
0.833,0.283000154,0.1462025195
0.834,0.283000154,0.1504079103
0.835,0.283000154,0.1486671269
0.836,0.2843724367,0.1474941671
0.837,0.2886722633,0.1399765611
0.838,0.289526131,0.1368008852
0.839,0.2919047648,0.1412113309
0.84,0.29568619,0.1452289075
0.841,0.2970584837,0.1458910704
0.842,0.2991321741,0.1454128921
0.843,0.2994676243,0.1422719955
0.844,0.3008399213,0.1427892298
0.845,0.3030660944,0.1495045274
0.846,0.3030660944,0.1509351134
0.847,0.3044383945,0.151128307
0.848,0.3052922707,0.1488039792
0.849,0.3066645727,0.1396664232
0.85,0.3068475464,0.1398498267
0.851,0.307365972,0.1455765069
0.852,0.3087382758,0.1450393051
0.853,0.3087382758,0.15212062
0.854,0.3087382758,0.147741884
0.855,0.3087382758,0.1422200352
0.856,0.3087382758,0.1443337798
0.857,0.3087382758,0.1521803737
0.858,0.3087382758,0.148613885
0.859,0.3087382758,0.1506287456
0.86,0.3087382758,0.1460431814
0.861,0.3087382758,0.1380779743
0.862,0.3087382758,0.1461172402
0.863,0.3087382758,0.1550095528
0.864,0.3087382758,0.1523991823
0.865,0.3087382758,0.1554341167
0.866,0.3087382758,0.1524364948
0.867,0.3087382758,0.1394301206
0.868,0.3087382758,0.1439713985
0.869,0.3087382758,0.149248898
0.87,0.3087382758,0.1547205448
0.871,0.3087382758,0.1509425491
0.872,0.3087382758,0.1488107443
0.873,0.3087382758,0.143310219
0.874,0.3087382758,0.1471806765
0.875,0.3087382758,0.1573893726
0.876,0.3087382758,0.1561272889
0.877,0.3087382758,0.1532562226
0.878,0.3087382758,0.1498359889
0.879,0.3095921543,0.1452864707
0.88,0.3121537927,0.1453705132
0.881,0.3131906475,0.1513871551
0.882,0.3140445285,0.15097256
0.883,0.3167891489,0.1528724879
0.884,0.3173075778,0.1492292732
0.885,0.3190153446,0.1442913115
0.886,0.3203876586,0.1492849141
0.887,0.3209060886,0.1568000913
0.888,0.3219429492,0.1549175084
0.889,0.3239861764,0.1535948813
0.89,0.3255414705,0.150282383
0.891,0.3265783341,0.1465261132
0.892,0.3274322223,0.144071728
0.893,0.3298414094,0.1509903371
0.894,0.3310307562,0.1576281935
0.895,0.3315491898,0.153855294
0.896,0.3327385379,0.15057531
0.897,0.3348122753,0.1464754045
0.898,0.3353307101,0.1464648694
0.899,0.3368555192,0.1521702111
0.9,0.3377094129,0.1588778496
0.901,0.338929262,0.1564561129
0.902,0.3401186157,0.148144424
0.903,0.3413079703,0.1475694776
0.904,0.3426803036,0.146207422
0.905,0.3428632815,0.1518866122
0.906,0.3437171785,0.1571674049
0.907,0.3444185943,0.1506109238
0.908,0.344571076,0.1465721875
0.909,0.344571076,0.1518392563
0.91,0.344571076,0.1539542377
0.911,0.3452724921,0.1559201926
0.912,0.3452724921,0.1583736092
0.913,0.3452724921,0.1575458646
0.914,0.3452724921,0.1484772861
0.915,0.3452724921,0.1569417417
0.916,0.3452724921,0.1567805558
0.917,0.3452724921,0.1523343921
0.918,0.3461263904,0.1545336396
0.919,0.3469802892,0.1525279731
0.92,0.3473157496,0.1392180622
0.921,0.3483526275,0.1456982642
0.922,0.3483526275,0.151881054
0.923,0.3483526275,0.1520715058
0.924,0.3483526275,0.1584507823
0.925,0.3483526275,0.1550498456
0.926,0.348169649,0.152631253
0.927,0.3463093687,0.1585608572
0.928,0.3433817189,0.1620118618
0.929,0.3425278221,0.1638129652
0.93,0.3408200298,0.1588667929
0.931,0.3399356381,0.1542858034
0.932,0.3399356381,0.1479118019
0.933,0.3382278487,0.1564355344
0.934,0.3382278487,0.1570741236
0.935,0.3373739546,0.1666725576
0.936,0.3373739546,0.1591390818
0.937,0.3373739546,0.1583986282
0.938,0.3373739546,0.153164342
0.939,0.3373739546,0.1550573409
0.94,0.3373739546,0.1565149724
0.941,0.3390817432,0.1626128554
0.942,0.3430462594,0.1618525684
0.943,0.3454249739,0.1583689749
0.944,0.348169649,0.1502597332
0.945,0.3516157478,0.1565739512
0.946,0.3560682406,0.1539065838
0.947,0.3577760493,0.160467267
0.948,0.3613746525,0.1555280983
0.949,0.364485316,0.1473873854
0.95,0.3665285984,0.1530167162
0.951,0.3704931836,0.1578395665
0.952,0.3725364737,0.1601927131
0.953,0.3756166624,0.1661637872
0.954,0.37836139,0.1586621702
0.955,0.3819905371,0.1484039128
0.956,0.3843693104,0.1495217085
0.957,0.3864431157,0.1611439884
0.958,0.3900417842,0.1597839594
0.959,0.3919326133,0.1558884084
0.96,0.3946773693,0.1469323933
0.961,0.396568204,0.147934705
0.962,0.3969036749,0.1515337527
0.963,0.3969036749,0.1623322666
0.964,0.3982760566,0.1617709696
0.965,0.3982760566,0.1606589407
0.966,0.3982760566,0.1568648815
0.967,0.3982760566,0.1539527774
0.968,0.3982760566,0.1561924815
0.969,0.3982760566,0.1581261754
0.97,0.3982760566,0.1577560306
0.971,0.3982760566,0.1592940986
0.972,0.3982760566,0.1520930827
0.973,0.3951958238,0.1587916911
0.974,0.3926035532,0.1547983885
0.975,0.3900417842,0.160111919
0.976,0.3895233314,0.167106837
0.977,0.3857416812,0.1659142375
0.978,0.3838508595,0.1543456614
0.979,0.381472087,0.1573429406
0.98,0.37836139,0.1553213894
0.981,0.3776904561,0.1627081037
0.982,0.3759826258,0.1660030037
0.983,0.3728719395,0.1659879386
0.984,0.3720180267,0.1545140743
0.985,0.3718655424,0.158985883
0.986,0.3703102025,0.1613204181
0.987,0.3687548642,0.1696591973
0.988,0.3686023802,0.1668896079
0.989,0.3686023802,0.1604096293
0.99,0.3686023802,0.1598438323
0.991,0.3686023802,0.1637626439
0.992,0.3686023802,0.1666930914
0.993,0.3686023802,0.1708259583
0.994,0.3691208261,0.163442418
0.995,0.3713470956,0.1629399657
0.996,0.3742443003,0.15620704
0.997,0.3778429411,0.1565662622
0.998,0.3811061223,0.1631175131
0.999,0.3845522931,0.1696828753
1,0.3886694096,0.1669913232
1.001,0.3929695206,0.1553975195
1.002,0.3970561617,0.1583848894
1.003,0.3993129681,0.1582947671
1.004,0.4039485805,0.1576613188
1.005,0.4066933574,0.1654857099
1.006,0.4102920721,0.1611030996
1.007,0.4107800341,0.1573509872
1.008,0.4126708881,0.1563572288
1.009,0.4138907951,0.1595029235
1.01,0.4157816528,0.1548882723
1.011,0.4157816528,0.1664586514
1.012,0.4157816528,0.163691029
1.013,0.4157816528,0.1559682339
1.014,0.4157816528,0.1573746949
1.015,0.4157816528,0.1640330255
1.016,0.4152631916,0.1638170481
1.017,0.4126708881,0.1712888181
1.018,0.4089196799,0.1631838232
1.019,0.4065103721,0.1562829018
1.02,0.402911666,0.1630652845
1.021,0.3996484396,0.1707751304
1.022,0.3958667651,0.1701348722
1.023,0.3944943854,0.1806408763
1.024,0.3927865369,0.1720207334
1.025,0.3914141599,0.164655
1.026,0.3914141599,0.1587690115
1.027,0.3914141599,0.1647187173
1.028,0.3914141599,0.1612842083
1.029,0.3914141599,0.1702170074
1.03,0.3914141599,0.1670771092
1.031,0.3914141599,0.1582619101
1.032,0.3922680832,0.1604403108
1.033,0.3950128398,0.1647403687
1.034,0.3963852199,0.1640316844
1.035,0.398459041,0.1711461991
1.036,0.4005023673,0.1657228172
1.037,0.402393209,0.1654101014
1.038,0.4044365404,0.1666878462
1.039,0.4068458451,0.1691902578
1.04,0.4082182355,0.1668388247
1.041,0.4095906271,0.1671079099
1.042,0.4118169537,0.1603870988
1.043,0.4140432835,0.1594541669
1.044,0.4152631916,0.1605473906
1.045,0.4159341414,0.170165807
1.046,0.4169710645,0.1687554419
1.047,0.4169710645,0.1690839231
1.048,0.4169710645,0.161178723
1.049,0.4169710645,0.1606268883
1.05,0.4169710645,0.1637526006
1.051,0.4169710645,0.1675100774
1.052,0.4169710645,0.1730968058
1.053,0.4169710645,0.1705286056
1.054,0.416788078,0.167537272
1.055,0.4138907951,0.1705693007
1.056,0.4130368601,0.1657094061
1.057,0.4111460056,0.1699202359
1.058,0.4099261007,0.1718227267
1.059,0.4085537089,0.1685414165
1.06,0.4085537089,0.1614177525
1.061,0.4075472889,0.1667839885
1.062,0.4063273868,0.1662236452
1.063,0.4063273868,0.1700436324
1.064,0.4059919139,0.1666359603
1.065,0.4052904708,0.1632211208
1.066,0.4037655955,0.1628282964
1.067,0.4037655955,0.170901075
1.068,0.4020577369,0.1681716889
1.069,0.4008378391,0.1788031757
1.07,0.4006853519,0.1786634177
1.071,0.3986115279,0.1707082093
1.072,0.3986115279,0.1747997403
1.073,0.3986115279,0.1713465303
1.074,0.3986115279,0.1691383421
1.075,0.3986115279,0.1758181751
1.076,0.3986115279,0.1747769713
1.077,0.3999839111,0.1696854234
1.078,0.4027286811,0.1668659151
1.079,0.4061748991,0.1711399108
1.08,0.4099261007,0.170966059
1.081,0.4138907951,0.1695688963
1.082,0.416788078,0.1703340113
1.083,0.4204173136,0.1624428928
1.084,0.4250224901,0.1599409282
1.085,0.4263948963,0.1619800925
1.086,0.429993656,0.1674480438
1.087,0.4327384782,0.1723738015
1.088,0.4327384782,0.1712488979
1.089,0.4346293585,0.166205883
1.09,0.4346293585,0.1656083316
1.091,0.4356662938,0.1685440987
1.092,0.4356662938,0.1697743833
1.093,0.4356662938,0.1734553874
1.094,0.4356662938,0.1718153059
1.095,0.4356662938,0.1634202749
1.096,0.4356662938,0.1688992977
1.097,0.4348123471,0.1717165709
1.098,0.4322505095,0.1728698611
1.099,0.428285769,0.1746424437
1.1,0.4267608715,0.1718216687
1.101,0.4231621191,0.1702813059
1.102,0.421942205,0.1712890565
1.103,0.4190144148,0.1743312031
1.104,0.4159341414,0.1747081578
1.105,0.413707809,0.1745921969
1.106,0.4121829255,0.1748678982
1.107,0.4107800341,0.177454114
1.108,0.4104445602,0.1779581308
1.109,0.4085537089,0.1744029224
1.11,0.4085537089,0.177762717
1.111,0.4085537089,0.174654454
1.112,0.4085537089,0.1653799713
1.113,0.4085537089,0.1712223887
1.114,0.4085537089,0.1696153879
1.115,0.4090721679,0.1781218201
1.116,0.4099261007,0.179067865
1.117,0.4126708881,0.1765452921
1.118,0.4142262697,0.173027575
1.119,0.4169710645,0.1716776043
1.12,0.419715864,0.1704113483
1.121,0.4214237417,0.1740207076
1.122,0.4243515364,0.1788054705
1.123,0.4259069295,0.1736263186
1.124,0.4279502914,0.1662251055
1.125,0.4308780982,0.1706641614
1.126,0.4312135764,0.1751822382
1.127,0.4325859879,0.1798387766
1.128,0.4341413892,0.1782482415
1.129,0.4368862186,0.1769312322
1.13,0.4368862186,0.1644193679
1.131,0.4368862186,0.1708472222
1.132,0.4368862186,0.1692544967
1.133,0.4368862186,0.1755386293
1.134,0.4368862186,0.1771315187
1.135,0.4368862186,0.1698951423
1.136,0.4368862186,0.1678004563
1.137,0.4368862186,0.1687427163
1.138,0.4368862186,0.175581038
1.139,0.4327384782,0.1827411354
1.14,0.429841166,0.1831742525
1.141,0.4270963488,0.1723768413
1.142,0.4243515364,0.1763232052
1.143,0.421942205,0.1873010695
1.144,0.4210882656,0.184797287
1.145,0.4193803883,0.1852056384
1.146,0.4183434636,0.1756337881
1.147,0.418160477,0.1764687598
1.148,0.418160477,0.1753991246
1.149,0.418160477,0.1776775122
1.15,0.418160477,0.1782348156
1.151,0.418160477,0.1773526371
1.152,0.4188619259,0.1692876816
1.153,0.421942205,0.1727691889
1.154,0.4252054775,0.1746903956
1.155,0.4267608715,0.1774838567
1.156,0.4291397122,0.1773162186
1.157,0.4312135764,0.1776852161
1.158,0.4329214665,0.1663716137
1.159,0.4339584007,0.1770934165
1.16,0.4339584007,0.1788764894
1.161,0.4344768681,0.1829100549
1.162,0.4351478261,0.1888278872
1.163,0.4363677505,0.1812850386
1.164,0.438228137,0.1681539714
1.165,0.438228137,0.1754817218
1.166,0.438228137,0.1772818863
1.167,0.438228137,0.1848758757
1.168,0.438228137,0.1753418446
1.169,0.438228137,0.1725775599
1.17,0.438228137,0.1682702303
1.171,0.438228137,0.1719813347
1.172,0.438228137,0.1852874011
1.173,0.438228137,0.1872871518
1.174,0.438228137,0.1819806397
1.175,0.4360017731,0.1793868542
1.176,0.4344768681,0.1748405099
1.177,0.4329214665,0.1810836643
1.178,0.4313965645,0.1837708205
1.179,0.4312135764,0.1898811162
1.18,0.430176644,0.1829699576
1.181,0.429993656,0.1742195487
1.182,0.429993656,0.1747453213
1.183,0.429993656,0.1799379587
1.184,0.429993656,0.1830595136
1.185,0.429993656,0.184686169
1.186,0.429993656,0.1815767288
1.187,0.429993656,0.1791439354
1.188,0.429993656,0.1784829199
1.189,0.430176644,0.1830353737
1.19,0.4327384782,0.1832145154
1.191,0.4341413892,0.1780748069
1.192,0.4356662938,0.1767977476
1.193,0.4401190239,0.1765357107
1.194,0.4404850023,0.1721006334
1.195,0.4411559628,0.1825967282
1.196,0.4437178149,0.1840762347
1.197,0.4437178149,0.1867830455
1.198,0.4437178149,0.1752807796
1.199,0.4442362855,0.1783495843
1.2,0.4447547562,0.1801197529
1.201,0.4447547562,0.1848589033
1.202,0.4454562169,0.1841809154
1.203,0.4454562169,0.179580465
1.204,0.4454562169,0.1738434285
1.205,0.4454562169,0.1794343293
1.206,0.4454562169,0.1848959625
1.207,0.4454562169,0.1839435995
1.208,0.4446022648,0.1862278581
1.209,0.4444192751,0.1819354296
1.21,0.4416744326,0.1736495942
1.211,0.4413389521,0.1827494502
1.212,0.4392650747,0.1824527681
1.213,0.4370387093,0.1865852177
1.214,0.4358492825,0.1875915527
1.215,0.4353308147,0.1868597269
1.216,0.4320675212,0.1800843924
1.217,0.4308780982,0.1905361265
1.218,0.4308780982,0.1875933409
1.219,0.4308780982,0.1892495155
1.22,0.4308780982,0.1893541217
1.221,0.4308780982,0.1862318665
1.222,0.4308780982,0.1805648506
1.223,0.4320675212,0.1821613014
1.224,0.4332569452,0.1812247932
1.225,0.4368862186,0.186192885
1.226,0.4403020131,0.1820059717
1.227,0.4428638638,0.1786902398
1.228,0.4463101695,0.1820217371
1.229,0.4485365479,0.1829516292
1.23,0.4521353581,0.1808818281
1.231,0.4529893143,0.1855502129
1.232,0.4552157022,0.1871162951
1.233,0.4571066095,0.1799238026
1.234,0.4583265509,0.1803657711
1.235,0.4583265509,0.1857150942
1.236,0.4605529463,0.1858302802
1.237,0.4620778765,0.18472296
1.238,0.4629318381,0.1776038706
1.239,0.4629318381,0.1742132902
1.24,0.4629318381,0.1777274907
1.241,0.4629318381,0.1882584989
1.242,0.4629318381,0.1890600026
1.243,0.4629318381,0.1950150728
1.244,0.4629318381,0.1894451976
1.245,0.4627793449,0.1845791936
1.246,0.46244386,0.1864643693
1.247,0.461406907,0.1896707118
1.248,0.4603699548,0.1880750954
1.249,0.4603699548,0.1831631362
1.25,0.4603699548,0.1713002026
1.251,0.4595159946,0.1749700308
1.252,0.4584790436,0.1872238815
1.253,0.4578080757,0.195902437
1.254,0.4565881347,0.1942404211
1.255,0.4562526511,0.1860600114
1.256,0.4562526511,0.1863845885
1.257,0.4562526511,0.1875036061
1.258,0.4562526511,0.182649225
1.259,0.4562526511,0.1872698069
1.26,0.4562526511,0.1869554818
1.261,0.4562526511,0.1824264675
1.262,0.4562526511,0.1840414703
1.263,0.4562526511,0.1916776001
1.264,0.4562526511,0.1877615303
1.265,0.4562526511,0.1938156188
1.266,0.4562526511,0.1951513141
1.267,0.4562526511,0.1830688417
1.268,0.4562526511,0.1856775582
1.269,0.4562526511,0.1850515008
1.27,0.4567711258,0.1875984967
1.271,0.4579605684,0.1929661036
1.272,0.4593330032,0.1884184331
1.273,0.4593330032,0.1832811236
1.274,0.4601869633,0.1847262084
1.275,0.4617423917,0.1879457831
1.276,0.4617423917,0.1861053705
1.277,0.4617423917,0.1891379654
1.278,0.4617423917,0.1912168562
1.279,0.4617423917,0.1833789945
1.28,0.4617423917,0.1877940595
1.281,0.4617423917,0.1910434961
1.282,0.4617423917,0.1922702789
1.283,0.4617423917,0.1956826746
1.284,0.4617423917,0.1914210916
1.285,0.4617423917,0.1855731905
1.286,0.4617423917,0.1866063625
1.287,0.4617423917,0.1922504902
1.288,0.4617423917,0.1914288998
1.289,0.4617423917,0.1945481896
1.29,0.4617423917,0.1905726492
1.291,0.4617423917,0.1853505373
1.292,0.4617423917,0.1893922538
1.293,0.4617423917,0.1953943223
1.294,0.4617423917,0.1937199086
1.295,0.4619253834,0.1955835819
1.296,0.4641517839,0.186336726
1.297,0.4661951954,0.1817162633
1.298,0.4679336222,0.1805543602
1.299,0.470312525,0.1889807582
1.3,0.4715324766,0.1879746467
1.301,0.4723864433,0.1903763711
1.302,0.4723864433,0.1827091724
1.303,0.4730574174,0.187502414
1.304,0.4734234035,0.1937222332
1.305,0.4734234035,0.1968063116
1.306,0.4734234035,0.1965413392
1.307,0.4734234035,0.1954165399
1.308,0.4734234035,0.1863816082
1.309,0.4734234035,0.1875989735
1.31,0.4734234035,0.1957242191
1.311,0.4734234035,0.1940620095
1.312,0.4734234035,0.1907853335
1.313,0.4734234035,0.1863948107
1.314,0.4734234035,0.1879645586
1.315,0.4734234035,0.1936414838
1.316,0.4734234035,0.1960910708
1.317,0.4734234035,0.2003804892
1.318,0.4734234035,0.1920953691
1.319,0.4734234035,0.184179455
1.32,0.4747958518,0.1833375394
1.321,0.4747958518,0.1918777227
1.322,0.4749483461,0.1930222958
1.323,0.4756498202,0.1969161928
1.324,0.4758023146,0.1926874667
1.325,0.4758023146,0.188414216
1.326,0.4758023146,0.1904082298
1.327,0.4758023146,0.194927752
1.328,0.4758023146,0.1959287822
1.329,0.4758023146,0.2024966776
1.33,0.4758023146,0.196852237
1.331,0.4758023146,0.1816644669
1.332,0.4759853079,0.180988282
1.333,0.4759853079,0.1906979084
1.334,0.4759853079,0.1956919134
1.335,0.4759853079,0.1973351985
1.336,0.4759853079,0.1971474886
1.337,0.4759853079,0.1911246032
1.338,0.4759853079,0.1954520941
1.339,0.4759853079,0.1978447884
1.34,0.4759853079,0.1969404519
1.341,0.4759853079,0.2002407461
1.342,0.4759853079,0.1929576695
1.343,0.4759853079,0.1869503856
1.344,0.4759853079,0.1882783771
1.345,0.4759853079,0.1969818175
1.346,0.4759853079,0.2047366798
1.347,0.4759853079,0.2011458278
1.348,0.4759853079,0.1885821968
1.349,0.4766562836,0.1893115044
1.35,0.4780592337,0.1939188838
1.351,0.4785472166,0.19826217
1.352,0.4797671745,0.20140481
1.353,0.4806211457,0.1967191845
1.354,0.4825120834,0.1848954856
1.355,0.4825120834,0.1909534782
1.356,0.485256997,0.2019349933
1.357,0.4864464611,0.2054522783
1.358,0.4874834305,0.2023195326
1.359,0.4907468386,0.1963083297
1.36,0.4929732798,0.1832790077
1.361,0.4962366993,0.1870934665
1.362,0.4987986409,0.1901806444
1.363,0.5003541074,0.1976993531
1.364,0.504105533,0.193826884
1.365,0.5053255107,0.1875451356
1.366,0.5065149899,0.1912699938
1.367,0.5080704641,0.1952863485
1.368,0.5094429425,0.2004191875
1.369,0.5102969297,0.2053699791
1.37,0.5114864127,0.1973461509
1.371,0.5133773874,0.1862987578
1.372,0.5156038606,0.1879128516
1.373,0.5166408491,0.1924857944
1.374,0.5174948402,0.1957210749
1.375,0.5178303368,0.2022282183
1.376,0.5181963332,0.1953492761
1.377,0.51853183,0.1869235039
1.378,0.51853183,0.1925356984
1.379,0.51853183,0.1975333542
1.38,0.51853183,0.2002213001
1.381,0.51853183,0.2037998587
1.382,0.51853183,0.1986194104
1.383,0.51853183,0.1960180998
1.384,0.51853183,0.1916005015
1.385,0.51853183,0.1985134333
1.386,0.51853183,0.1966613829
1.387,0.51853183,0.1977641284
1.388,0.51853183,0.1956690848
1.389,0.51853183,0.1935983747
1.39,0.51853183,0.1916569173
1.391,0.51853183,0.1945524663
1.392,0.51853183,0.1981442124
1.393,0.51853183,0.1928453296
1.394,0.51853183,0.1890728921
1.395,0.518013335,0.1962031126
1.396,0.5173423418,0.1995759606
1.397,0.5142313767,0.2082130313
1.398,0.5138958809,0.2043371201
1.399,0.5118524076,0.2027903199
1.4,0.5097784374,0.198921591
1.401,0.5089244505,0.1980338693
1.402,0.5089244505,0.2037633955
1.403,0.5087414534,0.2059207857
1.404,0.5087414534,0.203850463
1.405,0.5087414534,0.1979599595
1.406,0.5087414534,0.1862238497
1.407,0.5087414534,0.189814657
1.408,0.5087414534,0.1952186525
1.409,0.5102969297,0.2029906809
1.41,0.510479927,0.202173084
1.411,0.5113339148,0.2008048296
1.412,0.5118524076,0.1996246278
1.413,0.5133773874,0.2047715634
1.414,0.5152683644,0.2012309134
1.415,0.5166408491,0.2025970519
1.416,0.518013335,0.1957615018
1.417,0.5183488318,0.1924160719
1.418,0.520941309,0.1924148202
1.419,0.520941309,0.1978617013
1.42,0.520941309,0.2036078274
1.421,0.5219783011,0.2062491179
1.422,0.5219783011,0.2059670389
1.423,0.5219783011,0.2029784322
1.424,0.5219783011,0.2037660182
1.425,0.5219783011,0.2041552067
1.426,0.5219783011,0.2023170292
1.427,0.5240217874,0.2038995475
1.428,0.5257297781,0.1970613003
1.429,0.5283222674,0.1935837269
1.43,0.5302132623,0.1945784092
1.431,0.5322567594,0.2091138363
1.432,0.5355202602,0.2055883706
1.433,0.5384482666,0.2014293671
1.434,0.5416812801,0.1960748434
1.435,0.5454633042,0.2029995322
1.436,0.5489098341,0.2020987868
1.437,0.5533628838,0.202244699
1.438,0.5597069764,0.20072864
1.439,0.5657155877,0.191293627
1.44,0.5696501729,0.1825994551
1.441,0.5748047995,0.1870426983
1.442,0.5782208926,0.1975246817
1.443,0.5818504997,0.1998653412
1.444,0.5847480911,0.2011062801
1.445,0.5880117005,0.1987408698
1.446,0.5914583234,0.1948383451
1.447,0.5929833801,0.1974662244
1.448,0.5948744526,0.2024724185
1.449,0.5969485346,0.2053423524
1.45,0.5976195618,0.199293226
1.451,0.5993276321,0.1935731173
1.452,0.6020727491,0.1958561987
1.453,0.6020727491,0.2020667195
1.454,0.6031097945,0.2011936903
1.455,0.6041468406,0.1947378218
1.456,0.6048178708,0.1920799762
1.457,0.6048178708,0.191510573
1.458,0.6048178708,0.1957630515
1.459,0.6048178708,0.2087169886
1.46,0.6048178708,0.2079821825
1.461,0.6048178708,0.2087412775
1.462,0.6039638324,0.2005863488
1.463,0.6019202424,0.1972965598
1.464,0.6015847279,0.1976132095
1.465,0.6000291616,0.2033034712
1.466,0.5991751258,0.2033072114
1.467,0.5979550754,0.2021942735
1.468,0.5974365543,0.1995227635
1.469,0.5962470066,0.2006599605
1.47,0.5950574597,0.204947263
1.471,0.5950574597,0.2106704265
1.472,0.5950574597,0.2069086581
1.473,0.5950574597,0.2014443427
1.474,0.5950574597,0.1895165592
1.475,0.5950574597,0.1960398257
1.476,0.5950574597,0.1994813681
1.477,0.5950574597,0.2088219523
1.478,0.5950574597,0.2082087994
1.479,0.5950574597,0.2099078
1.48,0.5950574597,0.1944068521
1.481,0.5962470066,0.2011273652
1.482,0.5976195618,0.2006092966
1.483,0.5989921182,0.2052993476
1.484,0.5993276321,0.2078855038
1.485,0.6005476835,0.2098236084
1.486,0.60140172,0.1948083043
1.487,0.602255757,0.1995515525
1.488,0.6043298488,0.2043932974
1.489,0.6043298488,0.2081131935
1.49,0.6048178708,0.2015718669
1.491,0.6060379264,0.1926037967
1.492,0.6063734419,0.194169879
1.493,0.6063734419,0.2065831125
1.494,0.6063734419,0.2066072226
1.495,0.6063734419,0.2061533034
1.496,0.6063734419,0.2027269304
1.497,0.6063734419,0.1993554085
1.498,0.6063734419,0.1963210255
1.499,0.6063734419,0.1982136816
1.5,0.6050008791,0.2100946307
1.501,0.602255757,0.2153396606
1.502,0.6003646757,0.2086514533
1.503,0.5988396118,0.2008183002
1.504,0.5979550754,0.1954765171
1.505,0.5953929728,0.2042190433
1.506,0.593349394,0.2037706077
1.507,0.591610829,0.2118677199
1.508,0.5909398044,0.2061718106
1.509,0.5883472122,0.2030121684
1.51,0.5881947069,0.209314853
1.511,0.5880117005,0.2099270076
1.512,0.5871576712,0.2097031176
1.513,0.5871576712,0.2168599367
1.514,0.5871576712,0.204628855
1.515,0.5871576712,0.1992767453
1.516,0.5871576712,0.1957471967
1.517,0.5871576712,0.2047936618
1.518,0.5887132249,0.2096758187
1.519,0.5914583234,0.2089511752
1.52,0.5921293482,0.2040795088
1.521,0.5960945005,0.2054968476
1.522,0.5972840482,0.2035931349
1.523,0.5995106398,0.2052336186
1.524,0.6010662056,0.2077170908
1.525,0.6027742797,0.2033561468
1.526,0.6041468406,0.1947800666
1.527,0.6051838874,0.2010384351
1.528,0.6056719096,0.2099992335
1.529,0.6060379264,0.2126403749
1.53,0.6060379264,0.2134985924
1.531,0.6060379264,0.2078015804
1.532,0.6060379264,0.1969973296
1.533,0.6060379264,0.1990294605
1.534,0.6060379264,0.2087532282
1.535,0.6060379264,0.2164896429
1.536,0.6060379264,0.2111647576
1.537,0.6060379264,0.2051774114
1.538,0.6060379264,0.1982755959
1.539,0.6060379264,0.2002627254
1.54,0.6060379264,0.2096886486
1.541,0.6060379264,0.2086686343
1.542,0.6060379264,0.2101476938
1.543,0.6060379264,0.2025417835
1.544,0.6038113256,0.2013557702
1.545,0.6034453093,0.2074738741
1.546,0.602255757,0.2099691629
1.547,0.6015847279,0.2156397998
1.548,0.6008831978,0.2124857306
1.549,0.6003646757,0.2054054141
1.55,0.5993276321,0.2017441392
1.551,0.5989921182,0.2059170902
1.552,0.5989921182,0.2054851651
1.553,0.5989921182,0.2136120498
1.554,0.5984735967,0.2093802989
1.555,0.5984735967,0.2048224509
1.556,0.5984735967,0.2069893181
1.557,0.5984735967,0.2132280767
1.558,0.5984735967,0.2126692981
1.559,0.5984735967,0.2136584818
1.56,0.5984735967,0.2098112404
1.561,0.5984735967,0.2036091685
1.562,0.5995106398,0.2081760466
1.563,0.602438765,0.2138875425
1.564,0.6044823556,0.211387977
1.565,0.6053363943,0.2107430249
1.566,0.6080815217,0.2026915848
1.567,0.6103081285,0.2016808093
1.568,0.6132362738,0.2064705789
1.569,0.61531038,0.2130711228
1.57,0.6170184695,0.2090456784
1.571,0.6180555248,0.2084371597
1.572,0.6206176642,0.207387045
1.573,0.6226612784,0.2081849277
1.574,0.625253927,0.2094500959
1.575,0.6271450382,0.209623903
1.576,0.6297071924,0.205560863
1.577,0.6326353737,0.2034447193
1.578,0.6329708948,0.2006392479
1.579,0.6341604702,0.2023171782
1.58,0.6348620152,0.2014007717
1.581,0.6357160703,0.21170488
1.582,0.6357160703,0.2106234431
1.583,0.6357160703,0.2058041543
1.584,0.6357160703,0.2052932829
1.585,0.6357160703,0.2116675377
1.586,0.6357160703,0.2089080811
1.587,0.6341604702,0.2144871354
1.588,0.6327878832,0.2146095037
1.589,0.6314152975,0.205958128
1.59,0.6300427129,0.2044263184
1.591,0.6286701294,0.2083153427
1.592,0.6264434967,0.2111710012
1.593,0.6230272991,0.2121491581
1.594,0.6230272991,0.2099267542
1.595,0.6209531828,0.2079345286
1.596,0.6193975973,0.2100621164
1.597,0.6183910428,0.2176347226
1.598,0.6183910428,0.2148061097
1.599,0.6168354599,0.2165745199
1.6,0.6166524502,0.2071921974
1.601,0.6166524502,0.2100572437
1.602,0.6166524502,0.2110281587
1.603,0.6166524502,0.2167300582
1.604,0.6166524502,0.2138515115
1.605,0.6166524502,0.2152210474
1.606,0.619245089,0.206262365
1.607,0.6211361929,0.2079021633
1.608,0.6254064359,0.2129112482
1.609,0.6283346092,0.2157078981
1.61,0.6327878832,0.2143295109
1.611,0.636051592,0.2073298395
1.612,0.6393153076,0.2011164129
1.613,0.6425790299,0.2046006769
1.614,0.6448056854,0.2095876932
1.615,0.6482524324,0.2139710188
1.616,0.6495945306,0.2079125792
1.617,0.6516686846,0.2057635486
1.618,0.6542308786,0.2076934278
1.619,0.6557864985,0.2081797421
1.62,0.6571591055,0.2153039873
1.621,0.6581961871,0.2158630341
1.622,0.6590502548,0.2111722827
1.623,0.6595687962,0.210964635
1.624,0.660575377,0.2089598328
1.625,0.6619784906,0.207282424
1.626,0.6624665304,0.209803164
1.627,0.6643576862,0.2167301178
1.628,0.6643576862,0.2100910842
1.629,0.6643576862,0.201928705
1.63,0.6650592445,0.2044974118
1.631,0.6650592445,0.2102642357
1.632,0.6650592445,0.2056911737
1.633,0.6650592445,0.2122879028
1.634,0.6650592445,0.2142182589
1.635,0.6650592445,0.2094742656
1.636,0.6650592445,0.2097480744
1.637,0.6647237166,0.2139060497
1.638,0.6629850729,0.2164349258
1.639,0.6610939188,0.2159743607
1.64,0.6595687962,0.2134943157
1.641,0.6566405649,0.2048986256
1.642,0.656488053,0.2092141956
1.643,0.6554509725,0.2117538452
1.644,0.6533768135,0.2127716243
1.645,0.6516686846,0.2180180699
1.646,0.6506316073,0.2163589895
1.647,0.6484049435,0.2120242119
1.648,0.6480694191,0.2053848505
1.649,0.6480694191,0.2135935277
1.65,0.646361296,0.216079101
1.651,0.6459952698,0.2169060558
1.652,0.645842759,0.2122354507
1.653,0.6451412091,0.2111055553
1.654,0.6451412091,0.2093098462
1.655,0.6451412091,0.2157269716
1.656,0.6451412091,0.2242211699
1.657,0.6451412091,0.2232623398
1.658,0.6451412091,0.2085983455
1.659,0.6451412091,0.2116674483
1.66,0.6451412091,0.2151003927
1.661,0.6451412091,0.217607975
1.662,0.6477338948,0.2216108292
1.663,0.6514856709,0.2143451571
1.664,0.6527057626,0.2050787956
1.665,0.6561220245,0.2051253915
1.666,0.6585317137,0.2128185332
1.667,0.6616124608,0.2185669243
1.668,0.6642051735,0.2141315341
1.669,0.6655777879,0.2147220671
1.67,0.6679569889,0.2057775557
1.671,0.6691770933,0.210916698
1.672,0.6698481512,0.2089850605
1.673,0.6715562998,0.2210899293
1.674,0.6715562998,0.2151450813
1.675,0.6715562998,0.2111774385
1.676,0.6724408774,0.2049909532
1.677,0.6724408774,0.2128728032
1.678,0.6724408774,0.2183001041
1.679,0.6724408774,0.2189358175
1.68,0.6724408774,0.2120568752
1.681,0.6724408774,0.2120432556
1.682,0.6724408774,0.2060281187
1.683,0.6698481512,0.2128484249
1.684,0.669695638,0.2164511979
1.685,0.665913316,0.2207001448
1.686,0.6648762293,0.2200697362
1.687,0.6624665304,0.2138918042
1.688,0.6614599485,0.2167165577
1.689,0.6593857816,0.2231411636
1.69,0.6592332694,0.2229476869
1.691,0.6578301582,0.2179062217
1.692,0.6578301582,0.2061230093
1.693,0.6578301582,0.2046913952
1.694,0.6578301582,0.2077075839
1.695,0.6578301582,0.2209951282
1.696,0.6578301582,0.2233570963
1.697,0.6578301582,0.2258643508
1.698,0.6578301582,0.2161132693
1.699,0.6578301582,0.2106225789
1.7,0.6578301582,0.2114141732
1.701,0.6581961871,0.2219178677
1.702,0.6600873377,0.2204570174
1.703,0.662314018,0.2187439352
1.704,0.6640221584,0.2103852928
1.705,0.6674689474,0.2108746469
1.706,0.6686585488,0.2120714784
1.707,0.6710682571,0.2137884498
1.708,0.6720748452,0.2170817852
1.709,0.6731119367,0.217711553
1.71,0.6736304827,0.2114994526
1.711,0.6751861216,0.2149094343
1.712,0.6765587455,0.2142403722
1.713,0.6765587455,0.2187573612
1.714,0.6765587455,0.221087873
1.715,0.6765587455,0.2205839753
1.716,0.6765587455,0.2114309967
1.717,0.6765587455,0.2147680223
1.718,0.6765587455,0.2152868956
1.719,0.6765587455,0.2189857662
1.72,0.6765587455,0.2254267633
1.721,0.6765587455,0.222645089
1.722,0.6770467898,0.2114625126
1.723,0.6784499182,0.2141050249
1.724,0.678785449,0.210972771
1.725,0.679792042,0.2125791758
1.726,0.6806766243,0.2151880562
1.727,0.6810121557,0.2125834823
1.728,0.6810121557,0.2116504312
1.729,0.6815307042,0.2175717056
1.73,0.6815307042,0.2204101831
1.731,0.6815307042,0.2179933786
1.732,0.6815307042,0.2176824808
1.733,0.6815307042,0.2121433318
1.734,0.6815307042,0.2097539306
1.735,0.6815307042,0.2195599973
1.736,0.6803105902,0.2220185995
1.737,0.67912098,0.2258054912
1.738,0.676894276,0.219401598
1.739,0.676894276,0.2169400156
1.74,0.675857182,0.2150621414
1.741,0.6736304827,0.2145314962
1.742,0.6731119367,0.2184986919
1.743,0.672776407,0.2260554433
1.744,0.672776407,0.224635452
1.745,0.672776407,0.2166019082
1.746,0.672776407,0.2112631351
1.747,0.672776407,0.2173490524
1.748,0.672776407,0.2148001045
1.749,0.672776407,0.2229241282
1.75,0.672776407,0.2190155834
1.751,0.672776407,0.2101183236
1.752,0.672776407,0.2144979537
1.753,0.672776407,0.222520709
1.754,0.672776407,0.2278902233
1.755,0.6731119367,0.2330663204
1.756,0.6739660125,0.2199311852
1.757,0.6753386353,0.2156033963
1.758,0.6777483538,0.2106045783
1.759,0.6796395279,0.2165835798
1.76,0.679975059,0.223503992
1.761,0.6808291386,0.218531698
1.762,0.6832388655,0.2110174298
1.763,0.6834218829,0.2153244615
1.764,0.6846114964,0.2210884243
1.765,0.6847945139,0.2174212635
1.766,0.6854655784,0.2162303925
1.767,0.6858011108,0.2164003849
1.768,0.6858011108,0.2163552046
1.769,0.6858011108,0.2191077173
1.77,0.6858011108,0.2240717113
1.771,0.6858011108,0.2247201055
1.772,0.6858011108,0.221374467
1.773,0.6858011108,0.2153733969
1.774,0.6852825608,0.2155414522
1.775,0.6835743974,0.2183083445
1.776,0.6835743974,0.2188934088
1.777,0.6818662358,0.2242792696
1.778,0.6804936073,0.21989806
1.779,0.67912098,0.2170518041
1.78,0.67912098,0.2215537429
1.781,0.6777483538,0.2217291296
1.782,0.6765587455,0.2203588933
1.783,0.675857182,0.2221648395
1.784,0.6757046683,0.2178944647
1.785,0.6751861216,0.2205092609
1.786,0.6751861216,0.2168771029
1.787,0.6751861216,0.2256030738
1.788,0.6751861216,0.2301683277
1.789,0.6751861216,0.2257404029
1.79,0.6751861216,0.2144744992
1.791,0.6751861216,0.2151328623
1.792,0.6751861216,0.2166351676
1.793,0.6751861216,0.2269667685
1.794,0.6774128232,0.2272348404
1.795,0.6786024322,0.2229610682
1.796,0.679975059,0.2123962045
1.797,0.6827203163,0.2193802893
1.798,0.6832388655,0.2134416103
1.799,0.6852825608,0.2130414546
1.8,0.6852825608,0.2221573889
1.801,0.6852825608,0.2231175601
1.802,0.6852825608,0.2198801637
1.803,0.6852825608,0.2231630385
1.804,0.6852825608,0.2259293348
1.805,0.6852825608,0.2290805578
1.806,0.6852825608,0.2217184901
1.807,0.6852825608,0.2217149287
1.808,0.6852825608,0.213865906
1.809,0.6852825608,0.2116608471
1.81,0.6852825608,0.2195539027
1.811,0.6852825608,0.2231051028
1.812,0.6852825608,0.2238447368
1.813,0.6834218829,0.2202916741
1.814,0.6822017674,0.2202544957
1.815,0.680158076,0.2235043645
1.816,0.6786024322,0.2297473997
1.817,0.6775653371,0.2321750671
1.818,0.6772298065,0.2299672812
1.819,0.6772298065,0.2194161117
1.82,0.6767112593,0.2180587798
1.821,0.6763757289,0.217557162
1.822,0.6763757289,0.2177501917
1.823,0.6763757289,0.2223097682
1.824,0.6763757289,0.2218383849
1.825,0.6763757289,0.2127010822
1.826,0.6763757289,0.2149184495
1.827,0.6763757289,0.227499634
1.828,0.6763757289,0.2309505194
1.829,0.6763757289,0.2307356298
1.83,0.6763757289,0.2243641019
1.831,0.6763757289,0.2174784243
1.832,0.6763757289,0.2161338925
1.833,0.6763757289,0.2243788838
1.834,0.6763757289,0.2317038178
1.835,0.6763757289,0.2282938808
1.836,0.6763757289,0.2216081321
1.837,0.6763757289,0.2200728655
1.838,0.6767112593,0.2245859206
1.839,0.6775653371,0.222304523
1.84,0.678785449,0.2242393792
1.841,0.679975059,0.2225085944
1.842,0.679975059,0.2169444859
1.843,0.6804936073,0.2210775912
1.844,0.6806766243,0.2229779661
1.845,0.6818662358,0.2302917391
1.846,0.6822017674,0.2335576564
1.847,0.6829033337,0.2274382114
1.848,0.6829033337,0.2167604566
1.849,0.6837574148,0.2238310128
1.85,0.6849470285,0.2299432904
1.851,0.6866856964,0.2314276993
1.852,0.6885463782,0.2188420445
1.853,0.6887293962,0.2134918571
1.854,0.6899190137,0.2130929679
1.855,0.6907730986,0.2211541533
1.856,0.6907730986,0.2280453444
1.857,0.6912916504,0.2337641716
1.858,0.6923287545,0.2254157662
1.859,0.6923287545,0.218333289
1.86,0.6933658593,0.2120485008
1.861,0.6933658593,0.2201251984
1.862,0.6935183747,0.2322051227
1.863,0.6935183747,0.2328050435
1.864,0.6935183747,0.2268819809
1.865,0.6935183747,0.2172396183
1.866,0.6935183747,0.218110472
1.867,0.6935183747,0.216937989
1.868,0.6935183747,0.220431596
1.869,0.6935183747,0.2310884893
1.87,0.6930303253,0.2332025319
1.871,0.6930303253,0.223482728
1.872,0.6923287545,0.2193668485
1.873,0.6904375652,0.2204481065
1.874,0.6899190137,0.2311458737
1.875,0.6892479473,0.23624897
1.876,0.6883938632,0.2286255509
1.877,0.6883938632,0.2240232229
1.878,0.6883938632,0.2234299332
1.879,0.6883938632,0.2287099361
1.88,0.6883938632,0.2321958542
1.881,0.6883938632,0.2242710292
1.882,0.6883938632,0.2121833563
1.883,0.6907730986,0.21603176
1.884,0.6912916504,0.2217653841
1.885,0.6930303253,0.2294876575
1.886,0.6942199461,0.2323111892
1.887,0.6944029647,0.2313320339
1.888,0.698337871,0.2173982263
1.889,0.698337871,0.2244431823
1.89,0.6998935343,0.2252684385
1.891,0.7000460504,0.2206395566
1.892,0.7014186959,0.2220116854
1.893,0.7017542317,0.2234633267
1.894,0.7017542317,0.2187197655
1.895,0.7017542317,0.2221674323
1.896,0.7017542317,0.2293753922
1.897,0.7017542317,0.2330370694
1.898,0.7017542317,0.2319675982
1.899,0.7017542317,0.2276832014
1.9,0.7012661797,0.2231067717
1.901,0.6998935343,0.2262655646
1.902,0.6991919605,0.2279580832
1.903,0.697666801,0.2243615091
1.904,0.6961111399,0.2243066132
1.905,0.6954095677,0.2249004841
1.906,0.694738499,0.224003002
1.907,0.6930303253,0.2287160456
1.908,0.6911391352,0.2284798175
1.909,0.6911391352,0.2268870771
1.91,0.6909561169,0.2290719151
1.911,0.6890649293,0.2185123861
1.912,0.6882108453,0.2241686881
1.913,0.6882108453,0.23284778
1.914,0.6880278273,0.2336340249
1.915,0.6875397796,0.2270432264
1.916,0.6871737439,0.2282161713
1.917,0.6865026787,0.2224299908
1.918,0.6865026787,0.2254243791
1.919,0.6865026787,0.2269044518
1.92,0.6865026787,0.2330819517
1.921,0.6865026787,0.2358729988
1.922,0.6865026787,0.2242993414
1.923,0.6865026787,0.2266367078
1.924,0.6865026787,0.2283430099
1.925,0.6865026787,0.2303089201
1.926,0.6889124142,0.2330646515
1.927,0.6897664986,0.2331732213
1.928,0.6919932208,0.2216627747
1.929,0.6950740333,0.223998189
1.93,0.695928121,0.2268092334
1.931,0.6978193169,0.2297879606
1.932,0.6995274957,0.2341893762
1.933,0.7034929181,0.2291759849
1.934,0.7044995269,0.2231549621
1.935,0.7072448269,0.2243864089
1.936,0.7082819414,0.2218544483
1.937,0.7093190567,0.2267808318
1.938,0.7123999031,0.228181541
1.939,0.7127354412,0.2239283323
1.94,0.7136200419,0.2210668325
1.941,0.7136200419,0.2229027748
1.942,0.7137725594,0.2278515995
1.943,0.7137725594,0.235585317
1.944,0.7137725594,0.2303694487
1.945,0.7137725594,0.2335650623
1.946,0.7137725594,0.2288165838
1.947,0.7137725594,0.2304828018
1.948,0.7137725594,0.2277653515
1.949,0.7137725594,0.2342297435
1.95,0.7137725594,0.2289253324
1.951,0.7137725594,0.2210486531
1.952,0.7137725594,0.2162383497
1.953,0.7137725594,0.2247456312
1.954,0.7137725594,0.2311309576
1.955,0.7137725594,0.2344485223
1.956,0.7137725594,0.2305882275
1.957,0.7137725594,0.2255696803
1.958,0.7137725594,0.2220478356
1.959,0.7137725594,0.2299202681
1.96,0.7137725594,0.2290308774
1.961,0.7137725594,0.236815691
1.962,0.7137725594,0.2367238551
1.963,0.7137725594,0.2279436886
1.964,0.7137725594,0.2243476212
1.965,0.7137725594,0.2310316265
1.966,0.7137725594,0.2273862958
1.967,0.7137725594,0.230035767
1.968,0.7137725594,0.2323111296
1.969,0.7137725594,0.2200745344
1.97,0.7137725594,0.2210619003
1.971,0.7142911187,0.2267709672
1.972,0.7142911187,0.2321045697
1.973,0.7142911187,0.2350839078
1.974,0.7142911187,0.228654176
1.975,0.7142911187,0.2278040946
1.976,0.7142911187,0.2252885997
1.977,0.7142911187,0.2347904444
1.978,0.7142911187,0.2371263057
1.979,0.7142911187,0.233980298
1.98,0.7142911187,0.2189785987
1.981,0.7142911187,0.223874867
1.982,0.7142911187,0.2288423032
1.983,0.7142911187,0.2356591821
1.984,0.7142911187,0.2354742289
1.985,0.7118813444,0.2326238602
1.986,0.7118813444,0.2212396562
1.987,0.7117288271,0.2311861068
1.988,0.7112102686,0.2293174565
1.989,0.7108747309,0.2315922379
1.99,0.7096545941,0.2353602946
1.991,0.7096545941,0.2337843478
1.992,0.7096545941,0.2278434038
1.993,0.7096545941,0.2312823385
1.994,0.7096545941,0.2345257699
1.995,0.7096545941,0.2350272536
1.996,0.7096545941,0.2344518453
1.997,0.7096545941,0.2252218723
1.998,0.7096545941,0.2284009755
1.999,0.7101731521,0.2339268625
2,0.7115458065,0.2327612936
2.001,0.7132540002,0.2328592837
2.002,0.7156637766,0.2297308147
2.003,0.7185921175,0.2193009406
2.004,0.7192631964,0.229200691
2.005,0.7206358586,0.228077352
2.006,0.721672982,0.2329783738
2.007,0.7235642087,0.2376576513
2.008,0.7238997492,0.2341365367
2.009,0.7252724155,0.2304807454
2.01,0.7256079563,0.2287830561
2.011,0.7268281054,0.2256041914
2.012,0.7274991878,0.2241480052
2.013,0.7278652328,0.2318545282
2.014,0.7278652328,0.2303156257
2.015,0.7278652328,0.2249624729
2.016,0.7278652328,0.2253112495
2.017,0.7278652328,0.2341538817
2.018,0.7278652328,0.2377695739
2.019,0.7278652328,0.2380451858
2.02,0.7264620605,0.2296960652
2.021,0.7251198969,0.2244949043
2.022,0.7223745658,0.2279317975
2.023,0.7209713985,0.2343765646
2.024,0.7192631964,0.2373124063
2.025,0.7170364357,0.2359483838
2.026,0.7153282379,0.2307269573
2.027,0.7136200419,0.2280766368
2.028,0.7131014828,0.2323973179
2.029,0.712918462,0.2368832976
2.03,0.7115458065,0.2371401042
2.031,0.7115458065,0.2375883162
2.032,0.7112102686,0.2272567451
2.033,0.7112102686,0.2290892452
2.034,0.7112102686,0.2350118756
2.035,0.7112102686,0.2397279739
2.036,0.7112102686,0.2330428958
2.037,0.7112102686,0.2317153811
2.038,0.7112102686,0.227692306
2.039,0.7112102686,0.2339281142
2.04,0.7112102686,0.2348621488
2.041,0.7137725594,0.2416652441
2.042,0.7154807555,0.240504384
2.043,0.7177380175,0.2336490452
2.044,0.7197817575,0.2259386182
2.045,0.7230456463,0.2275656164
2.046,0.7256079563,0.2274667472
2.047,0.727346669,0.2386066616
2.048,0.7297259632,0.2373510897
2.049,0.7323187878,0.2289313674
2.05,0.7342100273,0.2216810733
2.051,0.7359182456,0.2334038317
2.052,0.7376264657,0.2374691069
2.053,0.738999144,0.2375451326
2.054,0.7408903915,0.2285856009
2.055,0.741744504,0.2293842286
2.056,0.742598617,0.2292792797
2.057,0.7433002101,0.2327168137
2.058,0.7433002101,0.2339036465
2.059,0.7433002101,0.2325093746
2.06,0.7433002101,0.2286872864
2.061,0.7434527304,0.2315467745
2.062,0.7439712995,0.2311263531
2.063,0.7439712995,0.2355652004
2.064,0.7439712995,0.2433925122
2.065,0.7439712995,0.2369664311
2.066,0.7439712995,0.2223552465
2.067,0.7439712995,0.2225028276
2.068,0.7439712995,0.233911097
2.069,0.7439712995,0.2386884391
2.07,0.7439712995,0.2343269587
2.071,0.7439712995,0.2318598926
2.072,0.7433002101,0.2272755206
2.073,0.7424460968,0.2282024622
2.074,0.7405548474,0.2347864509
2.075,0.7384805765,0.2425017208
2.076,0.7367723554,0.2393675447
2.077,0.7348811129,0.2330313176
2.078,0.7338439808,0.2336681187
2.079,0.7319527417,0.2368875146
2.08,0.7319527417,0.2366102636
2.081,0.7319527417,0.2406089008
2.082,0.7319527417,0.2397558689
2.083,0.7319527417,0.2296288013
2.084,0.7319527417,0.2280157059
2.085,0.7319527417,0.2330014408
2.086,0.7319527417,0.2324422896
2.087,0.7319527417,0.2377794981
2.088,0.7319527417,0.2346322387
2.089,0.7319527417,0.22899279
2.09,0.7336914614,0.23286587
2.091,0.7342100273,0.2386386096
2.092,0.7345455701,0.2417171001
2.093,0.7353996792,0.2410949618
2.094,0.7371078987,0.2293787301
2.095,0.7378094894,0.2295944393
2.096,0.7386636003,0.2307262719
2.097,0.7391821678,0.2382880449
2.098,0.7393346877,0.2338970304
2.099,0.7398532554,0.2377972901
2.1,0.7398532554,0.2271974236
2.101,0.7405548474,0.2316963077
2.102,0.7405548474,0.2389305681
2.103,0.7405548474,0.2399391234
2.104,0.7405548474,0.23850061
2.105,0.7405548474,0.2390458137
2.106,0.7405548474,0.2304369658
2.107,0.7405548474,0.2288015187
2.108,0.7405548474,0.2356609106
2.109,0.7405548474,0.2432936579
2.11,0.7405548474,0.2411095798
2.111,0.7405548474,0.2313622832
2.112,0.7405548474,0.2261950523
2.113,0.7405548474,0.2335183322
2.114,0.7405548474,0.2364249825
2.115,0.7398532554,0.2441732287
2.116,0.7398532554,0.2418083549
2.117,0.7397007355,0.2326234877
2.118,0.7397007355,0.2321009934
2.119,0.7397007355,0.2354974002
2.12,0.7397007355,0.2371509075
2.121,0.7397007355,0.2379839122
2.122,0.7397007355,0.2345370799
2.123,0.7397007355,0.2308222353
2.124,0.7397007355,0.2274822593
2.125,0.7397007355,0.2380001843
2.126,0.7397007355,0.245763272
2.127,0.7397007355,0.246416688
2.128,0.7397007355,0.2372168303
2.129,0.7397007355,0.2314911336
2.13,0.7397007355,0.2361251414
2.131,0.7397007355,0.2427071035
2.132,0.7410734155,0.2375412285
2.133,0.7433002101,0.2397823036
2.134,0.7439712995,0.2328464538
2.135,0.7450084382,0.2316537201
2.136,0.7463811229,0.2294854671
2.137,0.7472352384,0.23512806
2.138,0.7479368336,0.2363888919
2.139,0.7482723792,0.2353176773
2.14,0.7484249,0.2363567799
2.141,0.7484249,0.2384101152
2.142,0.7484249,0.2381584942
2.143,0.7484249,0.2400244772
2.144,0.7484249,0.2376256883
2.145,0.7484249,0.2399897575
2.146,0.7484249,0.2380978465
2.147,0.7484249,0.2354868054
2.148,0.7484249,0.2334579229
2.149,0.7484249,0.2374264747
2.15,0.7484249,0.2397717834
2.151,0.7484249,0.2434104979
2.152,0.7484249,0.2297625691
2.153,0.7499806127,0.2324304879
2.154,0.7499806127,0.2316779196
2.155,0.7501636379,0.2415014505
2.156,0.7501636379,0.2393898815
2.157,0.7501636379,0.2346426845
2.158,0.7501636379,0.2333885729
2.159,0.7501636379,0.2356310189
2.16,0.7501636379,0.2356898785
2.161,0.7501636379,0.2392175496
2.162,0.7501636379,0.2418427765
2.163,0.7501636379,0.237997815
2.164,0.7501636379,0.2333933711
2.165,0.7501636379,0.2357290089
2.166,0.7496450667,0.2393592894
2.167,0.7479368336,0.2446148843
2.168,0.7479368336,0.2442029417
2.169,0.7477538087,0.2380972356
2.17,0.7477538087,0.2345267087
2.171,0.7477538087,0.2353379279
2.172,0.7477538087,0.2348141372
2.173,0.7477538087,0.2434157729
2.174,0.7477538087,0.2358231246
2.175,0.7477538087,0.2315769792
2.176,0.7477538087,0.2335484624
2.177,0.7477538087,0.2433174551
2.178,0.7477538087,0.2447081655
2.179,0.7477538087,0.2420183271
2.18,0.7477538087,0.2327750623
2.181,0.7477538087,0.2351089716
2.182,0.7477538087,0.2396997511
2.183,0.7477538087,0.242293328
2.184,0.7477538087,0.2396677136
2.185,0.7477538087,0.2324212492
2.186,0.7477538087,0.2315105796
2.187,0.7477538087,0.2378507257
2.188,0.7477538087,0.2447122037
2.189,0.7477538087,0.2464001775
2.19,0.7477538087,0.2424727678
2.191,0.7477538087,0.2387181222
2.192,0.7477538087,0.2379180342
2.193,0.7477538087,0.2406848967
2.194,0.7477538087,0.2377147377
2.195,0.7477538087,0.2411020547
2.196,0.7477538087,0.2339767218
2.197,0.7477538087,0.2287214398
2.198,0.7484249,0.2341548651
2.199,0.7484249,0.2404680401
2.2,0.7484249,0.2426719964
2.201,0.7484249,0.2430693209
2.202,0.7484249,0.2446023077
2.203,0.7484249,0.2389697134
2.204,0.7484249,0.2388820946
2.205,0.7484249,0.2402727902
2.206,0.7484249,0.2424705327
2.207,0.7484249,0.2363207936
2.208,0.7484249,0.232059449
2.209,0.7484249,0.2318565995
2.21,0.7484249,0.238800168
2.211,0.7484249,0.2494298071
2.212,0.7484249,0.2471117675
2.213,0.7479368336,0.2479016781
2.214,0.7479368336,0.2408029437
2.215,0.7479368336,0.2439466119
2.216,0.7479368336,0.2420897931
2.217,0.7479368336,0.2435450256
2.218,0.7479368336,0.2367831767
2.219,0.7508347302,0.2330598533
2.22,0.7540986832,0.2309128046
2.221,0.7558069231,0.2341211587
2.222,0.7576981907,0.2409562171
2.223,0.7595894606,0.243121475
2.224,0.7623348565,0.2382499278
2.225,0.7644091588,0.2354848683
2.226,0.7645616811,0.2347044647
2.227,0.7659343828,0.2416300774
2.228,0.7676426354,0.2379348874
2.229,0.7680086898,0.2415957153
2.23,0.768527267,0.2347822189
2.231,0.768862817,0.228307426
2.232,0.768862817,0.2302927822
2.233,0.768862817,0.2434290051
2.234,0.768862817,0.2473735511
2.235,0.768862817,0.2448882163
2.236,0.7674901128,0.2382960618
2.237,0.7661174098,0.2406092882
2.238,0.764226132,0.2381152511
2.239,0.7616637593,0.2442963719
2.24,0.7599250088,0.2496615052
2.241,0.7571796171,0.2479882836
2.242,0.7571796171,0.2431118488
2.243,0.7558069231,0.23712264
2.244,0.7548002815,0.2366565466
2.245,0.7548002815,0.2444145679
2.246,0.7548002815,0.247059077
2.247,0.7548002815,0.2423473448
2.248,0.7548002815,0.2336296141
2.249,0.7548002815,0.2412825823
2.25,0.7548002815,0.2400751859
2.251,0.7548002815,0.2437885553
2.252,0.7548002815,0.2422734201
2.253,0.7566610437,0.2375561297
2.254,0.7575456691,0.2363109291
2.255,0.7595894606,0.238966465
2.256,0.760962158,0.2444615364
2.257,0.7616637593,0.2476751506
2.258,0.7633720073,0.2475896776
2.259,0.7644091588,0.2371389866
2.26,0.7650802572,0.2365626693
2.261,0.7667885089,0.2380478382
2.262,0.7681612125,0.241265893
2.263,0.768527267,0.2447459996
2.264,0.7707541003,0.2367313206
2.265,0.7707541003,0.2333004326
2.266,0.7707541003,0.2365173995
2.267,0.7707541003,0.2501909733
2.268,0.7707541003,0.2480072677
2.269,0.7707541003,0.2482692003
2.27,0.7707541003,0.2406710684
2.271,0.7707541003,0.2330707312
2.272,0.7707541003,0.2338564545
2.273,0.7707541003,0.2393661439
2.274,0.7707541003,0.2415596545
2.275,0.7707541003,0.2434471697
2.276,0.7707541003,0.2409532666
2.277,0.7700524949,0.2364303023
2.278,0.7676426354,0.2426903546
2.279,0.7673070856,0.251229912
2.28,0.7647447079,0.2494282424
2.281,0.764226132,0.2516446412
2.282,0.763890583,0.2416777015
2.283,0.763555034,0.2311127633
2.284,0.7630364584,0.23587659
2.285,0.7623348565,0.2447063327
2.286,0.7623348565,0.2448426485
2.287,0.7623348565,0.2411226183
2.288,0.7623348565,0.2347673178
2.289,0.76215183,0.2413831651
2.29,0.7618162814,0.2360430211
2.291,0.7616637593,0.2470107377
2.292,0.7597724869,0.2538538873
2.293,0.7597724869,0.2515898943
2.294,0.7597724869,0.2416334152
2.295,0.7597724869,0.2466503829
2.296,0.7597724869,0.2438932657
2.297,0.7597724869,0.2492283285
2.298,0.7597724869,0.2440866828
2.299,0.7597724869,0.2329416871
2.3,0.7597724869,0.2356824577
2.301,0.760809636,0.2403588146
2.302,0.7619993079,0.2446582615
2.303,0.76215183,0.2515436411
2.304,0.7628534318,0.2502520084
2.305,0.765263284,0.2470954359
2.306,0.7663004368,0.2370354831
2.307,0.7686797897,0.2390130162
2.308,0.7705710728,0.2409106791
2.309,0.7712726784,0.2456548512
2.31,0.7717912566,0.2418187857
2.311,0.7717912566,0.2372998595
2.312,0.772797909,0.2371937186
2.313,0.772797909,0.2450342774
2.314,0.774872225,0.2453956902
2.315,0.774872225,0.2502534091
2.316,0.774872225,0.245847851
2.317,0.774872225,0.2413890064
2.318,0.774872225,0.2406974882
2.319,0.774872225,0.2422481477
2.32,0.774872225,0.2445989549
2.321,0.774872225,0.2491089404
2.322,0.774872225,0.2431226075
2.323,0.774872225,0.2413516939
2.324,0.774872225,0.2377143949
2.325,0.774872225,0.2459833026
2.326,0.774872225,0.2511076331
2.327,0.774872225,0.2421718836
2.328,0.774872225,0.2364067733
2.329,0.774872225,0.242261678
2.33,0.774872225,0.2413453758
2.331,0.774872225,0.2430181354
2.332,0.774872225,0.2454848588
2.333,0.7741706179,0.2481416464
2.334,0.7741706179,0.2387331277
2.335,0.7741706179,0.231944263
2.336,0.7717912566,0.2413218021
2.337,0.7698999721,0.2544773817
2.338,0.7690458443,0.2527675331
2.339,0.7676426354,0.245869413
2.34,0.7666359863,0.2395480275
2.341,0.7644091588,0.2482690513
2.342,0.763555034,0.2501497269
2.343,0.7633720073,0.2532061636
2.344,0.7633720073,0.2515695989
2.345,0.7633720073,0.247461617
2.346,0.7633720073,0.2336791456
2.347,0.7633720073,0.2329750657
2.348,0.7633720073,0.2381907403
2.349,0.7633720073,0.2462328374
2.35,0.7633720073,0.2502696514
2.351,0.7633720073,0.2502042055
2.352,0.7633720073,0.2399333417
2.353,0.7633720073,0.2469773889
2.354,0.7633720073,0.2562569082
2.355,0.7633720073,0.2586988509
2.356,0.765263284,0.2511882484
2.357,0.7669715359,0.2365353703
2.358,0.7693813944,0.2383385003
2.359,0.7709066233,0.2433548868
2.36,0.7736520388,0.2406090498
2.361,0.775726356,0.2412501872
2.362,0.775726356,0.2392840087
2.363,0.7774346192,0.238610819
2.364,0.7774346192,0.241707772
2.365,0.7776176475,0.2552560866
2.366,0.7779531995,0.2546796203
2.367,0.7779531995,0.2527280152
2.368,0.7779531995,0.2426044643
2.369,0.7793259128,0.2431867421
2.37,0.7793259128,0.2390349954
2.371,0.7796614651,0.2458601594
2.372,0.7801800461,0.2486102283
2.373,0.7801800461,0.248762697
2.374,0.7813697326,0.2386666536
2.375,0.7813697326,0.2377550602
2.376,0.7815527614,0.2426424026
2.377,0.7815527614,0.2466932982
2.378,0.7815527614,0.2468979061
2.379,0.7815527614,0.2451682538
2.38,0.7815527614,0.2420688868
2.381,0.7815527614,0.2444922626
2.382,0.7815527614,0.2425571829
2.383,0.780881656,0.251277864
2.384,0.7786243036,0.2587509155
2.385,0.7772820956,0.2483588755
2.386,0.7767635156,0.2437875569
2.387,0.7765804874,0.2485705018
2.388,0.774872225,0.2429953814
2.389,0.7734995156,0.2482478619
2.39,0.7734995156,0.2447781414
2.391,0.7734995156,0.242384553
2.392,0.7734995156,0.2410700917
2.393,0.7734995156,0.2508428693
2.394,0.7734995156,0.2528078258
2.395,0.7734995156,0.2511150837
2.396,0.7734995156,0.239043504
2.397,0.7734995156,0.2463533133
2.398,0.7734995156,0.2429728359
2.399,0.7734995156,0.2511296868
2.4,0.7734995156,0.2545288801
2.401,0.7734995156,0.2483860254
2.402,0.7734995156,0.2418861687
2.403,0.7734995156,0.2437824905
2.404,0.7736520388,0.2467235327
2.405,0.774872225,0.2488613725
2.406,0.774872225,0.2492957264
2.407,0.7755433279,0.2488869429
2.408,0.7762449357,0.2431466281
2.409,0.7767635156,0.2468316853
2.41,0.7770990674,0.2504806817
2.411,0.7777701711,0.2514768243
2.412,0.7781362279,0.2441637218
2.413,0.7786243036,0.2391759157
2.414,0.7788073321,0.2354319096
2.415,0.7788073321,0.2434642762
2.416,0.7788073321,0.25179708
2.417,0.7788073321,0.2591997087
2.418,0.7788073321,0.2524613738
2.419,0.7788073321,0.2426474988
2.42,0.7788073321,0.2427647412
2.421,0.7788073321,0.2516596615
2.422,0.7788073321,0.2478032708
2.423,0.7774346192,0.2531354427
2.424,0.7772820956,0.2458055019
2.425,0.7755433279,0.2452444732
2.426,0.7755433279,0.2441028953
2.427,0.7753908045,0.2497697771
2.428,0.7743536458,0.2522527575
2.429,0.7743536458,0.2517480254
2.43,0.7743536458,0.2439670563
2.431,0.7741706179,0.242446512
2.432,0.7741706179,0.2448792905
2.433,0.7741706179,0.2489801049
2.434,0.7741706179,0.2526810169
2.435,0.7741706179,0.2544887662
2.436,0.7741706179,0.2469646633
2.437,0.7741706179,0.2517530322
2.438,0.7741706179,0.2504702806
2.439,0.7741706179,0.254339695
2.44,0.7741706179,0.2536023259
2.441,0.7760619075,0.2543331981
2.442,0.7791428843,0.2359744608
2.443,0.7817357902,0.240660429
2.444,0.7842981955,0.2441882491
2.445,0.7853353607,0.2452227473
2.446,0.7873791883,0.247313723
2.447,0.7896060483,0.2469414026
2.448,0.7896060483,0.2439204156
2.449,0.7910092767,0.2442270964
2.45,0.7914973565,0.2510475218
2.451,0.7914973565,0.2533660829
2.452,0.7920159414,0.2502468228
2.453,0.7920159414,0.2455992997
2.454,0.7920159414,0.2401209474
2.455,0.7923514964,0.244118154
2.456,0.7923514964,0.2481717467
2.457,0.7923514964,0.2541801333
2.458,0.7923514964,0.2497205436
2.459,0.7923514964,0.2416263521
2.46,0.7923514964,0.2455661595
2.461,0.7918634164,0.249493733
2.462,0.7908262469,0.2518779039
2.463,0.7891179691,0.2536609769
2.464,0.7870436344,0.2503525019
2.465,0.7849998072,0.2433256507
2.466,0.7844812246,0.2473202795
2.467,0.7824068959,0.2496438622
2.468,0.7810341799,0.256550014
2.469,0.7801800461,0.2581712008
2.47,0.7793259128,0.2539522648
2.471,0.7784717799,0.2464393675
2.472,0.7784717799,0.2422239035
2.473,0.7784717799,0.2513782084
2.474,0.7784717799,0.2573908269
2.475,0.7784717799,0.2573588192
2.476,0.7784717799,0.2441324145
2.477,0.7784717799,0.2479125857
2.478,0.7793259128,0.2473406792
2.479,0.7832610309,0.2518413067
2.48,0.7856709143,0.2513871193
2.481,0.7873791883,0.2531665564
2.482,0.7892704938,0.2424507886
2.483,0.7930531117,0.2435810715
2.484,0.7950969493,0.2486164868
2.485,0.7980254376,0.2548282444
2.486,0.8012894883,0.253323406
2.487,0.8033333366,0.2513134778
2.488,0.8062618403,0.2385632098
2.489,0.8086717588,0.2409071922
2.49,0.8100444989,0.245904088
2.491,0.8126069501,0.2547454238
2.492,0.815535471,0.2488243431
2.493,0.8179454037,0.2461626381
2.494,0.8191351187,0.242339015
2.495,0.8206909011,0.2456388175
2.496,0.822551741,0.2491175234
2.497,0.8234364034,0.2532501519
2.498,0.8242905606,0.2501568496
2.499,0.8248091563,0.2514109612
2.5,0.8254802803,0.2406463176
2.501,0.8270360691,0.2427543551
2.502,0.8275546656,0.2415327579
2.503,0.8275546656,0.2546958029
2.504,0.8275546656,0.2507644296
2.505,0.8275546656,0.2441450208
2.506,0.8275546656,0.2376809418
2.507,0.8275546656,0.2471328378
2.508,0.8254802803,0.2486510128
2.509,0.8235889314,0.2590559721
2.51,0.8206909011,0.253680408
2.511,0.8186165249,0.2502216101
2.512,0.8174268103,0.2551055551
2.513,0.8150168784,0.256724894
2.514,0.8138271665,0.2544363737
2.515,0.8138271665,0.2562168837
2.516,0.813125542,0.2442916334
2.517,0.813125542,0.2402481735
2.518,0.813125542,0.245847702
2.519,0.813125542,0.2546729743
2.52,0.813125542,0.2598158419
2.521,0.813125542,0.2558246255
2.522,0.813125542,0.2526332736
2.523,0.813125542,0.2495625615
2.524,0.8134611015,0.2459974587
2.525,0.8167251842,0.2498067468
2.526,0.8191351187,0.2509978712
2.527,0.8218806182,0.2481450737
2.528,0.8249616844,0.2409104705
2.529,0.8278902282,0.2405861318
2.53,0.8287443879,0.2430377007
2.531,0.829934111,0.2535526156
2.532,0.8313068695,0.255952388
2.533,0.8325271004,0.2535773516
2.534,0.8325271004,0.2442967296
2.535,0.8326796293,0.245462656
2.536,0.8331982277,0.2543697953
2.537,0.8331982277,0.2556208372
2.538,0.8331982277,0.2530542016
2.539,0.8331982277,0.2466534078
2.54,0.8331982277,0.2420445979
2.541,0.8331982277,0.2479106039
2.542,0.8331982277,0.2521217167
2.543,0.8331982277,0.2586645186
2.544,0.8331982277,0.2546177208
2.545,0.8331982277,0.2428310066
2.546,0.8331982277,0.241435051
2.547,0.8331982277,0.2494520694
2.548,0.8323440657,0.2479996979
2.549,0.8294460193,0.2533006072
2.55,0.8282257909,0.2439994514
2.551,0.8248091563,0.2462127209
2.552,0.8222161796,0.2525257468
2.553,0.8201723068,0.2608231008
2.554,0.8191351187,0.2623884678
2.555,0.8177623707,0.2592949271
2.556,0.8153524383,0.2453997135
2.557,0.8141627262,0.2502217293
2.558,0.8141627262,0.2486334145
2.559,0.813125542,0.2539872527
2.56,0.8124544232,0.2538731694
2.561,0.8124544232,0.2526636124
2.562,0.8124544232,0.2464634478
2.563,0.8124544232,0.2568688691
2.564,0.8124544232,0.2599650621
2.565,0.8124544232,0.2583067715
2.566,0.8124544232,0.2521657348
2.567,0.8134611015,0.2486521304
2.568,0.8144982859,0.2455929518
2.569,0.8175793377,0.2492966503
2.57,0.8206909011,0.2558035851
2.571,0.8229178081,0.249850601
2.572,0.8256633142,0.2522742152
2.573,0.8278902282,0.2542005181
2.574,0.8314899041,0.2448289394
2.575,0.8331982277,0.2508614659
2.576,0.8357912225,0.2483479232
2.577,0.8380181508,0.2501195967
2.578,0.8405806475,0.2500525117
2.579,0.8410992485,0.2378461659
2.58,0.8419534153,0.2374108732
2.581,0.8421364511,0.2488525063
2.582,0.8421364511,0.2526424527
2.583,0.8421364511,0.2565968037
2.584,0.8421364511,0.2558133602
2.585,0.8416178497,0.2554577887
2.586,0.8386892805,0.2521091104
2.587,0.8371639861,0.2564661503
2.588,0.8350895882,0.2519959211
2.589,0.8320085021,0.254683435
2.59,0.8304527085,0.2545295954
2.591,0.8277071941,0.2476906627
2.592,0.8263344387,0.2501055598
2.593,0.8239549988,0.2515566647
2.594,0.8227347746,0.2579302192
2.595,0.8218806182,0.2591970563
2.596,0.8203248345,0.2513110042
2.597,0.8186165249,0.247064352
2.598,0.8186165249,0.2482856512
2.599,0.8186165249,0.2558980286
2.6,0.8184639973,0.2584446967
2.601,0.8177623707,0.2563172579
2.602,0.8177623707,0.2579171658
2.603,0.8177623707,0.2478254139
2.604,0.8177623707,0.2491964102
2.605,0.8177623707,0.2579194903
2.606,0.8177623707,0.2576822042
2.607,0.8177623707,0.2534115911
2.608,0.8212094956,0.2535367012
2.609,0.8246261225,0.2442415953
2.61,0.8256633142,0.2458150387
2.611,0.8284088251,0.2515086532
2.612,0.8295985479,0.2524581254
2.613,0.8307882717,0.2634061277
2.614,0.8335337915,0.2570805848
2.615,0.8352726232,0.2483555079
2.616,0.8380181508,0.2412671447
2.617,0.8381706802,0.2487928867
2.618,0.8397264815,0.2507895827
2.619,0.8397264815,0.2510209978
2.62,0.8400620466,0.2470349669
2.621,0.8402450822,0.2517067194
2.622,0.8402450822,0.2511274517
2.623,0.8402450822,0.254643321
2.624,0.8402450822,0.2557535768
2.625,0.8388723159,0.2585675716
2.626,0.8378351154,0.2510459423
2.627,0.8342354251,0.2557832599
2.628,0.8330456987,0.2545488179
2.629,0.8311543407,0.2574109137
2.63,0.8284088251,0.2583720088
2.631,0.8284088251,0.2580587566
2.632,0.8271885974,0.2463879287
2.633,0.8265174726,0.2527350783
2.634,0.8263344387,0.2526604533
2.635,0.8263344387,0.2523679435
2.636,0.8263344387,0.2557804286
2.637,0.8263344387,0.2557294369
2.638,0.8263344387,0.2527879477
2.639,0.8263344387,0.2543604374
2.64,0.8263344387,0.2560968995
2.641,0.8263344387,0.2587635815
2.642,0.8267005067,0.2518602312
2.643,0.8275546656,0.2483893633
2.644,0.8295985479,0.2471248806
2.645,0.8316729387,0.2516406476
2.646,0.8338998612,0.2600146532
2.647,0.8350895882,0.2599918246
2.648,0.8362793161,0.255366087
2.649,0.8381706802,0.25188151
2.65,0.8400620466,0.2472834587
2.651,0.8419534153,0.2461912632
2.652,0.8441803523,0.2438183427
2.653,0.8441803523,0.2541445494
2.654,0.8445159184,0.2517847717
2.655,0.8445159184,0.248873964
2.656,0.8445159184,0.251788497
2.657,0.8445159184,0.2547087371
2.658,0.8445159184,0.2552757859
2.659,0.8445159184,0.2585690618
2.66,0.8428075826,0.2555643022
2.661,0.8426550527,0.2507757843
2.662,0.8400620466,0.248303175
2.663,0.8386892805,0.2538151741
2.664,0.8361267868,0.2555995584
2.665,0.834754024,0.2657745481
2.666,0.8321915368,0.2623163164
2.667,0.830635743,0.2489801049
2.668,0.8290799507,0.2506965399
2.669,0.826853035,0.2538256943
2.67,0.826853035,0.2577561438
2.671,0.8259988764,0.2619435787
2.672,0.8256633142,0.2573241591
2.673,0.8256633142,0.2518939972
2.674,0.8256633142,0.2448894083
2.675,0.8256633142,0.2528063953
2.676,0.8256633142,0.2585930526
2.677,0.8256633142,0.2644119561
2.678,0.8256633142,0.252545476
2.679,0.8256633142,0.2509236932
2.68,0.8256633142,0.2496337593
2.681,0.8256633142,0.2561487257
2.682,0.8265174726,0.258630842
2.683,0.8290799507,0.2601629496
2.684,0.829262985,0.2501169443
2.685,0.8295985479,0.2527612448
2.686,0.8307882717,0.2527798712
2.687,0.8316729387,0.2578805685
2.688,0.8333812625,0.2544652224
2.689,0.8333812625,0.2540636063
2.69,0.834754024,0.2484127581
2.691,0.834754024,0.2490756512
2.692,0.834754024,0.2543952763
2.693,0.834754024,0.2645540237
2.694,0.834754024,0.2593988776
2.695,0.834754024,0.2607330382
2.696,0.834754024,0.2486729622
2.697,0.834754024,0.2521230578
2.698,0.834754024,0.2583670616
2.699,0.834754024,0.2596912682
2.7,0.834754024,0.2561351657
2.701,0.834754024,0.2469122112
2.702,0.834754024,0.2509971857
2.703,0.834754024,0.248180449
2.704,0.834754024,0.2525261343
2.705,0.834754024,0.2621071935
2.706,0.8340523902,0.2605883181
2.707,0.8337168263,0.2543267608
2.708,0.8331982277,0.2492468804
2.709,0.8323440657,0.2577321529
2.71,0.8321915368,0.2591897249
2.711,0.829262985,0.2657766342
2.712,0.829262985,0.2583644688
2.713,0.829262985,0.249055922
2.714,0.829262985,0.2512290478
2.715,0.8289274221,0.2598900497
2.716,0.8287443879,0.2614170313
2.717,0.8287443879,0.2611737549
2.718,0.8287443879,0.2558899224
2.719,0.8287443879,0.2559912205
2.72,0.8287443879,0.2517138124
2.721,0.8289274221,0.2570747137
2.722,0.8303001798,0.2560204268
2.723,0.8330456987,0.2580698729
2.724,0.83441846,0.2474551201
2.725,0.8362793161,0.2486092895
2.726,0.8378351154,0.2529373467
2.727,0.8393909164,0.2541656494
2.728,0.8393909164,0.25413239
2.729,0.8393909164,0.256742537
2.73,0.8393909164,0.2484073937
2.731,0.8393909164,0.255734235
2.732,0.8393909164,0.2594754696
2.733,0.8393909164,0.2642018497
2.734,0.8393909164,0.256900847
2.735,0.8393909164,0.2492661774
2.736,0.8373165155,0.2463620603
2.737,0.8361267868,0.2540562749
2.738,0.8326796293,0.2576490045
2.739,0.8314899041,0.2624555826
2.74,0.8273716315,0.2644695044
2.741,0.8251447183,0.267421931
2.742,0.8235889314,0.2536546588
2.743,0.8215450569,0.256521225
2.744,0.8199892736,0.2625082731
2.745,0.8199892736,0.2632921338
2.746,0.8199892736,0.2558590472
2.747,0.8199892736,0.2575498819
2.748,0.8199892736,0.2512918115
2.749,0.8199892736,0.2530038357
2.75,0.8199892736,0.2577393651
2.751,0.8199892736,0.2635565102
2.752,0.8199892736,0.259511739
2.753,0.8212094956,0.2529918551
2.754,0.8244430887,0.2463418543
2.755,0.8251447183,0.2513279617
2.756,0.8267005067,0.2598259151
2.757,0.8280427567,0.2703028023
2.758,0.8294460193,0.2610373199
2.759,0.8316729387,0.2502707839
2.76,0.8331982277,0.250933826
2.761,0.8331982277,0.2527720332
2.762,0.8361267868,0.2594269514
2.763,0.8361267868,0.2595385909
2.764,0.8364623512,0.2524977028
2.765,0.8364623512,0.2515328526
2.766,0.8364623512,0.2549130023
2.767,0.8364623512,0.2623991966
2.768,0.8364623512,0.2674152851
2.769,0.8364623512,0.2623463869
2.77,0.8364623512,0.2477017045
2.771,0.8364623512,0.2513632476
2.772,0.8364623512,0.2510423362
2.773,0.8364623512,0.2611428201
2.774,0.8364623512,0.2608615458
2.775,0.8364623512,0.2542116046
2.776,0.8364623512,0.2514088154
2.777,0.8364623512,0.2600708306
2.778,0.834937059,0.2597059011
2.779,0.83441846,0.2624787092
2.78,0.8331982277,0.2573210597
2.781,0.832862664,0.2513665557
2.782,0.8311543407,0.2537011206
2.783,0.8295985479,0.2589427531
2.784,0.8289274221,0.2632602155
2.785,0.8284088251,0.2677418292
2.786,0.8273716315,0.2553402483
2.787,0.8273716315,0.2474325597
2.788,0.8273716315,0.2508826852
2.789,0.8263344387,0.2586207986
2.79,0.8263344387,0.2662699223
2.791,0.8261819103,0.2688069046
2.792,0.8261819103,0.2601759732
2.793,0.8256633142,0.2612495422
2.794,0.8256633142,0.260371238
2.795,0.8256633142,0.2571230829
2.796,0.8256633142,0.2559043169
2.797,0.8265174726,0.2541065514
2.798,0.826853035,0.2548753023
2.799,0.829934111,0.2580218613
2.8,0.8304527085,0.2590117455
2.801,0.8331982277,0.2605111003
2.802,0.8342354251,0.2558151186
2.803,0.8356081874,0.2521460652
2.804,0.8362793161,0.2500159144
2.805,0.8364623512,0.2556866407
2.806,0.8371639861,0.2612563074
2.807,0.8371639861,0.2661012709
2.808,0.8371639861,0.2641887367
2.809,0.8371639861,0.2517829239
2.81,0.8371639861,0.248310551
2.811,0.8371639861,0.254711926
2.812,0.8371639861,0.2589137852
2.813,0.8371639861,0.2674426436
2.814,0.8371639861,0.2620800138
2.815,0.8371639861,0.2571806312
2.816,0.8362793161,0.25309816
2.817,0.8345709891,0.2621417642
2.818,0.8333812625,0.2655220628
2.819,0.8314899041,0.2644560933
2.82,0.8314899041,0.2535495758
2.821,0.8314899041,0.2538300753
2.822,0.8314899041,0.2578632534
2.823,0.8314899041,0.2603873014
2.824,0.8314899041,0.2632454038
2.825,0.8314899041,0.2639539838
2.826,0.8314899041,0.256165415
2.827,0.8314899041,0.2569124103
2.828,0.8314899041,0.2616977096
2.829,0.8314899041,0.2638866007
2.83,0.832862664,0.2626668513
2.831,0.834754024,0.2556416988
2.832,0.8362793161,0.2431651652
2.833,0.8369809509,0.2497461736
2.834,0.8388723159,0.2598938942
2.835,0.8393909164,0.2650749087
2.836,0.8402450822,0.2605062127
2.837,0.841434814,0.2645536065
2.838,0.841434814,0.2495083213
2.839,0.841434814,0.255758971
2.84,0.841434814,0.2600730658
2.841,0.841434814,0.2675365806
2.842,0.841434814,0.263445884
2.843,0.841434814,0.2547801137
2.844,0.841434814,0.2567011416
2.845,0.841434814,0.2602003217
2.846,0.841434814,0.257406652
2.847,0.841434814,0.2588765025
2.848,0.841434814,0.2608886957
2.849,0.841434814,0.255892396
2.85,0.841434814,0.2531002164
2.851,0.841434814,0.2586599588
2.852,0.8407636831,0.2612989843
2.853,0.8395434459,0.2691302896
2.854,0.8392078809,0.2635667622
2.855,0.8386892805,0.2501292229
2.856,0.8386892805,0.2517378032
2.857,0.8378351154,0.2621770799
2.858,0.8378351154,0.2623332143
2.859,0.8373165155,0.2622969747
2.86,0.8367979157,0.2594824433
2.861,0.8367979157,0.2570328116
2.862,0.8367979157,0.2557949722
2.863,0.8367979157,0.266325295
2.864,0.8367979157,0.2689726353
2.865,0.8367979157,0.2682090402
2.866,0.8367979157,0.2551025152
2.867,0.8367979157,0.2564536035
2.868,0.8367979157,0.2484897077
2.869,0.8367979157,0.2619329095
2.87,0.8367979157,0.2649876475
2.871,0.8371639861,0.2619098127
2.872,0.8386892805,0.253939569
2.873,0.8392078809,0.2593884766
2.874,0.8417703795,0.2587107122
2.875,0.8417703795,0.2645683885
2.876,0.8417703795,0.2634289265
2.877,0.8428075826,0.2565925419
2.878,0.8441803523,0.255595237
2.879,0.8441803523,0.2601197958
2.88,0.8441803523,0.25602597
2.881,0.8441803523,0.2640696764
2.882,0.8441803523,0.2616815567
2.883,0.8441803523,0.2566947341
2.884,0.8441803523,0.2599358857
2.885,0.8441803523,0.265609175
2.886,0.8441803523,0.2618365586
2.887,0.8441803523,0.2622956634
2.888,0.8441803523,0.2605600953
2.889,0.8441803523,0.2566536963
2.89,0.8441803523,0.2536533177
2.891,0.8441803523,0.2612892985
2.892,0.8441803523,0.2656247914
2.893,0.8441803523,0.2677705884
2.894,0.8441803523,0.2592213154
2.895,0.8441803523,0.2612528503
2.896,0.8441803523,0.2558553517
2.897,0.8441803523,0.2591769099
2.898,0.8441803523,0.2636923194
2.899,0.8441803523,0.2627670765
2.9,0.8441803523,0.2508140802
2.901,0.8441803523,0.2570146024
2.902,0.8446989545,0.260587424
2.903,0.8446989545,0.2632266283
2.904,0.8446989545,0.2658213973
2.905,0.8446989545,0.2600910366
2.906,0.8448819907,0.2527993321
2.907,0.8448819907,0.2562780976
2.908,0.8448819907,0.2635650635
2.909,0.8448819907,0.2665731609
2.91,0.8448819907,0.2647320628
2.911,0.8448819907,0.2535088658
2.912,0.8448819907,0.2521920204
2.913,0.8448819907,0.2629360855
2.914,0.8448819907,0.2635070086
2.915,0.8448819907,0.2630647421
2.916,0.8448819907,0.260753125
2.917,0.8448819907,0.2588197589
2.918,0.8446989545,0.2619183958
2.919,0.8446989545,0.267221272
2.92,0.8433261843,0.2652404308
2.921,0.8433261843,0.2668883204
2.922,0.8433261843,0.261228621
2.923,0.8433261843,0.255672276
2.924,0.8433261843,0.2568869591
2.925,0.8433261843,0.2629953325
2.926,0.8433261843,0.2610578835
2.927,0.8433261843,0.2634684145
2.928,0.8433261843,0.2564450502
2.929,0.8433261843,0.2585126758
2.93,0.8433261843,0.2609857023
2.931,0.8438447863,0.2693768144
2.932,0.8459191957,0.2690336704
2.933,0.8460717259,0.2616755068
2.934,0.8484817053,0.2523889542
2.935,0.8496714433,0.2564027905
2.936,0.8508916883,0.2651955187
2.937,0.852416996,0.2691069245
2.938,0.853454206,0.2606580853
2.939,0.8554981219,0.2531118989
2.94,0.857389509,0.2541798949
2.941,0.8589453292,0.2530295551
2.942,0.8596469741,0.2550694346
2.943,0.8596469741,0.2691406608
2.944,0.860501151,0.2696383297
2.945,0.860501151,0.2605707645
2.946,0.8613553283,0.2576720417
2.947,0.861690898,0.2657892704
2.948,0.8620264679,0.2647371888
2.949,0.86461951,0.2613229752
2.95,0.86461951,0.2522188127
2.951,0.86461951,0.2531258464
2.952,0.8647720421,0.2570406199
2.953,0.865138119,0.2632578015
2.954,0.865138119,0.2618849277
2.955,0.865138119,0.2613891959
2.956,0.865138119,0.2539712787
2.957,0.865138119,0.2605589628
2.958,0.865138119,0.264307797
2.959,0.865138119,0.2709379792
2.96,0.865138119,0.2699460089
2.961,0.8635822927,0.264194876
2.962,0.8635822927,0.2522796094
2.963,0.8635822927,0.2573900819
2.964,0.862880646,0.2622426152
2.965,0.8618739361,0.2667901218
2.966,0.8618739361,0.2674257755
2.967,0.8618739361,0.2574065328
2.968,0.8618739361,0.2560394406
2.969,0.8618739361,0.2610660195
2.97,0.8618739361,0.2668316662
2.971,0.8618739361,0.2673222721
2.972,0.8618739361,0.2629150152
2.973,0.8618739361,0.2547277212
2.974,0.8618739361,0.2577663064
2.975,0.8618739361,0.268874526
2.976,0.8618739361,0.2679268122
2.977,0.8635822927,0.2675387561
2.978,0.8642534332,0.2576442659
2.979,0.8656262217,0.2608818412
2.98,0.866846479,0.2630059123
2.981,0.8685548409,0.2582710981
2.982,0.8704462438,0.2569759786
2.983,0.8707818155,0.2511885762
2.984,0.8718190376,0.2484349608
2.985,0.8721546096,0.2558661699
2.986,0.8721546096,0.263881743
2.987,0.8721546096,0.2737576663
2.988,0.8721546096,0.2718219757
2.989,0.8721546096,0.2623773813
2.99,0.8721546096,0.2561660409
2.991,0.8721546096,0.2591542006
2.992,0.8721546096,0.2630913258
2.993,0.8706292829,0.2709195912
2.994,0.8697445941,0.2632441521
2.995,0.8687378798,0.2529117167
2.996,0.8680362309,0.2573265433
2.997,0.8659922988,0.2649025917
2.998,0.8659922988,0.2651568055
2.999,0.865138119,0.2684636712
3,0.862880646,0.267883122
3.001,0.862880646,0.2619124055
3.002,0.862880646,0.2632371783
3.003,0.862880646,0.2652069032
3.004,0.862880646,0.2632564008
3.005,0.862880646,0.2651703358
3.006,0.862880646,0.2572982013
3.007,0.862880646,0.2543031871
3.008,0.862880646,0.2562732697
3.009,0.862880646,0.2641272545
3.01,0.862880646,0.2668011189
3.011,0.8633992544,0.2671254575
3.012,0.8639178629,0.2599256337
3.013,0.8639178629,0
3.014,0.8639178629,0
3.015,0.8606536826,0
3.016,0.8429906185,0
3.017,0.8172437773,0
3.018,0.7903076623,0
3.019,0.7516888481,0
3.02,0.7113932892,0
3.021,0.6660658288,0
3.022,0.6164999422,0
3.023,0.5638245502,0
3.024,0.5063624925,0
3.025,0.4490550201,0
3.026,0.3898588008,0
3.027,0.3277676785,0
3.028,0.2665328557,0
3.029,0.2066726252,0
3.03,0.1452595484,0
3.031,0.08558686815,0
3.032,0.02844713277,0
3.033,-0.02780634778,0
3.034,-0.0794236303,0
3.035,-0.1310392239,0
3.036,-0.1766473447,0
3.037,-0.2183215268,0
3.038,-0.256397414,0
3.039,-0.2901741333,0
3.04,-0.3177619821,0
3.041,-0.3445263069,0
3.042,-0.3626940865,0
3.043,-0.3771123265,0
3.044,-0.3868666636,0
3.045,-0.3914999526,0
3.046,-0.3927192369,0
3.047,-0.3927192369,0
3.048,-0.3832697588,0
3.049,-0.3692173658,0
3.05,-0.3489768226,0
3.051,-0.3248036651,0
3.052,-0.2975512627,0
3.053,-0.2663354047,0
3.054,-0.2358200871,0
3.055,-0.2018592894,0
3.056,-0.1653368976,0
3.057,-0.1284478138,0
3.058,-0.09177128274,0
3.059,-0.05302067141,0
3.06,-0.01545819463,0
3.061,0.0193610689,0
3.062,0.05384570303,0
3.063,0.0883310911,0
3.064,0.1197070462,0
3.065,0.1476684572,0
3.066,0.1740752177,0
3.067,0.1967012232,0
3.068,0.2176503883,0
3.069,0.2351234856,0
3.07,0.2473212249,0
3.071,0.2567440432,0
3.072,0.2627515004,0
3.073,0.2661974125,0
3.074,0.2672037423,0
3.075,0.2672037423,0
3.076,0.2591531222,0
3.077,0.2485105096,0
3.078,0.2344526127,0
3.079,0.2162781637,0
3.08,0.1967012232,0
3.081,0.1770025532,0
3.082,0.1517849555,0
3.083,0.1312025717,0
3.084,0.1058027558,0
3.085,0.08058629639,0
3.086,0.05451649915,0
3.087,0.02966674264,0
3.088,0.006860194079,0
3.089,-0.01509232195,0
3.09,-0.03552008329,0
3.091,-0.0561000231,0
3.092,-0.07308208235,0
3.093,-0.08917980814,0
3.094,-0.1008566542,0
3.095,-0.1114968381,0
3.096,-0.1203991718,0
3.097,-0.1253686033,0
3.098,-0.1288136602,0
3.099,-0.1291490193,0
3.1,-0.1291490193,0
3.101,-0.1291490193,0
3.102,-0.1234783919,0
3.103,-0.1140577885,0
3.104,-0.1018932368,0
3.105,-0.08902736833,0
3.106,-0.0737528242,0
3.107,-0.05814275803,0
3.108,-0.03945315921,0
3.109,-0.02317199052,0
3.11,-0.005854008689,0
3.111,0.01112877434,0
3.112,0.02844713277,0
3.113,0.04576568134,0
3.114,0.06189527523,0
3.115,0.07424413062,0
3.116,0.08814814275,0
3.117,0.1001617958,0
3.118,0.1095837349,0
3.119,0.1169627686,0
3.12,0.1231221538,0
3.121,0.1279399074,0
3.122,0.1312025717,0
3.123,0.1312025717,0
3.124,0.1312025717,0
3.125,0.1312025717,0
3.126,0.1279399074,0
3.127,0.121414599,0
3.128,0.1133647231,0
3.129,0.1004972037,0
3.13,0.09208153685,0
3.131,0.07820798124,0
3.132,0.06671284188,0
3.133,0.05229067677,0
3.134,0.04027738833,0
3.135,0.02606889623,0
3.136,0.01509246636,0
3.137,0.002744074052,0
3.138,-0.008232193513,0
3.139,-0.01768391827,0
3.14,-0.02643433554,0
3.141,-0.03481883617,0
3.142,-0.04289840369,0
3.143,-0.04631315187,0
3.144,-0.04924007299,0
3.145,-0.05094744114,0
3.146,-0.0525023641,0
3.147,-0.0525023641,0
3.148,-0.0525023641,0
3.149,-0.05113037333,0
3.15,-0.04478871163,0
3.151,-0.03826409078,0
3.152,-0.03055036869,0
3.153,-0.02195242056,0
3.154,-0.01219582692,0
3.155,-0.002744069278,0
3.156,0.008232236476,0
3.157,0.0176536265,0
3.158,0.02655673933,0
3.159,0.03634412341,0
3.16,0.04594862477,0
3.161,0.05351030508,0
3.162,0.06174282083,0
3.163,0.06808493634,0
3.164,0.07357332611,0
3.165,0.07802503407,0
3.166,0.08009843658,0
3.167,0.08299510642,0
3.168,0.08333051064,0
3.169,0.08333051064,0
3.17,0.08333051064,0
3.171,0.08333051064,0
3.172,0.08162299899,0
3.173,0.0754637759,0
3.174,0.06912163072,0
3.175,0.06274902015,0
3.176,0.05488238806,0
3.177,0.0464669646,0
3.178,0.04046033112,0
3.179,0.03222792644,0
3.18,0.02381262385,0
3.181,0.01628157591,0
3.182,0.008903013193,0
3.183,0.003262399686,0
3.184,-0.00259162111,0
3.185,-0.007896808691,0
3.186,-0.01201289021,0
3.187,-0.01493987498,0
3.188,-0.01698266322,0
3.189,-0.01905593812,0
3.19,-0.01905593812,0
3.191,-0.01905593812,0
3.192,-0.01905593812,0
3.193,-0.01905593812,0
3.194,-0.01734853546,0
3.195,-0.01149456943,0
3.196,-0.007713871485,0
3.197,-0.001036648955,0
3.198,0.004116112867,0
3.199,0.009756729427,0
3.2,0.01628157591,0
3.201,0.02247105802,0
3.202,0.02930085958,0
3.203,0.03515499874,0
3.204,0.04046033112,0
3.205,0.0452778323,0
3.206,0.05076614271,0
3.207,0.05399815667,0
3.208,0.05692526936,0
3.209,0.0588156992,0
3.21,0.05985238749,0
3.211,0.05985238749,0
3.212,0.06000484171,0
3.213,0.06000484171,0
3.214,0.06000484171,0
3.215,0.06000484171,0
3.216,0.05762655759,0
3.217,0.05351030508,0
3.218,0.04887572253,0
3.219,0.04353987132,0
3.22,0.03805158604,0
3.221,0.03326459726,0
3.222,0.02795928908,0
3.223,0.02295890001,0
3.224,0.01884273797,0
3.225,0.01472658668,0
3.226,0.01027505737,0
3.227,0.006341867263,0
3.228,0.004268561698,0
3.229,0.001372036429,0
3.23,-0.001036648955,0
3.231,-0.001036648955,0
3.232,-0.001372035236,0
3.233,-0.001890359347,0
3.234,-0.001890359347,0
3.235,-0.001890359347,0
3.236,-0.001890359347,0
3.237,-0.0007012626029,0
3.238,0.00289652275,0
3.239,0.007012643176,0
3.24,0.01061044612,0
3.241,0.01472658668,0
3.242,0.01920861861,0
3.243,0.02347723229,0
3.244,0.02759340642,0
3.245,0.03189253309,0
3.246,0.03497205656,0
3.247,0.03753324898,0
3.248,0.04116161202,0
3.249,0.04338741869,0
3.25,0.0452778323,0
3.251,0.04594862477,0
3.252,0.04628402111,0
3.253,0.04680236105,0
3.254,0.04680236105,0
3.255,0.04680236105,0
3.256,0.04680236105,0
3.257,0.04680236105,0
3.258,0.04680236105,0
3.259,0.04216779821,0
3.26,0.03942365557,0
3.261,0.03667951771,0
3.262,0.03274626177,0
3.263,0.0294838011,0
3.264,0.02536762204,0
3.265,0.02247105802,0
3.266,0.02006234042,0
3.267,0.01628157591,0
3.268,0.01457413684,0
3.269,0.01234837082,0
3.27,0.01045799668,0
3.271,0.009085952347,0
