mcu_time_s,raw_angle_derived_rpm,control_feedback_rpm,iq_target_A,reference_rpm
0,984.6973148,999.2936401,-2,-1000
0.001,968.9280381,993.3014526,-2,-1000
0.002,950.8408592,983.6548462,-2,-1000
0.003,930.8431676,973.7819824,-2,-1000
0.004,909.5761366,963.6580811,-2,-1000
0.005,886.6083558,953.1478271,-2,-1000
0.006,864.1108841,942.854248,-2,-1000
0.007,840.8141054,932.5076294,-2,-1000
0.008,819.0486877,921.7908936,-2,-1000
0.009,798.4504414,911.1845093,-2,-1000
0.01,778.8624172,899.9545288,-2,-1000
0.011,761.6917814,889.0235596,-2,-1000
0.012,744.6800826,877.6543579,-2,-1000
0.013,729.6855656,866.4115601,-2,-1000
0.014,715.8480188,854.6957397,-2,-1000
0.015,703.7261427,842.7438354,-2,-1000
0.016,693.039383,830.5580444,-2,-1000
0.017,684.105429,818.4699707,-2,-1000
0.018,675.0921651,806.2805786,-2,-1000
0.019,667.5861857,794.1393433,-2,-1000
0.02,659.835203,781.7081909,-2,-1000
0.021,651.9595469,769.1575928,-2,-1000
0.022,644.1436563,756.2800903,-2,-1000
0.023,636.4695012,743.8186646,-2,-1000
0.024,627.3047116,730.9918213,-2,-1000
0.025,619.3701649,718.4053955,-2,-1000
0.026,610.5748362,705.7529907,-2,-1000
0.027,601.6334378,692.9042358,-2,-1000
0.028,592.7299394,679.9227905,-2,-1000
0.029,583.9906143,666.8273926,-2,-1000
0.03,575.2705035,653.8994141,-2,-1000
0.031,565.7546968,640.9401245,-2,-1000
0.032,557.2847748,628.0831909,-2,-1000
0.033,548.1568522,615.3085938,-2,-1000
0.034,537.5706981,602.4022217,-2,-1000
0.035,526.9849037,589.65271,-2,-1000
0.036,515.6760746,576.7241211,-2,-1000
0.037,504.0894075,563.796936,-2,-1000
0.038,492.0490671,551.0575562,-2,-1000
0.039,479.0368769,538.1738892,-2,-1000
0.04,466.9314893,525.4351196,-2,-1000
0.041,455.315271,512.8215332,-2,-1000
0.042,442.8236608,500.1898499,-2,-1000
0.043,430.7380436,487.2901917,-2,-1000
0.044,419.0763773,474.4715576,-2,-1000
0.045,407.5500795,461.7433777,-2,-1000
0.046,396.8434252,448.9553528,-2,-1000
0.047,386.4849682,436.1549683,-2,-1000
0.048,375.3183533,423.4333801,-2,-1000
0.049,364.204209,410.9342041,-2,-1000
0.05,354.1042997,398.3420715,-2,-1000
0.051,344.1775835,385.9180908,-2,-1000
0.052,334.2641567,373.3478394,-2,-1000
0.053,325.0883501,361.0774841,-2,-1000
0.054,316.4088096,348.6629333,-2,-1000
0.055,307.6113902,336.2192993,-2,-1000
0.056,298.9498749,323.6831055,-2,-1000
0.057,291.2580343,311.3450317,-2,-1000
0.058,284.4839095,299.0334167,-2,-1000
0.059,277.6140315,286.7753296,-2,-1000
0.06,270.314504,274.6987915,-2,-1000
0.061,263.308729,262.5119934,-2,-1000
0.062,257.4389798,250.5514221,-2,-1000
0.063,252.8339212,238.7399292,-2,-1000
0.064,249.2944611,226.9407959,-2,-1000
0.065,246.6604048,215.2639618,-2,-1000
0.066,245.1057626,203.5367432,-2,-1000
0.067,244.4022986,191.8669891,-2,-1000
0.068,243.9938473,180.546051,-2,-1000
0.069,243.2325427,169.2305756,-2,-1000
0.07,241.7811121,158.0370636,-2,-1000
0.071,239.6726633,147.1142578,-2,-1000
0.072,236.8778953,136.3220215,-2,-1000
0.073,233.2671705,125.8520203,-2,-1000
0.074,228.5320828,115.5856857,-2,-1000
0.075,222.2560653,105.3824387,-2,-1000
0.076,214.2180557,95.25006866,-2,-1000
0.077,204.4965585,85.41558838,-2,-1000
0.078,193.4880422,75.55010986,-2,-1000
0.079,181.7199838,65.99736023,-2,-1000
0.08,169.433789,56.63506699,-2,-1000
0.081,156.5858882,47.54287338,-2,-1000
0.082,143.0178522,38.42019653,-2,-1000
0.083,128.6786141,29.33706474,-2,-1000
0.084,113.8336152,20.28449249,-2,-1000
0.085,99.05393579,11.24815083,-2,-1000
0.086,84.92746922,2.227063179,-2,-1000
0.087,71.81587256,-6.670383453,-2,-1000
0.088,59.68814093,-15.59945488,-2,-1000
0.089,48.29929738,-24.58501816,-2,-1000
0.09,37.37049922,-33.60714722,-2,-1000
0.091,26.69303172,-42.61854553,-2,-1000
0.092,16.21659331,-51.5789032,-2,-1000
0.093,5.897702235,-60.56170273,-2,-1000
0.094,-4.276836066,-69.44068146,-2,-1000
0.095,-14.26343143,-78.31565094,-2,-1000
0.096,-24.03590658,-87.30004883,-2,-1000
0.097,-33.68219119,-96.24330139,-2,-1000
0.098,-43.29203026,-105.1417694,-2,-1000
0.099,-52.90492155,-114.0717697,-2,-1000
0.1,-62.51041937,-123.0649261,-2,-1000
0.101,-72.28494355,-131.9123535,-2,-1000
0.102,-82.51182852,-140.7722015,-2,-1000
0.103,-93.30151881,-149.6644745,-2,-1000
0.104,-104.5551569,-158.6724243,-2,-1000
0.105,-116.0907528,-167.6086884,-2,-1000
0.106,-127.6448566,-176.5177002,-2,-1000
0.107,-138.7627556,-185.5690613,-2,-1000
0.108,-149.2036867,-194.6389618,-2,-1000
0.109,-159.0985065,-203.7438812,-2,-1000
0.11,-168.6670914,-213.0013733,-2,-1000
0.111,-178.0765675,-222.1331635,-2,-1000
0.112,-187.2174051,-231.2134094,-2,-1000
0.113,-195.8157304,-240.2218323,-2,-1000
0.114,-203.8222712,-249.2510376,-2,-1000
0.115,-211.6693645,-258.3546753,-2,-1000
0.116,-220.0666328,-267.5639648,-2,-1000
0.117,-229.2652902,-276.8710022,-2,-1000
0.118,-239.049734,-286.1205444,-2,-1000
0.119,-249.013366,-295.1169434,-2,-1000
0.12,-259.0642491,-304.170105,-2,-1000
0.121,-269.3804245,-313.381958,-2,-1000
0.122,-279.8173443,-322.7026367,-2,-1000
0.123,-289.7555632,-332.1162415,-2,-1000
0.124,-298.7162419,-341.245697,-2,-1000
0.125,-307.299044,-350.2940979,-2,-1000
0.126,-316.4293765,-359.5895081,-2,-1000
0.127,-325.8806067,-369.0803528,-2,-1000
0.128,-334.8262902,-378.3969727,-2,-1000
0.129,-343.4851672,-387.1849365,-2,-1000
0.13,-352.3530116,-396.3165283,-2,-1000
0.131,-361.0589421,-405.805481,-2,-1000
0.132,-369.5345923,-415.1221924,-2,-1000
0.133,-378.7381872,-424.0407104,-2,-1000
0.134,-389.0228402,-433.3327026,-2,-1000
0.135,-398.962674,-442.8200684,-2,-1000
0.136,-408.1549725,-452.0298767,-2,-1000
0.137,-417.9463869,-460.8759766,-2,-1000
0.138,-427.9720145,-470.3812256,-2,-1000
0.139,-437.9400916,-479.8683777,-2,-1000
0.14,-448.5708221,-488.5293884,-2,-1000
0.141,-458.9333247,-497.5279846,-2,-1000
0.142,-468.6083355,-507.0222168,-2,-1000
0.143,-479.1591739,-515.9680176,-2,-1000
0.144,-490.370545,-525.0930176,-2,-1000
0.145,-500.5117281,-534.4695435,-2,-1000
0.146,-510.7852053,-543.423584,-2,-1000
0.147,-521.1159431,-552.7012329,-2,-1000
0.148,-531.466812,-562.0411377,-2,-1000
0.149,-541.9542863,-570.6622314,-2,-1000
0.15,-551.3055567,-579.9664307,-2,-1000
0.151,-560.6732892,-589.1054077,-2,-1000
0.152,-570.5149126,-598.1323242,-2,-1000
0.153,-578.8661295,-607.6517944,-2,-1000
0.154,-587.5612669,-616.4194336,-2,-1000
0.155,-596.430017,-625.7282104,-2,-1000
0.156,-605.290036,-634.9682007,-2,-1000
0.157,-613.7473327,-643.6271362,-2,-1000
0.158,-621.8975964,-653.0672607,-2,-1000
0.159,-630.8155657,-661.7296753,-2,-1000
0.16,-638.2524049,-671.0435181,-2,-1000
0.161,-646.3351652,-680.0899048,-2,-1000
0.162,-654.3185306,-689.2258911,-2,-1000
0.163,-661.4954995,-698.2224731,-2,-1000
0.164,-668.931034,-707.0148926,-2,-1000
0.165,-676.2232813,-716.2938232,-2,-1000
0.166,-683.3685949,-725.3120117,-2,-1000
0.167,-690.2422897,-734.5099487,-2,-1000
0.168,-698.1719962,-743.3059082,-2,-1000
0.169,-705.0430477,-752.6624146,-2,-1000
0.17,-713.7983042,-761.1582031,-2,-1000
0.171,-722.0728903,-770.4421387,-2,-1000
0.172,-731.3545632,-779.1710815,-2,-1000
0.173,-740.7485079,-788.4804688,-2,-1000
0.174,-750.3854745,-797.2631226,-2,-1000
0.175,-759.9182357,-806.3823242,-2,-1000
0.176,-769.8862048,-815.0487061,-2,-1000
0.177,-778.9636461,-824.0331421,-2,-1000
0.178,-789.2245568,-833.4177856,-2,-1000
0.179,-797.9926507,-842.3083496,-2,-1000
0.18,-808.1367737,-851.7446899,-2,-1000
0.181,-817.6284505,-860.1428223,-2,-1000
0.182,-828.0251977,-869.2034912,-2,-1000
0.183,-838.9292952,-878.2255249,-2,-1000
0.184,-849.9661149,-887.2580566,-2,-1000
0.185,-862.5390983,-896.5074463,-2,-1000
0.186,-874.150096,-904.9281616,-2,-1000
0.187,-887.4764695,-914.0314941,-2,-1000
0.188,-899.5328745,-923.0205688,-2,-1000
0.189,-912.8186023,-931.9412842,-2,-1000
0.19,-925.0632183,-941.3359985,-2,-1000
0.191,-937.0825089,-949.8760376,-2,-1000
0.192,-947.8265976,-958.7667236,-2,-1000
0.193,-956.7825132,-968.0090332,-2,-1000
0.194,-963.3691364,-976.7110596,-2,-1000
0.195,-967.485568,-985.7896118,-2,-1000
0.196,-968.8519685,-994.4128418,-1.230529189,-1000
0.197,-967.7629335,-999.5720825,-0.566606462,-1000
0.198,-963.6247737,-1002.313904,-0.1955709308,-1000
0.199,-957.8768497,-1003.367249,-0.0705223456,-1000
0.2,-949.5802975,-1003.612671,-0.006329839583,-1000
0.201,-940.783188,-1003.55658,0.01741918363,-1000
0.202,-930.6541496,-1003.362,0.003912347835,-1000
0.203,-920.9641334,-1002.973022,-0.0335983932,-1000
0.204,-911.4073294,-1002.409485,-0.066365242,-1000
0.205,-903.1426727,-1001.854187,-0.1208115369,-1000
0.206,-896.1437359,-1001.385071,-0.1724824309,-1000
0.207,-890.5784591,-1001.15033,-0.2016775012,-1000
0.208,-886.0065709,-1000.925537,-0.2362609953,-1000
0.209,-882.4907728,-1000.568054,-0.2379080951,-1000
0.21,-879.1926865,-1000.458252,-0.267100215,-1000
0.211,-877.3491952,-1000.379944,-0.2948544919,-1000
0.212,-874.9646159,-1000.187073,-0.2816046178,-1000
0.213,-874.4406533,-1000.144287,-0.3022261858,-1000
0.214,-873.7393432,-999.5986328,-0.3359598219,-1000
0.215,-874.6984421,-999.5550537,-0.3546719849,-1000
0.216,-875.9968098,-999.4050293,-0.3958754838,-1000
0.217,-878.5829898,-999.1221924,-0.3787354827,-1000
0.218,-882.242607,-999.2228394,-0.4045655727,-1000
0.219,-886.2750918,-998.7420044,-0.4488399923,-1000
0.22,-891.7514593,-998.6566162,-0.4491196573,-1000
0.221,-896.7561779,-998.5168457,-0.4781679809,-1000
0.222,-902.9250467,-998.2484741,-0.4844169021,-1000
0.223,-907.7577573,-998.6017456,-0.4849839211,-1000
0.224,-913.1175181,-998.3428345,-0.519513011,-1000
0.225,-917.1326149,-998.1456909,-0.5049306154,-1000
0.226,-920.7569901,-998.3345337,-0.5110403299,-1000
0.227,-922.9011064,-998.1965942,-0.5393132567,-1000
0.228,-924.3241032,-998.5074463,-0.492870748,-1000
0.229,-924.9893483,-998.4379883,-0.5222109556,-1000
0.23,-924.835791,-998.2150879,-0.5261667371,-1000
0.231,-924.1517629,-998.4221191,-0.5182315707,-1000
0.232,-923.555083,-998.5265503,-0.5373309255,-1000
0.233,-922.4983185,-998.376709,-0.5199068785,-1000
0.234,-922.2429434,-998.5090942,-0.5121095181,-1000
0.235,-921.5608534,-998.5789185,-0.5327875018,-1000
0.236,-922.1377555,-998.5667114,-0.5146631002,-1000
0.237,-922.8754821,-998.9337769,-0.4993337691,-1000
0.238,-924.5226652,-998.5809326,-0.5329131484,-1000
0.239,-926.9072725,-998.5966187,-0.5025323033,-1000
0.24,-928.8894036,-999.0501099,-0.4993999898,-1000
0.241,-932.7022499,-998.9602051,-0.510360837,-1000
0.242,-935.5773712,-998.9945068,-0.4620756805,-1000
0.243,-940.3734914,-999.0838013,-0.4963065088,-1000
0.244,-944.2372129,-999.284729,-0.4879129529,-1000
0.245,-948.7527107,-999.4784546,-0.446636349,-1000
0.246,-954.4227077,-999.7922363,-0.4199534953,-1000
0.247,-959.7450892,-999.5465698,-0.4517773688,-1000
0.248,-966.8790409,-999.5645142,-0.4371506572,-1000
0.249,-973.3436237,-999.9569702,-0.411364764,-1000
0.25,-981.1532843,-999.9345093,-0.4166156054,-1000
0.251,-989.4398601,-999.9599609,-0.3885268867,-1000
0.252,-997.8049349,-1000.237305,-0.3902053535,-1000
0.253,-1006.2651,-1000.32196,-0.3821902275,-1000
0.254,-1014.100049,-1000.307922,-0.365865767,-1000
0.255,-1021.146627,-1000.843994,-0.3163004518,-1000
0.256,-1027.002515,-1000.920166,-0.3172489405,-1000
0.257,-1031.345184,-1000.913635,-0.3120964766,-1000
0.258,-1033.700661,-1001.029114,-0.2723462284,-1000
0.259,-1035.321952,-1001.530579,-0.2547397912,-1000
0.26,-1034.546275,-1001.493652,-0.2510599792,-1000
0.261,-1033.006243,-1001.526489,-0.2198556215,-1000
0.262,-1030.634289,-1001.833923,-0.2021307647,-1000
0.263,-1026.940804,-1002.06073,-0.1899553537,-1000
0.264,-1024.497575,-1002.082825,-0.1649973392,-1000
0.265,-1020.95833,-1002.069702,-0.144509539,-1000
0.266,-1018.214532,-1002.269775,-0.1384553462,-1000
0.267,-1016.41233,-1002.3172,-0.1429964751,-1000
0.268,-1014.033989,-1002.157898,-0.1238329038,-1000
0.269,-1013.720429,-1002.313599,-0.1160631329,-1000
0.27,-1012.843814,-1002.547119,-0.1080689877,-1000
0.271,-1012.256569,-1002.594727,-0.08531678468,-1000
0.272,-1012.930695,-1002.582886,-0.05853150412,-1000
0.273,-1012.519721,-1002.746643,-0.06087940186,-1000
0.274,-1013.51854,-1002.825867,-0.05571729317,-1000
0.275,-1014.347612,-1002.768005,-0.03740393743,-1000
0.276,-1014.984029,-1002.793457,-0.0169746168,-1000
0.277,-1017.176549,-1002.783447,-0.03149109334,-1000
0.278,-1018.317589,-1002.711243,-0.03967139125,-1000
0.279,-1020.708327,-1002.630981,-0.01610132307,-1000
0.28,-1023.703124,-1002.742371,-0.0117569631,-1000
0.281,-1025.999251,-1002.689941,-0.02090259455,-1000
0.282,-1029.527891,-1002.557617,-0.01866333559,-1000
0.283,-1031.631284,-1002.500854,-0.01480237301,-1000
0.284,-1033.659292,-1002.489319,-0.02244141139,-1000
0.285,-1035.620136,-1002.482544,-0.03008264676,-1000
0.286,-1035.348191,-1002.255249,-0.02104285173,-1000
0.287,-1035.146445,-1002.346863,-0.01109570824,-1000
0.288,-1033.166051,-1002.449341,-0.0214419011,-1000
0.289,-1030.048596,-1002.389893,-0.003959112801,-1000
0.29,-1026.975348,-1002.325439,0.002091546543,-1000
0.291,-1022.13687,-1002.295227,-0.004652105737,-1000
0.292,-1017.850595,-1002.199219,-0.01507190522,-1000
0.293,-1013.156037,-1001.977051,-0.01134314574,-1000
0.294,-1008.35928,-1001.978333,-0.02139075287,-1000
0.295,-1004.834889,-1001.996643,-0.028768925,-1000
0.296,-1001.049024,-1001.844299,-0.03222449124,-1000
0.297,-998.6131479,-1001.831726,-0.01487329509,-1000
0.298,-996.673265,-1001.818359,-0.02746021003,-1000
0.299,-994.8393236,-1001.772644,-0.03986670449,-1000
0.3,-994.2706196,-1001.71814,-0.01852698252,-1000
0.301,-993.3869274,-1001.734985,-0.02066492103,-1000
0.302,-993.3828758,-1001.610535,-0.03534253687,-1000
0.303,-993.6362383,-1001.667603,-0.02921643667,-1000
0.304,-993.6421546,-1001.603394,-0.01810803823,-1000
0.305,-994.6904074,-1001.63092,-0.02810559608,-1000
0.306,-995.6886544,-1001.596436,-0.02599536628,-1000
0.307,-997.3509471,-1001.511841,-0.01683276892,-1000
0.308,-999.4418437,-1001.440125,-0.02873084135,-1000
0.309,-1001.545262,-1001.279785,-0.04320398718,-1000
0.31,-1004.53554,-1001.252502,-0.03856958449,-1000
0.311,-1007.424766,-1001.162842,-0.04312134162,-1000
0.312,-1010.332797,-1001.131165,-0.06106189638,-1000
0.313,-1012.988847,-1001.162842,-0.05122596025,-1000
0.314,-1014.838174,-1001.191528,-0.03700464591,-1000
0.315,-1016.246581,-1000.996704,-0.04700867459,-1000
0.316,-1016.402965,-1000.932129,-0.06596692652,-1000
0.317,-1015.614442,-1000.879028,-0.06554944813,-1000
0.318,-1013.825774,-1000.865479,-0.06769935042,-1000
0.319,-1010.858242,-1000.705505,-0.08493629098,-1000
0.32,-1007.2881,-1000.805237,-0.06924403459,-1000
0.321,-1003.186138,-1000.87085,-0.06744593382,-1000
0.322,-998.842847,-1000.771606,-0.06939832866,-1000
0.323,-994.51161,-1000.678345,-0.07244178653,-1000
0.324,-990.4939568,-1000.65033,-0.0786196366,-1000
0.325,-986.7997885,-1000.550049,-0.08787329495,-1000
0.326,-983.8829875,-1000.36261,-0.09347424656,-1000
0.327,-981.536627,-1000.351074,-0.09860278666,-1000
0.328,-979.7278414,-1000.415955,-0.1159410402,-1000
0.329,-978.6221746,-1000.285828,-0.110153079,-1000
0.33,-977.6232634,-1000.331665,-0.09393933415,-1000
0.331,-977.3092911,-1000.508179,-0.0971545428,-1000
0.332,-977.2072115,-1000.40155,-0.1031711474,-1000
0.333,-977.3861188,-1000.21637,-0.1057982221,-1000
0.334,-977.9405754,-1000.253662,-0.1048795208,-1000
0.335,-978.5015783,-1000.395447,-0.1162941903,-1000
0.336,-979.8752338,-1000.198975,-0.1052714884,-1000
0.337,-981.2790086,-1000.204651,-0.0997305885,-1000
0.338,-983.2237584,-1000.255981,-0.1202590317,-1000
0.339,-985.7230186,-1000.200745,-0.1167185009,-1000
0.34,-988.1993354,-1000.23175,-0.1060792133,-1000
0.341,-991.4356861,-1000.030273,-0.1193436161,-1000
0.342,-994.2307473,-999.9287109,-0.1411962807,-1000
0.343,-997.0864719,-999.9364014,-0.139209345,-1000
0.344,-999.4837034,-999.9545288,-0.1344038099,-1000
0.345,-1001.007604,-999.8095093,-0.1550765485,-1000
0.346,-1002.083453,-999.8330078,-0.1487866342,-1000
0.347,-1001.599255,-999.9572144,-0.1431121975,-1000
0.348,-1000.576706,-999.8546753,-0.1537003368,-1000
0.349,-998.4098929,-999.8276978,-0.1396401674,-1000
0.35,-995.2551912,-999.9012451,-0.1527579576,-1000
0.351,-992.0160578,-999.8327637,-0.1528145969,-1000
0.352,-987.7842985,-999.6962891,-0.151620388,-1000
0.353,-984.0376247,-999.7094116,-0.1602760255,-1000
0.354,-980.1544955,-999.7221069,-0.1777986139,-1000
0.355,-976.5572629,-999.5363159,-0.1779187322,-1000
0.356,-974.0048271,-999.5987549,-0.1709219068,-1000
0.357,-971.4994865,-999.7869263,-0.1735651046,-1000
0.358,-970.2616304,-999.5930786,-0.1802318543,-1000
0.359,-969.0420442,-999.5010376,-0.1765195727,-1000
0.36,-968.531947,-999.6207886,-0.1836197972,-1000
0.361,-968.6826672,-999.602356,-0.1941386014,-1000
0.362,-968.6935747,-999.557312,-0.17028898,-1000
0.363,-969.7570762,-999.5383911,-0.1929983348,-1000
0.364,-970.2878125,-999.7015381,-0.1928711385,-1000
0.365,-971.4817383,-999.7233887,-0.1769217998,-1000
0.366,-973.1844671,-999.8660889,-0.1552745849,-1000
0.367,-974.9160824,-999.7056274,-0.1716399342,-1000
0.368,-977.6806096,-999.6266479,-0.1924127638,-1000
0.369,-980.0727115,-999.6965942,-0.1785516739,-1000
0.37,-983.4347951,-999.7075195,-0.180737108,-1000
0.371,-987.0239449,-999.4558716,-0.1950497329,-1000
0.372,-990.6160679,-999.5096436,-0.1987729967,-1000
0.373,-994.5489678,-999.5239868,-0.20353508,-1000
0.374,-997.3865375,-999.5041504,-0.2047607899,-1000
0.375,-1000.304867,-999.6640625,-0.1894736737,-1000
0.376,-1001.99963,-999.7243652,-0.1845183522,-1000
0.377,-1002.69204,-999.6710815,-0.1915168911,-1000
0.378,-1002.649126,-999.5167236,-0.1880696267,-1000
0.379,-1000.968451,-999.7686768,-0.192085743,-1000
0.38,-998.9419003,-999.5806885,-0.2002704293,-1000
0.381,-995.7581097,-999.5145874,-0.1914935857,-1000
0.382,-992.256091,-999.6429443,-0.1997227073,-1000
0.383,-988.6831544,-999.7183838,-0.2022229433,-1000
0.384,-984.7084935,-999.6469116,-0.1940044314,-1000
0.385,-981.6481789,-999.5180664,-0.1902397871,-1000
0.386,-978.4239486,-999.6737671,-0.2032966763,-1000
0.387,-976.1759469,-999.5695801,-0.2157201469,-1000
0.388,-974.4951564,-999.5574341,-0.18360883,-1000
0.389,-973.0413331,-999.5375366,-0.2140491456,-1000
0.39,-972.7093705,-999.5246582,-0.224097982,-1000
0.391,-972.0953421,-999.6155396,-0.1994297653,-1000
0.392,-972.3575094,-999.8242188,-0.1887727827,-1000
0.393,-972.8062529,-999.6080322,-0.1960910261,-1000
0.394,-973.3507904,-999.6685181,-0.2100807726,-1000
0.395,-974.5921938,-999.7976685,-0.1916427761,-1000
0.396,-975.5975819,-999.9052124,-0.1826941669,-1000
0.397,-977.5155671,-999.7034912,-0.1905006915,-1000
0.398,-979.4525005,-999.7042236,-0.1948811859,-1000
0.399,-981.7910318,-999.7116699,-0.2064424604,-1000
0.4,-984.8321624,-999.5835571,-0.2058190554,-1000
0.401,-987.7213833,-999.843689,-0.1853282154,-1000
0.402,-991.4138269,-999.755188,-0.1992540061,-1000
0.403,-994.6444407,-999.6309814,-0.2086971253,-1000
0.404,-997.7887852,-999.5690308,-0.2037031054,-1000
0.405,-1000.561081,-999.7722168,-0.2071446329,-1000
0.406,-1002.337306,-999.7446899,-0.2134057432,-1000
0.407,-1003.614016,-999.5385742,-0.2033907324,-1000
0.408,-1003.424208,-999.6918335,-0.2052105665,-1000
0.409,-1002.52774,-999.7908936,-0.2184788883,-1000
0.41,-1000.606279,-999.753479,-0.1946858019,-1000
0.411,-997.6491327,-999.7479248,-0.1932015419,-1000
0.412,-994.5389038,-999.6607666,-0.210389033,-1000
0.413,-990.6359402,-999.5772705,-0.2179525048,-1000
0.414,-986.9933907,-999.6833496,-0.202486068,-1000
0.415,-983.4554336,-999.5802612,-0.219098866,-1000
0.416,-980.1068653,-999.6334229,-0.2265403867,-1000
0.417,-977.7927391,-999.585144,-0.2129952163,-1000
0.418,-975.7021311,-999.838623,-0.2077889144,-1000
0.419,-974.5947849,-999.5429688,-0.2209456563,-1000
0.42,-973.8836308,-999.6039429,-0.2209091634,-1000
0.421,-973.6183012,-999.8168945,-0.2154033035,-1000
0.422,-974.0083083,-999.7223511,-0.2136283964,-1000
0.423,-974.4471544,-999.5595703,-0.2140787095,-1000
0.424,-975.5863401,-999.6777954,-0.2220407575,-1000
0.425,-976.6047969,-999.8448486,-0.2175407708,-1000
0.426,-977.9119435,-999.7949829,-0.2032202184,-1000
0.427,-979.8463502,-999.9432373,-0.1860853285,-1000
0.428,-981.8369436,-999.9616089,-0.2031600326,-1000
0.429,-984.5651877,-999.7940063,-0.2107209414,-1000
0.43,-987.3856534,-999.7814941,-0.1905145198,-1000
0.431,-990.7264044,-999.932373,-0.2039505541,-1000
0.432,-994.4852012,-999.8084106,-0.2159679979,-1000
0.433,-998.141065,-999.6376343,-0.2110384256,-1000
0.434,-1001.891377,-999.7542114,-0.2142503411,-1000
0.435,-1004.947635,-999.8126221,-0.225715667,-1000
0.436,-1007.537764,-999.8995361,-0.1963632554,-1000
0.437,-1009.233101,-999.9421387,-0.1916972399,-1000
0.438,-1009.731662,-999.9344482,-0.2021464556,-1000
0.439,-1009.416155,-999.8212891,-0.2148606926,-1000
0.44,-1007.811526,-999.9328003,-0.1841720939,-1000
0.441,-1005.396952,-999.8543091,-0.2071657479,-1000
0.442,-1002.396103,-999.8701172,-0.2156403512,-1000
0.443,-998.7696246,-999.8893433,-0.2012277544,-1000
0.444,-995.1777434,-999.9788818,-0.1994101256,-1000
0.445,-991.5278982,-999.7987061,-0.201886192,-1000
0.446,-988.3092837,-999.8684692,-0.2063378394,-1000
0.447,-985.5522024,-999.9820557,-0.1963362396,-1000
0.448,-983.3505842,-999.9159546,-0.2066650987,-1000
0.449,-981.8340544,-999.75,-0.2097243071,-1000
0.45,-980.6523622,-999.8859863,-0.2091961056,-1000
0.451,-980.141372,-999.9161377,-0.2123490721,-1000
0.452,-979.9255875,-999.8530884,-0.2028388232,-1000
0.453,-980.0122255,-1000.046204,-0.189138025,-1000
0.454,-980.6286962,-999.9675293,-0.199401319,-1000
0.455,-981.2225188,-1000.024536,-0.196395576,-1000
0.456,-982.2670401,-999.9207764,-0.1814690679,-1000
0.457,-983.6201831,-1000.244934,-0.1840479225,-1000
0.458,-985.3839188,-1000.007812,-0.1901436299,-1000
0.459,-987.6341766,-999.880249,-0.192838937,-1000
0.46,-990.0987941,-1000.083557,-0.1906640083,-1000
0.461,-993.1169914,-1000.139648,-0.1965150833,-1000
0.462,-996.4267431,-999.9655762,-0.1855546385,-1000
0.463,-999.946735,-999.8900757,-0.1908759326,-1000
0.464,-1003.370136,-999.9309082,-0.2041239887,-1000
0.465,-1006.332919,-999.9085083,-0.2112017572,-1000
0.466,-1008.827235,-999.8718262,-0.1878029555,-1000
0.467,-1010.433493,-999.9279785,-0.205475688,-1000
0.468,-1011.031735,-999.9830933,-0.2129511386,-1000
0.469,-1010.646202,-999.9483032,-0.1903372556,-1000
0.47,-1009.171731,-1000.160645,-0.1757768244,-1000
0.471,-1006.71547,-1000.088318,-0.1953724176,-1000
0.472,-1003.556542,-999.9563599,-0.1881037503,-1000
0.473,-999.8715533,-999.9477539,-0.1912568212,-1000
0.474,-995.9648723,-999.9349976,-0.2025859207,-1000
0.475,-992.1012293,-999.87146,-0.214542836,-1000
0.476,-988.5514026,-999.8201904,-0.206927225,-1000
0.477,-985.4751453,-999.8820801,-0.1998641193,-1000
0.478,-983.0756001,-999.8591309,-0.2188674212,-1000
0.479,-981.3688861,-999.9190063,-0.1900366098,-1000
0.48,-980.2262216,-999.8921509,-0.2059908211,-1000
0.481,-979.7040628,-999.8355103,-0.2213384807,-1000
0.482,-979.5684334,-999.8898926,-0.2020698041,-1000
0.483,-979.888249,-1000.041748,-0.192380473,-1000
0.484,-980.6426001,-999.8297119,-0.209449321,-1000
0.485,-981.5747371,-999.8982544,-0.2100762725,-1000
0.486,-982.7941576,-1000.056396,-0.1937517971,-1000
0.487,-984.3895196,-1000.258911,-0.1777493656,-1000
0.488,-986.4039342,-1000.004639,-0.186280489,-1000
0.489,-988.8496548,-999.9763794,-0.1898499429,-1000
0.49,-991.6059717,-1000.076111,-0.1989280581,-1000
0.491,-994.7698278,-999.9597778,-0.20268929,-1000
0.492,-998.3728912,-999.932312,-0.1866136193,-1000
0.493,-1002.190833,-999.9389038,-0.2048405409,-1000
0.494,-1005.897413,-999.9712524,-0.2114504129,-1000
0.495,-1009.278076,-999.8771973,-0.2008668035,-1000
0.496,-1012.008682,-1000.09967,-0.1851265728,-1000
0.497,-1014.015874,-1000.071106,-0.1971719861,-1000
0.498,-1014.960392,-999.9417114,-0.2016260773,-1000
0.499,-1014.835402,-999.9238892,-0.1884739846,-1000
0.5,-1013.694,-1000.115112,-0.1928857267,-1000
0.501,-1011.376744,-1000.057251,-0.2064389437,-1000
0.502,-1008.431343,-1000.017029,-0.1848729104,-1000
0.503,-1004.895689,-1000.133972,-0.1767817289,-1000
0.504,-1001.114862,-1000.07605,-0.1996828467,-1000
0.505,-997.3758906,-1000.015991,-0.1911653876,-1000
0.506,-993.8106025,-1000.004456,-0.1888730377,-1000
0.507,-990.7378878,-999.9697266,-0.2008438557,-1000
0.508,-988.2776503,-999.9000854,-0.2066458613,-1000
0.509,-986.4575543,-1000.017029,-0.1777523011,-1000
0.51,-985.2176718,-999.9708252,-0.2036022693,-1000
0.511,-984.455599,-999.9557495,-0.21524252,-1000
0.512,-984.1380614,-1000.116821,-0.1807583869,-1000
0.513,-984.1896506,-1000.140442,-0.1734313667,-1000
0.514,-984.648532,-1000.022888,-0.1889264733,-1000
0.515,-985.3199818,-1000.033691,-0.1987511814,-1000
0.516,-986.1844231,-1000.153992,-0.1767652184,-1000
0.517,-987.467563,-1000.200806,-0.1790561229,-1000
0.518,-989.07435,-1000.101135,-0.1801165491,-1000
0.519,-991.116536,-1000.156006,-0.1822684109,-1000
0.52,-993.4892632,-1000.223083,-0.1753848642,-1000
0.521,-996.1784669,-1000.11261,-0.1818306595,-1000
0.522,-999.374224,-1000.157898,-0.1722110212,-1000
0.523,-1002.72766,-1000.097595,-0.18342489,-1000
0.524,-1006.045804,-999.9801636,-0.1931734383,-1000
0.525,-1009.077797,-999.8989868,-0.1941830814,-1000
0.526,-1011.473403,-1000.086365,-0.1907175034,-1000
0.527,-1013.357601,-1000.021545,-0.1981031299,-1000
0.528,-1014.104613,-999.8635254,-0.1940112114,-1000
0.529,-1013.906945,-999.9938354,-0.1919225901,-1000
0.53,-1012.704845,-1000.227966,-0.1924384683,-1000
0.531,-1010.331178,-1000.106079,-0.1756888479,-1000
0.532,-1007.395892,-999.9755859,-0.1769266427,-1000
0.533,-1003.783096,-1000.037109,-0.1942386478,-1000
0.534,-999.9385926,-1000.014343,-0.20293127,-1000
0.535,-996.0655649,-999.9608765,-0.1780322194,-1000
0.536,-992.3337052,-999.9356689,-0.1986230463,-1000
0.537,-989.181721,-999.9917603,-0.2060015798,-1000
0.538,-986.5764774,-999.9152832,-0.2008408159,-1000
0.539,-984.7119995,-999.9844971,-0.1816158444,-1000
0.54,-983.4348608,-999.8659058,-0.2048925757,-1000
0.541,-982.6841687,-999.8942871,-0.2184262723,-1000
0.542,-982.4941348,-999.9688721,-0.1860578656,-1000
0.543,-982.6148016,-1000.010132,-0.1996060759,-1000
0.544,-983.2459569,-999.8950195,-0.2049995214,-1000
0.545,-984.1067967,-999.9710083,-0.1979890168,-1000
0.546,-985.110405,-1000.150024,-0.1870202571,-1000
0.547,-986.6023232,-1000.14502,-0.1819918156,-1000
0.548,-988.3950435,-1000.074463,-0.183497563,-1000
0.549,-990.6913902,-1000.03302,-0.1806980073,-1000
0.55,-993.3419472,-1000.011841,-0.1911513805,-1000
0.551,-996.3338574,-999.9182739,-0.1968090832,-1000
0.552,-999.9330225,-1000.127869,-0.1783421636,-1000
0.553,-1003.653747,-999.9279175,-0.1954145581,-1000
0.554,-1007.458494,-999.8374634,-0.2053690255,-1000
0.555,-1010.918868,-999.8320923,-0.2074429989,-1000
0.556,-1013.751622,-1000.184387,-0.1885600686,-1000
0.557,-1016.125904,-1000.103455,-0.1860667765,-1000
0.558,-1017.245878,-999.8972778,-0.1873053014,-1000
0.559,-1017.448031,-1000.08136,-0.187201187,-1000
0.56,-1016.527478,-1000.122009,-0.1944931746,-1000
0.561,-1014.387199,-999.9661865,-0.1888814867,-1000
0.562,-1011.680024,-1000.041809,-0.1827730983,-1000
0.563,-1008.160083,-1000.140503,-0.1883501261,-1000
0.564,-1004.455958,-1000.084412,-0.1917555183,-1000
0.565,-1000.61947,-1000.04248,-0.1665666848,-1000
0.566,-996.9241174,-1000.093445,-0.186990872,-1000
0.567,-993.8067915,-1000.151672,-0.1956918091,-1000
0.568,-991.0896824,-999.9041138,-0.1856083125,-1000
0.569,-989.157703,-999.9758301,-0.1862701774,-1000
0.57,-987.6796708,-999.9304199,-0.2041549385,-1000
0.571,-986.6976354,-999.9534302,-0.204599753,-1000
0.572,-986.2762566,-1000.057495,-0.1758629233,-1000
0.573,-986.070172,-1000.217407,-0.1735643297,-1000
0.574,-986.4441742,-1000.164368,-0.1827442646,-1000
0.575,-987.0210862,-1000.047119,-0.1772444993,-1000
0.576,-987.746763,-1000.083862,-0.1761973798,-1000
0.577,-989.017868,-1000.205933,-0.1844921708,-1000
0.578,-990.5189518,-1000.143066,-0.176127553,-1000
0.579,-992.5666152,-1000.130249,-0.1732416898,-1000
0.58,-994.9242129,-1000.146729,-0.1743763387,-1000
0.581,-997.6298213,-1000.092102,-0.1809685081,-1000
0.582,-1000.966501,-1000.22467,-0.1626628339,-1000
0.583,-1004.323324,-1000.065918,-0.178242296,-1000
0.584,-1007.792445,-999.8790283,-0.1926309615,-1000
0.585,-1010.875348,-1000.029114,-0.1939706802,-1000
0.586,-1013.321557,-1000.161377,-0.1775860339,-1000
0.587,-1015.366717,-1000.032288,-0.1815595329,-1000
0.588,-1016.148148,-999.963562,-0.1893195361,-1000
0.589,-1016.050841,-1000.111633,-0.1810666025,-1000
0.59,-1014.8429,-1000.241028,-0.178092733,-1000
0.591,-1012.491079,-999.9818726,-0.1712160259,-1000
0.592,-1009.615504,-1000.013062,-0.1846844107,-1000
0.593,-1005.908416,-1000.006592,-0.1979004741,-1000
0.594,-1002.045247,-999.8735962,-0.1975312084,-1000
0.595,-998.0239281,-999.8175049,-0.1888957173,-1000
0.596,-994.1846981,-1000.003784,-0.1985896826,-1000
0.597,-990.9823164,-1000.072754,-0.1949328184,-1000
0.598,-988.2323985,-999.8607788,-0.1848564148,-1000
0.599,-986.3540335,-1000.041443,-0.1826794147,-1000
0.6,-984.9805298,-999.9611816,-0.2043113708,-1000
0.601,-984.1545004,-999.8393555,-0.2001786828,-1000
0.602,-983.9943806,-999.93573,-0.1875169426,-1000
0.603,-984.0524187,-1000.020569,-0.1984713972,-1000
0.604,-984.7499966,-999.9997559,-0.1997487396,-1000
0.605,-985.6344052,-999.9279785,-0.1845496446,-1000
0.606,-986.6760765,-1000.150574,-0.1806902736,-1000
0.607,-988.2438947,-1000.20282,-0.185597375,-1000
0.608,-990.0009045,-1000.107239,-0.1669280678,-1000
0.609,-992.3632183,-1000.069885,-0.1780320704,-1000
0.61,-994.9819882,-1000.027588,-0.1929731071,-1000
0.611,-997.9345597,-1000.012024,-0.1911779344,-1000
0.612,-1001.546439,-1000.06665,-0.1637835354,-1000
0.613,-1005.14058,-999.9230957,-0.19767721,-1000
0.614,-1008.932642,-999.890625,-0.208120808,-1000
0.615,-1012.299006,-1000.007874,-0.1900032461,-1000
0.616,-1015.047377,-1000.165527,-0.1720457375,-1000
0.617,-1017.371179,-1000.052734,-0.179017663,-1000
0.618,-1018.381394,-999.9987793,-0.1884547919,-1000
0.619,-1018.533338,-1000.067017,-0.1787874401,-1000
0.62,-1017.486001,-1000.046021,-0.184226647,-1000
0.621,-1015.317644,-999.9329224,-0.1881823391,-1000
0.622,-1012.574848,-1000.08374,-0.18513228,-1000
0.623,-1008.987745,-1000.04071,-0.1842884123,-1000
0.624,-1005.301828,-1000.0177,-0.1849480718,-1000
0.625,-1001.400567,-1000.113647,-0.1707490981,-1000
0.626,-997.7001644,-1000.113953,-0.1809634417,-1000
0.627,-994.6059812,-1000.041138,-0.1855512112,-1000
0.628,-991.8934243,-999.8809204,-0.1822813153,-1000
0.629,-990.0248993,-1000.053894,-0.1898427159,-1000
0.63,-988.5556684,-999.859436,-0.2053300142,-1000
0.631,-987.611979,-999.8483276,-0.1927810609,-1000
0.632,-987.2519038,-1000.057495,-0.1844116747,-1000
0.633,-987.0611624,-1000.221802,-0.1780302078,-1000
0.634,-987.4830586,-1000.066833,-0.1770718396,-1000
0.635,-988.0366683,-1000.03186,-0.1713668853,-1000
0.636,-988.755187,-1000.2052,-0.1709329188,-1000
0.637,-989.988563,-1000.247742,-0.1751657128,-1000
0.638,-991.392709,-1000.060852,-0.1586256623,-1000
0.639,-993.3964908,-1000.049438,-0.1795176268,-1000
0.64,-995.6421558,-1000.160339,-0.1861188263,-1000
0.641,-998.2351566,-1000.129822,-0.1728739589,-1000
0.642,-1001.477827,-1000.175659,-0.1512946039,-1000
0.643,-1004.699904,-1000.056946,-0.1782737374,-1000
0.644,-1008.140313,-999.9423218,-0.2014432847,-1000
0.645,-1011.206067,-999.9362183,-0.1803636998,-1000
0.646,-1013.683775,-1000.099915,-0.1781325042,-1000
0.647,-1015.800858,-999.9455566,-0.1941376328,-1000
0.648,-1016.619804,-999.9518433,-0.1859677136,-1000
0.649,-1016.639169,-1000.102417,-0.1737429798,-1000
0.65,-1015.509757,-1000.09021,-0.1817354113,-1000
0.651,-1013.268457,-1000.078186,-0.1701226085,-1000
0.652,-1010.489583,-1000.101562,-0.1782362461,-1000
0.653,-1006.822141,-1000.049744,-0.1800026,-1000
0.654,-1003.031427,-999.8857422,-0.1876766831,-1000
0.655,-999.0091057,-999.9234619,-0.1812587231,-1000
0.656,-995.1905231,-1000.011963,-0.1930479109,-1000
0.657,-991.9860958,-999.8889771,-0.1954757571,-1000
0.658,-989.144763,-999.8140259,-0.191834271,-1000
0.659,-987.227324,-1000.063232,-0.1857576221,-1000
0.66,-985.7639045,-999.9560547,-0.1941144317,-1000
0.661,-984.8768245,-999.7910767,-0.1998767704,-1000
0.662,-984.6673442,-999.9054565,-0.1905705035,-1000
0.663,-984.6238537,-1000.072815,-0.1990617067,-1000
0.664,-985.2577962,-999.8737183,-0.1927385926,-1000
0.665,-986.0485954,-999.899292,-0.1854581982,-1000
0.666,-987.0209013,-1000.106995,-0.1858080477,-1000
0.667,-988.535269,-1000.223999,-0.1831890196,-1000
0.668,-990.2273104,-1000.145203,-0.1601235867,-1000
0.669,-992.5603114,-1000.040405,-0.1697082967,-1000
0.67,-995.1374093,-1000.026062,-0.1919170469,-1000
0.671,-998.0864749,-999.9418335,-0.1877785027,-1000
0.672,-1001.691828,-1000.092834,-0.1659563631,-1000
0.673,-1005.2873,-999.968811,-0.1895567179,-1000
0.674,-1009.129223,-999.9488525,-0.195243001,-1000
0.675,-1012.540417,-999.8737793,-0.1870313287,-1000
0.676,-1015.335652,-1000.086243,-0.1801300794,-1000
0.677,-1017.725155,-1000.056763,-0.1891796291,-1000
0.678,-1018.775622,-999.9696655,-0.1829130203,-1000
0.679,-1018.959934,-1000.047729,-0.1753452718,-1000
0.68,-1017.917029,-1000.057495,-0.1885914952,-1000
0.681,-1015.772807,-1000.040405,-0.1843768954,-1000
0.682,-1013.041361,-1000.089111,-0.1759506315,-1000
0.683,-1009.425698,-1000.035278,-0.1771148145,-1000
0.684,-1005.688898,-999.9537964,-0.1930536479,-1000
0.685,-1001.716865,-1000.03949,-0.1738843322,-1000
0.686,-997.9544401,-1000.033997,-0.182288751,-1000
0.687,-994.778453,-999.9741821,-0.1913477033,-1000
0.688,-991.9880439,-999.8626099,-0.1838196218,-1000
0.689,-990.0489694,-1000.097778,-0.1837302744,-1000
0.69,-988.5094799,-999.9248047,-0.1927412599,-1000
0.691,-987.5282706,-999.7910156,-0.1921301782,-1000
0.692,-987.1529722,-1000.003845,-0.1872207522,-1000
0.693,-986.9226455,-1000.17627,-0.1852004975,-1000
0.694,-987.3405289,-1000.043213,-0.1733593047,-1000
0.695,-987.8964061,-999.9689941,-0.1752622575,-1000
0.696,-988.6472642,-1000.212097,-0.1716537327,-1000
0.697,-989.9300551,-1000.222534,-0.1715017557,-1000
0.698,-991.3941811,-1000.06012,-0.1577052474,-1000
0.699,-993.4696825,-1000.045654,-0.1782075763,-1000
0.7,-995.7699158,-1000.131958,-0.1883330643,-1000
0.701,-998.4049342,-1000.051392,-0.1715902686,-1000
0.702,-1001.690665,-1000.176208,-0.1516285986,-1000
0.703,-1004.942242,-1000.073914,-0.1833073199,-1000
0.704,-1008.416437,-999.9520264,-0.1867512912,-1000
0.705,-1011.45433,-999.8884888,-0.1835015416,-1000
0.706,-1013.931191,-1000.017944,-0.185590297,-1000
0.707,-1016.006083,-1000.044678,-0.1936651319,-1000
0.708,-1016.769805,-999.9955444,-0.1806990653,-1000
0.709,-1016.740313,-1000.021057,-0.1687881649,-1000
0.71,-1015.518181,-1000.107971,-0.1876791567,-1000
0.711,-1013.204894,-1000.017212,-0.1748468876,-1000
0.712,-1010.328647,-1000.093018,-0.1668536067,-1000
0.713,-1006.588648,-999.9957886,-0.181809783,-1000
0.714,-1002.721517,-999.9128418,-0.1940832287,-1000
0.715,-998.6333397,-999.9002686,-0.1853122264,-1000
0.716,-994.7778456,-999.9055786,-0.1863381118,-1000
0.717,-991.5258626,-999.9417725,-0.2008116245,-1000
0.718,-988.7141875,-999.8746948,-0.1915740669,-1000
0.719,-986.8280409,-999.9819336,-0.1801998019,-1000
0.72,-985.3945168,-999.7567139,-0.2013582587,-1000
0.721,-984.6162076,-999.776123,-0.2121873647,-1000
0.722,-984.4871476,-999.9882812,-0.183458969,-1000
0.723,-984.5356512,-999.9641724,-0.1928420216,-1000
0.724,-985.2487879,-999.8170776,-0.1989665329,-1000
0.725,-986.0932279,-999.9255981,-0.1942569315,-1000
0.726,-987.1127257,-1000.139709,-0.1819786131,-1000
0.727,-988.6608347,-1000.105286,-0.1751272976,-1000
0.728,-990.3549983,-1000.058716,-0.1709815413,-1000
0.729,-992.6708031,-1000.055298,-0.1834613979,-1000
0.73,-995.2163459,-999.9980469,-0.1880107224,-1000
0.731,-998.1385485,-999.9455566,-0.1833733916,-1000
0.732,-1001.694093,-1000.062805,-0.1725301296,-1000
0.733,-1005.241203,-1000.010498,-0.1920733452,-1000
0.734,-1009.049736,-999.8363037,-0.193315044,-1000
0.735,-1012.408365,-999.8383179,-0.1912597567,-1000
0.736,-1015.21185,-1000.099487,-0.188718617,-1000
0.737,-1017.600028,-1000.030029,-0.184163928,-1000
0.738,-1018.65181,-999.9142456,-0.1825439334,-1000
0.739,-1018.909816,-1000.075623,-0.1779040396,-1000
0.74,-1017.927843,-1000.132629,-0.1893168688,-1000
0.741,-1015.820842,-999.9898682,-0.1750824898,-1000
0.742,-1013.133137,-1000.007141,-0.176822111,-1000
0.743,-1009.584314,-1000.010193,-0.1909510195,-1000
0.744,-1005.943067,-1000.035889,-0.1881211847,-1000
0.745,-1002.05001,-1000.044373,-0.1628460437,-1000
0.746,-998.3556943,-1000.002258,-0.17818138,-1000
0.747,-995.22348,-1000.009583,-0.2007360756,-1000
0.748,-992.4496529,-999.8425903,-0.1796331704,-1000
0.749,-990.5232461,-999.9741211,-0.1813687682,-1000
0.75,-988.9530095,-999.87323,-0.2034915686,-1000
0.751,-987.9561697,-999.9871826,-0.1929353029,-1000
0.752,-987.5498625,-1000.106628,-0.1701429486,-1000
0.753,-987.2620766,-1000.094116,-0.1746166945,-1000
0.754,-987.638214,-1000.027649,-0.1884536147,-1000
0.755,-988.1347633,-999.9876709,-0.1796242744,-1000
0.756,-988.8290358,-1000.085693,-0.1720769107,-1000
0.757,-990.0462999,-1000.118835,-0.1800219715,-1000
0.758,-991.4292305,-1000.09552,-0.1705028117,-1000
0.759,-993.4313776,-1000.120544,-0.1724278629,-1000
0.76,-995.6655074,-1000.110352,-0.1716067046,-1000
0.761,-998.2899357,-1000.0625,-0.1749323905,-1000
0.762,-1001.565275,-1000.301392,-0.1559903771,-1000
0.763,-1004.8004,-1000.11969,-0.1656913012,-1000
0.764,-1008.295449,-999.861145,-0.1889279932,-1000
0.765,-1011.363209,-999.8858643,-0.1933149546,-1000
0.766,-1013.916295,-1000.057861,-0.186990127,-1000
0.767,-1016.096306,-999.9196167,-0.1895454377,-1000
0.768,-1016.972508,-999.8755493,-0.189372465,-1000
0.769,-1017.067849,-1000.07074,-0.1812806576,-1000
0.77,-1015.952211,-1000.137024,-0.1873464435,-1000
0.771,-1013.744315,-999.9527588,-0.1664628983,-1000
0.772,-1010.972295,-1000.08728,-0.1700579822,-1000
0.773,-1007.275938,-1000.08313,-0.1862432808,-1000
0.774,-1003.475637,-999.9555054,-0.1816895753,-1000
0.775,-999.3860609,-999.9075928,-0.1758435071,-1000
0.776,-995.5397956,-999.9302368,-0.1955760568,-1000
0.777,-992.2732841,-999.9299927,-0.1995986402,-1000
0.778,-989.379352,-999.8302612,-0.1879193187,-1000
0.779,-987.4312932,-1000.02002,-0.1794720441,-1000
0.78,-985.9270258,-999.9215698,-0.2053469121,-1000
0.781,-985.0550046,-999.8287354,-0.1944890022,-1000
0.782,-984.8487731,-999.9078369,-0.1847667098,-1000
0.783,-984.8149702,-999.9429321,-0.2028708309,-1000
0.784,-985.4777178,-999.9224854,-0.2014698237,-1000
0.785,-986.2877485,-999.869873,-0.1869539618,-1000
0.786,-987.2713777,-1000.088196,-0.1786524504,-1000
0.787,-988.801061,-1000.190552,-0.1829744726,-1000
0.788,-990.4907159,-1000.149658,-0.1577060372,-1000
0.789,-992.8405377,-1000.079468,-0.1679576188,-1000
0.79,-995.4211513,-999.989624,-0.186227262,-1000
0.791,-998.412577,-999.9855347,-0.1859789789,-1000
0.792,-1002.066877,-1000.082764,-0.1668611914,-1000
0.793,-1005.692197,-999.8479614,-0.1947567016,-1000
0.794,-1009.584608,-999.850708,-0.2066392601,-1000
0.795,-1013.021543,-999.8955078,-0.1922355741,-1000
0.796,-1015.857207,-1000.090393,-0.1795513779,-1000
0.797,-1018.316714,-999.9839478,-0.1827394962,-1000
0.798,-1019.393023,-999.9996948,-0.1835078001,-1000
0.799,-1019.642259,-1000.107361,-0.1712614596,-1000
0.8,-1018.591297,-1000.064453,-0.1815296412,-1000
0.801,-1016.426887,-999.9365845,-0.1832819581,-1000
0.802,-1013.668839,-1000.134644,-0.1763162613,-1000
0.803,-1010.004034,-1000.092102,-0.1747735441,-1000
0.804,-1006.261743,-999.9959717,-0.1766896844,-1000
0.805,-1002.22508,-1000.045593,-0.1752911359,-1000
0.806,-998.4446396,-1000.048584,-0.1828138381,-1000
0.807,-995.2425693,-999.9994507,-0.1875983775,-1000
0.808,-992.4072492,-999.8720093,-0.1814948618,-1000
0.809,-990.4752671,-1000.046936,-0.1852868497,-1000
0.81,-988.8877153,-999.9038086,-0.1974089146,-1000
0.811,-987.8878855,-999.8416138,-0.1857183576,-1000
0.812,-987.5324316,-1000.101257,-0.1774910688,-1000
0.813,-987.3015493,-1000.173157,-0.1791620851,-1000
0.814,-987.7446857,-1000.042175,-0.1773818135,-1000
0.815,-988.3120926,-999.9078979,-0.1770872623,-1000
0.816,-989.0740865,-1000.147034,-0.1744794697,-1000
0.817,-990.3370357,-1000.207642,-0.1806009263,-1000
0.818,-991.757677,-1000.033997,-0.1538874358,-1000
0.819,-993.8064456,-1000.046082,-0.1747560948,-1000
0.82,-996.0744303,-1000.105896,-0.190796867,-1000
0.821,-998.7015684,-1000.129761,-0.1716816276,-1000
0.822,-1001.960619,-1000.283813,-0.1438023597,-1000
0.823,-1005.173529,-1000.122009,-0.1643384844,-1000
0.824,-1008.633187,-999.9298706,-0.1947175115,-1000
0.825,-1011.675282,-999.8860474,-0.182773307,-1000
0.826,-1014.158567,-1000.005188,-0.1840617508,-1000
0.827,-1016.292788,-999.8890381,-0.1992641389,-1000
0.828,-1017.085664,-999.9295044,-0.1891950518,-1000
0.829,-1017.119017,-1000.004089,-0.1759084314,-1000
0.83,-1015.961254,-1000.100403,-0.1850568652,-1000
0.831,-1013.70845,-1000.131409,-0.168202132,-1000
0.832,-1010.913746,-1000.135376,-0.1628255397,-1000
0.833,-1007.231671,-1000.043457,-0.1720348895,-1000
0.834,-1003.462768,-999.8421021,-0.1868669242,-1000
0.835,-999.4467804,-999.9277954,-0.188670516,-1000
0.836,-995.6634515,-999.855835,-0.1979716569,-1000
0.837,-992.5177192,-999.8650513,-0.1966197342,-1000
0.838,-989.738589,-999.8139648,-0.1951601356,-1000
0.839,-987.8978589,-1000.12085,-0.1795713902,-1000
0.84,-986.4700435,-999.9467773,-0.1893212646,-1000
0.841,-985.6600516,-999.7913208,-0.1913754642,-1000
0.842,-985.5286356,-1000.003845,-0.1838859618,-1000
0.843,-985.4946255,-999.9918823,-0.1889587194,-1000
0.844,-986.1607622,-999.8397217,-0.1942735463,-1000
0.845,-986.9274658,-999.8955078,-0.1934769154,-1000
0.846,-987.8707862,-1000.132568,-0.1804953516,-1000
0.847,-989.3650355,-1000.137512,-0.1756907851,-1000
0.848,-991.0138421,-1000.083435,-0.1577503681,-1000
0.849,-993.3319171,-1000.092712,-0.1751210839,-1000
0.85,-995.8605307,-1000.00293,-0.186734736,-1000
0.851,-998.7572338,-999.8889771,-0.1800764203,-1000
0.852,-1002.350066,-1000.050598,-0.1699675322,-1000
0.853,-1005.884091,-999.9979248,-0.1905277222,-1000
0.854,-1009.71902,-999.8937988,-0.192489028,-1000
0.855,-1013.109855,-999.883606,-0.1810506731,-1000
0.856,-1015.920355,-1000.147217,-0.1840079427,-1000
0.857,-1018.371978,-1000.081909,-0.1779218763,-1000
0.858,-1019.440867,-999.9138794,-0.1750963181,-1000
0.859,-1019.734612,-999.9996948,-0.178361699,-1000
0.86,-1018.78299,-1000.045837,-0.1938835531,-1000
0.861,-1016.668208,-999.9814453,-0.1826547831,-1000
0.862,-1014.02242,-1000.045471,-0.168866694,-1000
0.863,-1010.448973,-1000.06134,-0.1771268249,-1000
0.864,-1006.795774,-1000.075806,-0.1858466864,-1000
0.865,-1002.867044,-1000.116089,-0.1639912128,-1000
0.866,-999.1021167,-999.9890137,-0.1743838042,-1000
0.867,-995.9460929,-1000.096069,-0.187570706,-1000
0.868,-993.085465,-1000.000916,-0.1759298444,-1000
0.869,-991.1097377,-1000.055054,-0.167345494,-1000
0.87,-989.509855,-999.8724976,-0.1952014416,-1000
0.871,-988.4486133,-999.852356,-0.1996405274,-1000
0.872,-988.0170858,-1000.143921,-0.1717135161,-1000
0.873,-987.6877405,-1000.165955,-0.1674992889,-1000
0.874,-988.0319817,-1000.044495,-0.1745866984,-1000
0.875,-988.4959883,-1000.069336,-0.1782138944,-1000
0.876,-989.1322972,-1000.189697,-0.1585315317,-1000
0.877,-990.3607556,-1000.189148,-0.1644188613,-1000
0.878,-991.733312,-1000.090637,-0.1591246724,-1000
0.879,-993.7411968,-1000.117371,-0.1734369397,-1000
0.88,-995.970221,-1000.013123,-0.1786435992,-1000
0.881,-998.5865482,-999.9703369,-0.1780779213,-1000
0.882,-1001.878235,-1000.247498,-0.1584077626,-1000
0.883,-1005.114246,-1000.135254,-0.1709621996,-1000
0.884,-1008.59308,-999.942627,-0.1785726696,-1000
0.885,-1011.657928,-999.9100952,-0.1846671551,-1000
0.886,-1014.153555,-1000.048828,-0.1874884516,-1000
0.887,-1016.28828,-999.9215088,-0.1873684525,-1000
0.888,-1017.093229,-999.8709717,-0.1843667477,-1000
0.889,-1017.117277,-1000.049133,-0.1831832826,-1000
0.89,-1015.934754,-1000.180237,-0.1814269274,-1000
0.891,-1013.629661,-1000.087402,-0.1604973674,-1000
0.892,-1010.799201,-1000.016846,-0.1620545089,-1000
0.893,-1007.068394,-1000.108521,-0.1797053814,-1000
0.894,-1003.243517,-999.9038696,-0.1821077168,-1000
0.895,-999.1760134,-999.8624268,-0.1796013713,-1000
0.896,-995.2916688,-999.8555908,-0.1985043287,-1000
0.897,-992.0246534,-999.901123,-0.2009500116,-1000
0.898,-989.1660803,-999.8394165,-0.1836512983,-1000
0.899,-987.2423136,-999.9765625,-0.1729902923,-1000
0.9,-985.7755322,-999.8821411,-0.2028964311,-1000
0.901,-984.8865073,-999.8516235,-0.1951105446,-1000
0.902,-984.6966308,-999.9569702,-0.1792877913,-1000
0.903,-984.6984005,-999.9701538,-0.1874787062,-1000
0.904,-985.3755725,-999.8617554,-0.1955381632,-1000
0.905,-986.2160684,-999.9036255,-0.1907913387,-1000
0.906,-987.2398414,-999.9918213,-0.1791100651,-1000
0.907,-988.8247887,-1000.09906,-0.1856548637,-1000
0.908,-990.5692123,-1000.046631,-0.1690077633,-1000
0.909,-992.9465936,-999.9998169,-0.1759263426,-1000
0.91,-995.568697,-999.96875,-0.1867393404,-1000
0.911,-998.5318748,-999.9778442,-0.1842381209,-1000
0.912,-1002.152108,-1000.092957,-0.1649263501,-1000
0.913,-1005.711449,-999.934082,-0.1776637733,-1000
0.914,-1009.490363,-999.8925171,-0.1994788349,-1000
0.915,-1012.848371,-999.9318237,-0.1885965168,-1000
0.916,-1015.594548,-1000.169678,-0.1712431163,-1000
0.917,-1017.925446,-999.9619751,-0.1776645035,-1000
0.918,-1018.904027,-999.9389038,-0.1824102402,-1000
0.919,-1019.059301,-1000.045044,-0.183440268,-1000
0.92,-1018.006136,-1000.00238,-0.1890906543,-1000
0.921,-1015.798747,-999.8913574,-0.1823810637,-1000
0.922,-1013.030054,-1000.015869,-0.184053421,-1000
0.923,-1009.375738,-1000.090759,-0.1828383356,-1000
0.924,-1005.642291,-999.9691162,-0.1791828275,-1000
0.925,-1001.671218,-1000.101135,-0.1617151797,-1000
0.926,-997.8927234,-1000.090881,-0.1824795753,-1000
0.927,-994.7207864,-1000.044189,-0.1817072481,-1000
0.928,-991.9331839,-999.8985596,-0.1720165759,-1000
0.929,-989.9969626,-999.9612427,-0.1788139343,-1000
0.93,-988.473321,-999.8961182,-0.2033290714,-1000
0.931,-987.4915341,-999.8354492,-0.1963012367,-1000
0.932,-987.1037688,-999.984436,-0.1729777604,-1000
0.933,-986.8657484,-1000.090698,-0.1871174127,-1000
0.934,-987.2571798,-1000.024475,-0.1816094816,-1000
0.935,-987.7874504,-1000.01178,-0.1719695926,-1000
0.936,-988.4907631,-1000.072815,-0.1698790044,-1000
0.937,-989.7137545,-1000.221741,-0.1779174507,-1000
0.938,-991.1090603,-1000.051575,-0.1596965045,-1000
0.939,-993.091583,-999.9904175,-0.1678210199,-1000
0.94,-995.3303964,-1000.013916,-0.1928536147,-1000
0.941,-997.9438197,-999.9871216,-0.1847388595,-1000
0.942,-1001.184546,-1000.16925,-0.160005942,-1000
0.943,-1004.439144,-1000.049438,-0.1695625782,-1000
0.944,-1007.894127,-999.9918823,-0.1901781857,-1000
0.945,-1010.95623,-999.9284058,-0.1813815534,-1000
0.946,-1013.454803,-1000.002808,-0.1785220504,-1000
0.947,-1015.566039,-999.8564453,-0.1977068633,-1000
0.948,-1016.375095,-999.8664551,-0.1923848391,-1000
0.949,-1016.382711,-1000.014893,-0.1760382801,-1000
0.95,-1015.199675,-1000.050354,-0.1859125495,-1000
0.951,-1012.935488,-1000.047546,-0.1789241582,-1000
0.952,-1010.12671,-1000.113403,-0.1633610576,-1000
0.953,-1006.452854,-1000.042175,-0.1752160341,-1000
0.954,-1002.647952,-999.8535156,-0.1890595406,-1000
0.955,-998.6038154,-999.8953857,-0.1890755296,-1000
0.956,-994.7835785,-999.9425049,-0.1941934526,-1000
0.957,-991.562659,-999.8132935,-0.1963827759,-1000
0.958,-988.7664871,-999.7416992,-0.2025506198,-1000
0.959,-986.8736607,-1000.008484,-0.1867077202,-1000
0.96,-985.4448094,-999.894043,-0.1963261217,-1000
0.961,-984.6244136,-999.7631226,-0.1995009184,-1000
0.962,-984.4445592,-999.9000244,-0.1843170822,-1000
0.963,-984.4348756,-999.9902954,-0.2035551071,-1000
0.964,-985.0969073,-999.8132324,-0.1962937564,-1000
0.965,-985.8990102,-999.857605,-0.1860181242,-1000
0.966,-986.888533,-1000.018982,-0.1928429455,-1000
0.967,-988.3950234,-1000.137146,-0.1890239865,-1000
0.968,-990.0865217,-1000.084595,-0.161413148,-1000
0.969,-992.4059543,-999.9893188,-0.1714713722,-1000
0.97,-994.9844419,-1000.077515,-0.1921133399,-1000
0.971,-997.9306682,-999.9680176,-0.1789797992,-1000
0.972,-1001.53896,-1000.016907,-0.1705656201,-1000
0.973,-1005.135474,-999.857605,-0.1968014687,-1000
0.974,-1008.988769,-999.8422852,-0.2040579468,-1000
0.975,-1012.42086,-999.8925781,-0.1871216744,-1000
0.976,-1015.268692,-1000.086365,-0.1787851155,-1000
0.977,-1017.720766,-1000.032837,-0.1889666319,-1000
0.978,-1018.833883,-999.9091797,-0.1811770797,-1000
0.979,-1019.124337,-1000.016907,-0.1756979525,-1000
0.98,-1018.165592,-999.9727783,-0.1938317418,-1000
0.981,-1016.105634,-999.9573975,-0.1900551319,-1000
0.982,-1013.444145,-1000.071472,-0.1830440313,-1000
0.983,-1009.883363,-999.9694214,-0.1832889169,-1000
0.984,-1006.206987,-999.914978,-0.1947199404,-1000
0.985,-1002.259647,-1000.06665,-0.1719726324,-1000
0.986,-998.5137496,-1000.089966,-0.1742251962,-1000
0.987,-995.3320755,-1000.031738,-0.1838228554,-1000
0.988,-992.5081877,-999.9555664,-0.179119125,-1000
0.989,-990.5262553,-1000.099976,-0.1786310822,-1000
0.99,-988.8940538,-999.9232788,-0.1856867522,-1000
0.991,-987.8488233,-999.824707,-0.1945696771,-1000
0.992,-987.4045059,-999.9929199,-0.1885350049,-1000
0.993,-987.1283692,-1000.166138,-0.1831745356,-1000
0.994,-987.5286104,-1000.022888,-0.1755716354,-1000
0.995,-988.060092,-999.9662476,-0.1745185405,-1000
0.996,-988.8168686,-1000.165283,-0.1796859056,-1000
0.997,-990.101317,-1000.145142,-0.1754453033,-1000
0.998,-991.5480953,-1000.018433,-0.1623946428,-1000
0.999,-993.6280817,-1000.091492,-0.1747591496,-1000
1,-995.9178402,-1000.178101,-0.1823561937,-1000
1.001,-998.5821434,-1000.032104,-0.1675561517,-1000
1.002,-1001.871356,-1000.227417,-0.155080691,-1000
1.003,-1005.112261,-1000.115479,-0.1797447503,-1000
1.004,-1008.57885,-1000.002197,-0.1818183511,-1000
1.005,-1011.606688,-999.901123,-0.1781933457,-1000
1.006,-1014.086919,-1000.003052,-0.1839102656,-1000
1.007,-1016.175867,-999.9796753,-0.1990104914,-1000
1.008,-1016.944801,-999.8358765,-0.1885572523,-1000
1.009,-1016.945214,-1000.00885,-0.176416859,-1000
1.01,-1015.725199,-1000.148865,-0.189623028,-1000
1.011,-1013.421945,-1000.118835,-0.1636076421,-1000
1.012,-1010.567798,-1000.064697,-0.1657853723,-1000
1.013,-1006.809531,-999.9570923,-0.1803084463,-1000
1.014,-1002.947618,-999.9876099,-0.1915115714,-1000
1.015,-998.8470236,-999.9724731,-0.177248016,-1000
1.016,-994.977925,-999.8447266,-0.186040625,-1000
1.017,-991.7198383,-999.8615112,-0.2076141238,-1000
1.018,-988.8873787,-999.8492432,-0.1971548945,-1000
1.019,-986.9764003,-1000.02478,-0.1807966232,-1000
1.02,-985.53965,-999.7800293,-0.1984023452,-1000
1.021,-984.7389972,-999.7376099,-0.2018109113,-1000
1.022,-984.6113626,-999.9607544,-0.1935573667,-1000
1.023,-984.6511685,-1000.006653,-0.193844229,-1000
1.024,-985.3853288,-999.8773193,-0.1921840757,-1000
1.025,-986.2318592,-999.9005127,-0.1920001209,-1000
1.026,-987.2471008,-1000.094604,-0.1885407716,-1000
1.027,-988.7836721,-1000.121887,-0.1770852059,-1000
1.028,-990.4805035,-1000.082825,-0.1590282023,-1000
1.029,-992.8160052,-1000.065674,-0.1829039305,-1000
1.03,-995.3674196,-1000.02771,-0.1849261522,-1000
1.031,-998.2829609,-999.9423828,-0.1779859662,-1000
1.032,-1001.839291,-1000.036926,-0.1719176024,-1000
1.033,-1005.384597,-999.9360352,-0.2006391585,-1000
1.034,-1009.193739,-999.822998,-0.2036873698,-1000
1.035,-1012.54369,-999.8891602,-0.1831064373,-1000
1.036,-1015.343769,-1000.15564,-0.1848312914,-1000
1.037,-1017.729142,-1000.072205,-0.181036979,-1000
1.038,-1018.791614,-999.9217529,-0.1743974537,-1000
1.039,-1019.047156,-999.9851074,-0.180248037,-1000
1.04,-1018.030309,-1000.040039,-0.199041605,-1000
1.041,-1015.932541,-999.9539795,-0.180403173,-1000
1.042,-1013.263378,-1000.003601,-0.1755440384,-1000
1.043,-1009.712086,-1000.074951,-0.1877735257,-1000
1.044,-1006.080313,-1000.030762,-0.1864251345,-1000
1.045,-1002.197395,-1000.05011,-0.164610073,-1000
1.046,-998.5518217,-999.9335327,-0.180958584,-1000
1.047,-995.4718731,-1000.00293,-0.1968318671,-1000
1.048,-992.7363396,-999.9342041,-0.1876666993,-1000
1.049,-990.8602437,-1000.009216,-0.1807632595,-1000
1.05,-989.3450713,-999.8723755,-0.1994594187,-1000
1.051,-988.3878693,-999.8790283,-0.1984332949,-1000
1.052,-988.0143731,-1000.145996,-0.1753299087,-1000
1.053,-987.7371781,-1000.174011,-0.1676307023,-1000
1.054,-988.1130875,-1000.09436,-0.1703175902,-1000
1.055,-988.5802192,-1000.073547,-0.1792578995,-1000
1.056,-989.2398353,-1000.193726,-0.1627603471,-1000
1.057,-990.4427513,-1000.163452,-0.1678362787,-1000
1.058,-991.7860442,-1000.023804,-0.1633637398,-1000
1.059,-993.801404,-1000.111877,-0.1774300188,-1000
1.06,-996.0290596,-1000.013184,-0.1818621457,-1000
1.061,-998.6495265,-999.9423828,-0.178439185,-1000
1.062,-1001.932934,-1000.207642,-0.166270718,-1000
1.063,-1005.186663,-1000.115234,-0.1732702255,-1000
1.064,-1008.702797,-999.9373779,-0.1830527037,-1000
1.065,-1011.789009,-999.934021,-0.1822226197,-1000
1.066,-1014.330848,-1000.151611,-0.1827764511,-1000
1.067,-1016.511137,-999.9694824,-0.1859930009,-1000
1.068,-1017.343667,-999.8886719,-0.1758435965,-1000
1.069,-1017.412924,-1000.038391,-0.1816426665,-1000
1.07,-1016.243288,-1000.147522,-0.1867981851,-1000
1.071,-1013.983265,-1000.054504,-0.1681236178,-1000
1.072,-1011.184937,-1000.017761,-0.1676953882,-1000
1.073,-1007.456597,-1000.145935,-0.175680995,-1000
1.074,-1003.653814,-999.9584961,-0.1838222295,-1000
1.075,-999.5846929,-999.9074097,-0.1779806763,-1000
1.076,-995.7328524,-999.8752441,-0.1943360269,-1000
1.077,-992.4889354,-999.8912964,-0.2046382725,-1000
1.078,-989.6092416,-999.8012695,-0.1912187189,-1000
1.079,-987.6798715,-1000.004028,-0.1778632551,-1000
1.08,-986.1810878,-999.9533691,-0.1988316476,-1000
1.081,-985.2907466,-999.8891602,-0.1897011548,-1000
1.082,-985.079736,-999.9713745,-0.1766061932,-1000
1.083,-984.9986,-999.9863892,-0.1910114586,-1000
1.084,-985.6340285,-999.9052734,-0.1965311021,-1000
1.085,-986.3970858,-999.8353271,-0.1937510669,-1000
1.086,-987.3621949,-1000.009888,-0.1793377399,-1000
1.087,-988.8794626,-1000.096375,-0.1903990209,-1000
1.088,-990.5788481,-1000.130188,-0.1640573442,-1000
1.089,-992.9674381,-1000.110107,-0.1669981331,-1000
1.09,-995.5853162,-1000.018738,-0.1831336319,-1000
1.091,-998.5857038,-999.9435425,-0.1859761626,-1000
1.092,-1002.271239,-1000.052185,-0.1737646163,-1000
1.093,-1005.900487,-999.8884888,-0.1852620542,-1000
1.094,-1009.79433,-999.8424072,-0.2014769018,-1000
1.095,-1013.233953,-999.9607544,-0.1877334863,-1000
1.096,-1016.074013,-1000.163452,-0.1739746928,-1000
1.097,-1018.518222,-999.9840088,-0.1766598672,-1000
1.098,-1019.569176,-999.9641724,-0.1850788146,-1000
1.099,-1019.804983,-1000.098816,-0.1786925942,-1000
1.1,-1018.770636,-1000.079773,-0.1804228127,-1000
1.101,-1016.576664,-999.9338379,-0.1776811182,-1000
1.102,-1013.830252,-1000.071716,-0.1740210801,-1000
1.103,-1010.165633,-1000.150574,-0.173951745,-1000
1.104,-1006.424811,-999.9529419,-0.1809876412,-1000
1.105,-1002.410977,-1000.038452,-0.1699672639,-1000
1.106,-998.6134446,-1000.030212,-0.1864288151,-1000
1.107,-995.4501292,-1000.038452,-0.1847651154,-1000
1.108,-992.6104135,-999.8682861,-0.1777067631,-1000
1.109,-990.6668845,-1000.017456,-0.1823997498,-1000
1.11,-989.1041334,-999.9857178,-0.1969418526,-1000
1.111,-988.0939231,-999.807251,-0.1895933449,-1000
1.112,-987.7258798,-1000.015747,-0.1784965396,-1000
1.113,-987.4985493,-1000.205322,-0.1797425151,-1000
1.114,-987.9258012,-1000.083801,-0.1706736684,-1000
1.115,-988.4762448,-999.9863892,-0.1673360169,-1000
1.116,-989.2126768,-1000.194214,-0.1695528179,-1000
1.117,-990.5072903,-1000.241821,-0.1734311134,-1000
1.118,-991.9344,-1000.049133,-0.15226987,-1000
1.119,-993.989586,-1000.030457,-0.1748984158,-1000
1.12,-996.2545241,-1000.06665,-0.1839928925,-1000
1.121,-998.8916706,-1000.05249,-0.1795467287,-1000
1.122,-1002.177899,-1000.165527,-0.1513984054,-1000
1.123,-1005.401797,-1000.080688,-0.1712768227,-1000
1.124,-1008.845282,-1000.026062,-0.1876341254,-1000
1.125,-1011.861069,-999.9714355,-0.1722101718,-1000
1.126,-1014.294002,-1000.035522,-0.1759793311,-1000
1.127,-1016.354015,-999.9556885,-0.1905209571,-1000
1.128,-1017.090671,-999.9907837,-0.1812126189,-1000
1.129,-1017.029104,-999.9846191,-0.175123021,-1000
1.13,-1015.794684,-1000.096497,-0.1843218803,-1000
1.131,-1013.464625,-1000.057312,-0.1781016588,-1000
1.132,-1010.595129,-1000.069885,-0.1670512557,-1000
1.133,-1006.836277,-1000.008362,-0.1758063734,-1000
1.134,-1002.997292,-999.9104004,-0.1826961339,-1000
1.135,-998.9159188,-999.9899292,-0.1809817851,-1000
1.136,-995.0566053,-999.8966064,-0.1890317053,-1000
1.137,-991.830089,-999.8588257,-0.1914989948,-1000
1.138,-989.0152305,-999.8549194,-0.1939052492,-1000
1.139,-987.1275493,-1000.021729,-0.1782875806,-1000
1.14,-985.701889,-999.836853,-0.1995873898,-1000
1.141,-984.8768844,-999.7091675,-0.2001946867,-1000
1.142,-984.7111537,-999.9473877,-0.1891335249,-1000
1.143,-984.7133748,-1000.019348,-0.1935862899,-1000
1.144,-985.3882736,-999.8483887,-0.1893140674,-1000
1.145,-986.190186,-999.8555298,-0.1920940876,-1000
1.146,-987.1482526,-1000.081482,-0.1862969697,-1000
1.147,-988.6217698,-1000.142456,-0.1794109792,-1000
1.148,-990.2595346,-999.9971313,-0.1601114273,-1000
1.149,-992.5507768,-1000.12677,-0.1739841104,-1000
1.15,-995.0701008,-1000.076172,-0.1836921275,-1000
1.151,-997.9584343,-999.9273682,-0.1751656383,-1000
1.152,-1001.502287,-999.9904785,-0.1741658747,-1000
1.153,-1005.039147,-999.937439,-0.1954551786,-1000
1.154,-1008.823138,-999.8984985,-0.1990357488,-1000
1.155,-1012.19227,-999.7948608,-0.1856851578,-1000
1.156,-1014.984167,-1000.091553,-0.1853140742,-1000
1.157,-1017.375576,-1000.044373,-0.185208112,-1000
1.158,-1018.452172,-999.9103394,-0.1781260818,-1000
1.159,-1018.695641,-1000.004456,-0.1786423177,-1000
1.16,-1017.7204,-1000.053772,-0.1890750676,-1000
1.161,-1015.612455,-999.9396362,-0.1892110407,-1000
1.162,-1012.934292,-999.9431763,-0.1761113107,-1000
1.163,-1009.371783,-999.9279175,-0.1916075349,-1000
1.164,-1005.689138,-999.9844971,-0.1971127838,-1000
1.165,-1001.7692,-1000.071716,-0.1648271382,-1000
1.166,-998.0648997,-999.9821777,-0.176714465,-1000
1.167,-994.9287102,-1000.023315,-0.1893957406,-1000
1.168,-992.1573698,-999.9819336,-0.1823934168,-1000
1.169,-990.2164189,-1000.029175,-0.1720074415,-1000
1.17,-988.6623682,-999.8637695,-0.1976008266,-1000
1.171,-987.6628885,-999.7765503,-0.204543829,-1000
1.172,-987.2556101,-1000.003235,-0.1862290055,-1000
1.173,-986.9918715,-1000.065613,-0.1827120334,-1000
1.174,-987.3539053,-1000.059875,-0.1753209233,-1000
1.175,-987.8429092,-1000.06958,-0.1805847138,-1000
1.176,-988.5304442,-1000.182617,-0.1635549366,-1000
1.177,-989.7451814,-1000.24353,-0.168211922,-1000
1.178,-991.1478123,-1000.118591,-0.1559405625,-1000
1.179,-993.1756459,-1000.095093,-0.1747860163,-1000
1.18,-995.4368887,-999.9956055,-0.1842368096,-1000
1.181,-998.0841727,-999.8544922,-0.1895175725,-1000
1.182,-1001.376533,-1000.162292,-0.1697556078,-1000
1.183,-1004.670016,-1000.07666,-0.1759372503,-1000
1.184,-1008.197385,-999.9473267,-0.1811862737,-1000
1.185,-1011.308245,-999.9478149,-0.1770026833,-1000
1.186,-1013.864729,-1000.11377,-0.1820193976,-1000
1.187,-1016.052513,-999.9102783,-0.1889477372,-1000
1.188,-1016.913106,-999.8609619,-0.1855774969,-1000
1.189,-1016.965011,-999.9589844,-0.1882143319,-1000
1.19,-1015.803424,-1000.078979,-0.1965104789,-1000
1.191,-1013.545272,-1000.005371,-0.1722449809,-1000
1.192,-1010.703697,-1000.016541,-0.1677746475,-1000
1.193,-1006.978694,-1000.116211,-0.1806581914,-1000
1.194,-1003.134085,-999.9666138,-0.1801780909,-1000
1.195,-999.0211819,-999.892334,-0.1761464775,-1000
1.196,-995.1280835,-999.9029541,-0.1926802844,-1000
1.197,-991.8299656,-999.9367065,-0.1996789426,-1000
1.198,-988.9443752,-999.7467041,-0.1905740798,-1000
1.199,-987.0038367,-999.9584961,-0.1844462752,-1000
1.2,-985.5168377,-999.8480225,-0.2062474191,-1000
1.201,-984.6837611,-999.7836304,-0.1992646307,-1000
1.202,-984.518872,-999.8659058,-0.1873481274,-1000
1.203,-984.5407955,-999.8883057,-0.1998137087,-1000
1.204,-985.2639599,-999.928894,-0.1999400556,-1000
1.205,-986.1256287,-999.8397217,-0.1897030026,-1000
1.206,-987.1881351,-1000.04126,-0.1820540726,-1000
1.207,-988.7690593,-1000.172974,-0.1862494946,-1000
1.208,-990.515226,-1000.087891,-0.1613734066,-1000
1.209,-992.8946047,-1000.040955,-0.1704546958,-1000
1.21,-995.5124573,-1000.007568,-0.1898641288,-1000
1.211,-998.4973871,-999.9785767,-0.1866804063,-1000
1.212,-1002.109709,-1000.049011,-0.1661369503,-1000
1.213,-1005.686327,-999.8713989,-0.1950002313,-1000
1.214,-1009.529134,-999.8354492,-0.2065810412,-1000
1.215,-1012.915724,-999.9559937,-0.1869077086,-1000
1.216,-1015.716247,-1000.106934,-0.1768129915,-1000
1.217,-1018.113024,-1000.008484,-0.1789889038,-1000
1.218,-1019.143054,-999.958374,-0.1884193122,-1000
1.219,-1019.364105,-1000.08783,-0.1716585606,-1000
1.22,-1018.333065,-1000.006226,-0.1873636395,-1000
1.221,-1016.199366,-999.9216919,-0.1846173108,-1000
1.222,-1013.491482,-1000.090149,-0.1806949526,-1000
1.223,-1009.889456,-1000.055908,-0.180374518,-1000
1.224,-1006.20054,-999.9591064,-0.1833421737,-1000
1.225,-1002.248097,-1000.050354,-0.1743973494,-1000
1.226,-998.5213698,-1000.044556,-0.1817936003,-1000
1.227,-995.3999897,-1000.024475,-0.1846939921,-1000
1.228,-992.6314255,-999.8999634,-0.1763709933,-1000
1.229,-990.7404701,-1000.035522,-0.1840146631,-1000
1.23,-989.1930242,-999.9177246,-0.1986340433,-1000
1.231,-988.2296907,-999.8193359,-0.190312013,-1000
1.232,-987.8876435,-1000.053711,-0.1780045182,-1000
1.233,-987.6460721,-1000.21936,-0.182915777,-1000
1.234,-988.0764341,-1000.1073,-0.1705062389,-1000
1.235,-988.6072898,-1000.00293,-0.1703233868,-1000
1.236,-989.3137838,-1000.175537,-0.1693885773,-1000
1.237,-990.5604959,-1000.189941,-0.1768511087,-1000
1.238,-991.9508021,-1000.018677,-0.159170568,-1000
1.239,-993.9769873,-1000.057373,-0.1767807901,-1000
1.24,-996.2082067,-1000.083618,-0.1890737712,-1000
1.241,-998.8086712,-1000.105286,-0.1730405688,-1000
1.242,-1002.082379,-1000.220032,-0.1462250203,-1000
1.243,-1005.294976,-1000.078613,-0.169389084,-1000
1.244,-1008.784504,-999.9863281,-0.1937681139,-1000
1.245,-1011.828856,-999.9039917,-0.177982837,-1000
1.246,-1014.324108,-999.9642334,-0.1822096407,-1000
1.247,-1016.460942,-999.9454346,-0.1943772435,-1000
1.248,-1017.270989,-999.956604,-0.1874463409,-1000
1.249,-1017.317693,-1000.003113,-0.1765083522,-1000
1.25,-1016.166044,-1000.135986,-0.1871493459,-1000
1.251,-1013.91813,-1000.101746,-0.1667173356,-1000
1.252,-1011.144613,-1000.161987,-0.1612534672,-1000
1.253,-1007.448361,-1000.066772,-0.1721299291,-1000
1.254,-1003.666707,-999.8908691,-0.1880708486,-1000
1.255,-999.6315554,-999.9248657,-0.1842377186,-1000
1.256,-995.8147105,-999.885437,-0.189895317,-1000
1.257,-992.6220023,-999.8811646,-0.1900345981,-1000
1.258,-989.7748218,-999.8850098,-0.1920906305,-1000
1.259,-987.8960392,-1000.102722,-0.177828908,-1000
1.26,-986.4305628,-999.9276733,-0.1890386194,-1000
1.261,-985.5733172,-999.7695312,-0.192606613,-1000
1.262,-985.3927193,-999.9552612,-0.1869966239,-1000
1.263,-985.3376097,-999.9681396,-0.1992643178,-1000
1.264,-985.9901636,-999.8207397,-0.1906471401,-1000
1.265,-986.756718,-999.9070435,-0.1901529878,-1000
1.266,-987.6947352,-1000.116638,-0.1815215051,-1000
1.267,-989.1824616,-1000.202576,-0.1808919907,-1000
1.268,-990.8083562,-1000.145508,-0.1510400623,-1000
1.269,-993.104991,-1000.068359,-0.1661560237,-1000
1.27,-995.6180649,-1000.096741,-0.1860442013,-1000
1.271,-998.4951587,-1000.006592,-0.1709297001,-1000
1.272,-1002.054996,-1000.006775,-0.1672585458,-1000
1.273,-1005.592567,-999.9082031,-0.1915844679,-1000
1.274,-1009.3836,-999.8491821,-0.2009097785,-1000
1.275,-1012.748584,-999.8411255,-0.1867318004,-1000
1.276,-1015.536251,-1000.07782,-0.1791413426,-1000
1.277,-1017.930328,-1000.031555,-0.188819319,-1000
1.278,-1018.980724,-999.9750366,-0.1744892448,-1000
1.279,-1019.199965,-1000.064209,-0.1733725369,-1000
1.28,-1018.189567,-1000.039429,-0.1822911054,-1000
1.281,-1016.040031,-999.9850464,-0.1854236871,-1000
1.282,-1013.326108,-1000.064819,-0.1753942668,-1000
1.283,-1009.716689,-999.9828491,-0.179535374,-1000
1.284,-1006.00279,-999.9429321,-0.1883047819,-1000
1.285,-1002.050928,-1000.005676,-0.1756815016,-1000
1.286,-998.2847325,-1000.032532,-0.1802335083,-1000
1.287,-995.1285484,-999.9911499,-0.1876972616,-1000
1.288,-992.3208334,-999.9064941,-0.1818543673,-1000
1.289,-990.3723321,-1000.055847,-0.1798726767,-1000
1.29,-988.8094059,-999.8838501,-0.1888464242,-1000
1.291,-987.7965874,-999.8091431,-0.1978660822,-1000
1.292,-987.3862965,-1000.038452,-0.1880095154,-1000
1.293,-987.0922111,-1000.190491,-0.1746663749,-1000
1.294,-987.4671078,-1000.014099,-0.1706031412,-1000
1.295,-987.9640003,-1000.08606,-0.1736225635,-1000
1.296,-988.6459259,-1000.249573,-0.1681516171,-1000
1.297,-989.8901871,-1000.21051,-0.1640208811,-1000
1.298,-991.3108183,-1000.050476,-0.1605987549,-1000
1.299,-993.3781892,-1000.07959,-0.1710241586,-1000
1.3,-995.676815,-1000.069397,-0.1850298941,-1000
1.301,-998.3598089,-999.9110107,-0.179678455,-1000
1.302,-1001.696914,-1000.114502,-0.1693581492,-1000
1.303,-1004.992158,-999.9883423,-0.18562451,-1000
1.304,-1008.519684,-999.9498901,-0.1863949001,-1000
1.305,-1011.617237,-999.960144,-0.1796391755,-1000
1.306,-1014.13281,-1000.166138,-0.1761104912,-1000
1.307,-1016.261277,-1000.033447,-0.179361105,-1000
1.308,-1017.063665,-999.8920898,-0.1743659973,-1000
1.309,-1017.053601,-999.9577637,-0.1832684577,-1000
1.31,-1015.839426,-1000.059448,-0.1981002539,-1000
1.311,-1013.51685,-1000.012085,-0.1725810915,-1000
1.312,-1010.652388,-1000.013611,-0.1665575355,-1000
1.313,-1006.902774,-1000.053223,-0.1839081347,-1000
1.314,-1003.046892,-1000.011658,-0.1828528345,-1000
1.315,-998.9479049,-999.9298706,-0.1702269763,-1000
1.316,-995.0993536,-999.8554077,-0.1934049577,-1000
1.317,-991.8553256,-999.8997803,-0.2016454339,-1000
1.318,-989.0258937,-999.8227539,-0.1953002065,-1000
1.319,-987.1269405,-999.9382935,-0.1776848435,-1000
1.32,-985.7066931,-999.8847656,-0.1986844689,-1000
1.321,-984.9015329,-999.7973633,-0.2088724673,-1000
1.322,-984.7903992,-999.9472656,-0.1802501529,-1000
1.323,-984.8384236,-999.9575806,-0.1868095994,-1000
1.324,-985.593837,-999.8528442,-0.1961255223,-1000
1.325,-986.4765666,-999.9196777,-0.1953437775,-1000
1.326,-987.5265079,-1000.001404,-0.1801601797,-1000
1.327,-989.1049239,-1000.077209,-0.185654074,-1000
1.328,-990.8330554,-1000.076477,-0.1701456457,-1000
1.329,-993.2067875,-1000.062805,-0.1718756258,-1000
1.33,-995.7955476,-1000.00769,-0.1854044348,-1000
1.331,-998.7322904,-999.9732666,-0.1848774552,-1000
1.332,-1002.328806,-1000.113647,-0.1676543057,-1000
1.333,-1005.871109,-999.927002,-0.1843829453,-1000
1.334,-1009.662993,-999.8997803,-0.1974857301,-1000
1.335,-1013.006444,-999.9638672,-0.1869320273,-1000
1.336,-1015.74615,-1000.178833,-0.1744035929,-1000
1.337,-1018.108165,-1000.021179,-0.1704057902,-1000
1.338,-1019.084859,-999.9725952,-0.1806328446,-1000
1.339,-1019.276133,-1000.100159,-0.1806308925,-1000
1.34,-1018.229459,-1000.045044,-0.1812519729,-1000
1.341,-1016.066795,-999.9122925,-0.1818048358,-1000
1.342,-1013.369202,-1000.02002,-0.181565702,-1000
1.343,-1009.788089,-1000.013977,-0.1859848946,-1000
1.344,-1006.125743,-999.855835,-0.1933484226,-1000
1.345,-1002.23234,-1000.00531,-0.175286293,-1000
1.346,-998.5309618,-1000.075684,-0.1876387149,-1000
1.347,-995.4453427,-1000.059509,-0.1817211062,-1000
1.348,-992.6858398,-999.9975586,-0.1675796211,-1000
1.349,-990.8058003,-1000.074219,-0.1697895825,-1000
1.35,-989.2856368,-999.9937134,-0.1956061125,-1000
1.351,-988.3005892,-999.8503418,-0.1899464428,-1000
1.352,-987.9300328,-999.9720459,-0.1775775552,-1000
1.353,-987.6689995,-1000.112793,-0.1855635196,-1000
1.354,-988.0722068,-1000.03949,-0.1806714386,-1000
1.355,-988.5970271,-1000.003601,-0.1724883318,-1000
1.356,-989.2988999,-1000.110962,-0.1659694165,-1000
1.357,-990.5603982,-1000.234131,-0.1787252724,-1000
1.358,-991.9688884,-1000.089355,-0.1582686156,-1000
1.359,-993.9976618,-1000.026367,-0.1608325839,-1000
1.36,-996.2564797,-1000.069153,-0.1895160675,-1000
1.361,-998.8586094,-1000.079102,-0.1748482287,-1000
1.362,-1002.13703,-1000.296387,-0.149710536,-1000
1.363,-1005.355112,-1000.104065,-0.1628427356,-1000
1.364,-1008.815198,-1000.010742,-0.1804652959,-1000
1.365,-1011.859775,-999.9897461,-0.1798006296,-1000
1.366,-1014.341284,-1000.007935,-0.177653417,-1000
1.367,-1016.473469,-999.8720093,-0.1934248954,-1000
1.368,-1017.255104,-999.9057617,-0.1862538755,-1000
1.369,-1017.27479,-1000.027649,-0.1770879775,-1000
1.37,-1016.094988,-1000.037231,-0.1831980944,-1000
1.371,-1013.807707,-1000.040405,-0.1701796502,-1000
1.372,-1010.999389,-1000.080627,-0.175344944,-1000
1.373,-1007.283328,-1000.05011,-0.1731072664,-1000
1.374,-1003.4615,-999.9067993,-0.1787837893,-1000
1.375,-999.3848813,-999.9144897,-0.1777883023,-1000
1.376,-995.4942842,-999.9364014,-0.1931158155,-1000
1.377,-992.2494409,-999.9508667,-0.1960568577,-1000
1.378,-989.3785965,-999.7931519,-0.1864871532,-1000
1.379,-987.4309856,-1000.054382,-0.1763251722,-1000
1.38,-985.9433779,-999.9118652,-0.1974505484,-1000
1.381,-985.0573182,-999.8278198,-0.1941266954,-1000
1.382,-984.842533,-999.8724365,-0.1810004711,-1000
1.383,-984.7943671,-999.9825439,-0.2021450102,-1000
1.384,-985.450556,-999.8867798,-0.199922353,-1000
1.385,-986.251352,-999.8742676,-0.181137681,-1000
1.386,-987.2079155,-1000.019409,-0.1815009564,-1000
1.387,-988.7169893,-1000.173157,-0.1844302863,-1000
1.388,-990.4160584,-1000.162415,-0.1581941992,-1000
1.389,-992.7474082,-1000.099365,-0.1655276865,-1000
1.39,-995.329995,-999.9694824,-0.18095164,-1000
1.391,-998.2751684,-999.9528809,-0.1846562326,-1000
1.392,-1001.904767,-1000.061768,-0.1658594757,-1000
1.393,-1005.496476,-999.875061,-0.1875388026,-1000
1.394,-1009.335701,-999.8214111,-0.2046374381,-1000
1.395,-1012.773719,-999.8692627,-0.1945204884,-1000
1.396,-1015.604211,-1000.097717,-0.1844824106,-1000
1.397,-1018.052178,-999.9246826,-0.1849566549,-1000
1.398,-1019.133597,-999.9460449,-0.1880662739,-1000
1.399,-1019.403541,-1000.03833,-0.1745012105,-1000
1.4,-1018.433616,-1000.060242,-0.1816479415,-1000
1.401,-1016.296825,-999.9447021,-0.1815976501,-1000
1.402,-1013.603379,-1000.071594,-0.1760180593,-1000
1.403,-1009.983798,-1000.050293,-0.1777686626,-1000
1.404,-1006.267031,-999.9448242,-0.1858498454,-1000
1.405,-1002.298607,-1000.069885,-0.1701535583,-1000
1.406,-998.5038712,-1000.094788,-0.1760805696,-1000
1.407,-995.3101172,-1000.055786,-0.1788410693,-1000
1.408,-992.4577737,-999.9846802,-0.1710181981,-1000
1.409,-990.4953655,-1000.117004,-0.1789118797,-1000
1.41,-988.9295947,-999.9221191,-0.1899649799,-1000
1.411,-987.8916627,-999.8120728,-0.1873214245,-1000
1.412,-987.5023122,-1000.007507,-0.1861789674,-1000
1.413,-987.2611003,-1000.148682,-0.1823035926,-1000
1.414,-987.6960399,-1000.055969,-0.1736500263,-1000
1.415,-988.2641151,-999.9104614,-0.1761569828,-1000
1.416,-989.0158425,-1000.137512,-0.1746632159,-1000
1.417,-990.3462894,-1000.210632,-0.1753833145,-1000
1.418,-991.8236253,-1000.046265,-0.153191179,-1000
1.419,-993.9380986,-1000.058228,-0.1714183539,-1000
1.42,-996.2743482,-1000.088379,-0.1874548495,-1000
1.421,-998.9567335,-999.9378052,-0.1786703169,-1000
1.422,-1002.303825,-1000.104675,-0.1570478827,-1000
1.423,-1005.562788,-1000.088379,-0.1763773561,-1000
1.424,-1009.036281,-1000.040649,-0.1875221431,-1000
1.425,-1012.078708,-999.9960327,-0.1694833338,-1000
1.426,-1014.531426,-1000.073975,-0.1675918549,-1000
1.427,-1016.622173,-999.9822388,-0.1863237917,-1000
1.428,-1017.338628,-999.9541016,-0.1837314963,-1000
1.429,-1017.280638,-999.9752197,-0.170278132,-1000
1.43,-1016.0356,-1000.077209,-0.1871394664,-1000
1.431,-1013.678525,-1000.025635,-0.1770171523,-1000
1.432,-1010.799083,-1000.061218,-0.1687541008,-1000
1.433,-1007.034819,-1000.032104,-0.1733912975,-1000
1.434,-1003.201438,-999.9002686,-0.1826495975,-1000
1.435,-999.1401956,-999.9819946,-0.1808172017,-1000
1.436,-995.2961456,-999.895874,-0.1858642101,-1000
1.437,-992.1084722,-999.8657837,-0.1910344958,-1000
1.438,-989.3205801,-999.8390503,-0.1962600797,-1000
1.439,-987.4555052,-1000.021484,-0.1811575443,-1000
1.44,-986.060127,-999.8627319,-0.1967995018,-1000
1.441,-985.2402603,-999.8421021,-0.1948554069,-1000
1.442,-985.0977128,-999.9753418,-0.1803595573,-1000
1.443,-985.1036807,-999.9970093,-0.1930162907,-1000
1.444,-985.7861783,-999.8405151,-0.1930841655,-1000
1.445,-986.5969718,-999.9055176,-0.1906397045,-1000
1.446,-987.5390986,-1000.127319,-0.1780634075,-1000
1.447,-989.0530742,-1000.137756,-0.1761005223,-1000
1.448,-990.7251046,-1000.066101,-0.1590593755,-1000
1.449,-993.0241609,-1000.099426,-0.1760201901,-1000
1.45,-995.5714764,-1000.021912,-0.1810638905,-1000
1.451,-998.4655826,-999.8587036,-0.1827282012,-1000
1.452,-1002.065914,-1000.00708,-0.169595629,-1000
1.453,-1005.605245,-999.9847412,-0.1949777007,-1000
1.454,-1009.395281,-999.9089966,-0.1925415397,-1000
1.455,-1012.775904,-999.8789062,-0.1820832938,-1000
1.456,-1015.533801,-1000.179749,-0.1812580973,-1000
1.457,-1017.914105,-1000.1073,-0.1786544621,-1000
1.458,-1018.935992,-999.9159546,-0.1757817864,-1000
1.459,-1019.142997,-999.9831543,-0.178238824,-1000
1.46,-1018.141661,-1000.068115,-0.1907069683,-1000
1.461,-1015.966811,-999.9146729,-0.1808964312,-1000
1.462,-1013.235578,-999.9639282,-0.1722406745,-1000
1.463,-1009.617633,-1000.051697,-0.1847689897,-1000
1.464,-1005.899376,-1000.070984,-0.1866702437,-1000
1.465,-1001.970065,-1000.150085,-0.1587244421,-1000
1.466,-998.19898,-1000.009888,-0.1680613607,-1000
1.467,-995.0264266,-1000.060791,-0.1893500537,-1000
1.468,-992.2194043,-999.9344482,-0.1735206991,-1000
1.469,-990.274913,-999.9505005,-0.1797709465,-1000
1.47,-988.74326,-999.8145142,-0.2075562179,-1000
1.471,-987.7496615,-999.8405762,-0.1993983686,-1000
1.472,-987.3760429,-999.972229,-0.1768135279,-1000
1.473,-987.1516292,-1000.061951,-0.1801067442,-1000
1.474,-987.5689471,-1000.010437,-0.1865230054,-1000
1.475,-988.1127215,-1000.004822,-0.1772836149,-1000
1.476,-988.8234929,-1000.124817,-0.1647980213,-1000
1.477,-990.0634416,-1000.199158,-0.172127977,-1000
1.478,-991.4739591,-1000.184753,-0.1570277512,-1000
1.479,-993.4822699,-1000.121521,-0.1583878547,-1000
1.48,-995.7415183,-1000.056213,-0.1726146489,-1000
1.481,-998.3581272,-1000.039917,-0.1767383069,-1000
1.482,-1001.664549,-1000.198914,-0.1591062248,-1000
1.483,-1004.936482,-1000.019836,-0.1755196899,-1000
1.484,-1008.417989,-999.7785034,-0.1904200763,-1000
1.485,-1011.515887,-999.9104004,-0.1912578344,-1000
1.486,-1014.038348,-1000.075562,-0.1796067208,-1000
1.487,-1016.19982,-999.9483032,-0.1792087704,-1000
1.488,-1017.017583,-999.8635864,-0.1881725192,-1000
1.489,-1017.03602,-1000.01178,-0.1840703338,-1000
1.49,-1015.859993,-1000.131958,-0.1868010461,-1000
1.491,-1013.539103,-999.9561768,-0.1672649086,-1000
1.492,-1010.708169,-1000.075134,-0.1722889543,-1000
1.493,-1006.96841,-1000.139282,-0.1813385189,-1000
1.494,-1003.115804,-999.9733276,-0.175104022,-1000
1.495,-999.045325,-999.8718262,-0.1796662807,-1000
1.496,-995.1538262,-999.9400635,-0.1907445192,-1000
1.497,-991.9058324,-999.9347534,-0.1949676722,-1000
1.498,-989.0345627,-999.788147,-0.1856664121,-1000
1.499,-987.0907834,-1000.004333,-0.1878436506,-1000
1.5,-985.6167158,-999.9320679,-0.1923524439,-1000
1.501,-984.7478216,-999.8233032,-0.1888969988,-1000
1.502,-984.5349677,-999.869873,-0.1840991527,-1000
1.503,-984.5113346,-1000.007935,-0.2035834044,-1000
1.504,-985.1836703,-999.8475952,-0.1960371435,-1000
1.505,-986.0084838,-999.7895508,-0.1861115992,-1000
1.506,-987.0053871,-1000.03772,-0.1858968884,-1000
1.507,-988.5599202,-1000.161194,-0.1838209629,-1000
1.508,-990.2965223,-1000.075317,-0.1625590026,-1000
1.509,-992.6579849,-999.9874268,-0.1683092415,-1000
1.51,-995.2712696,-1000.053467,-0.1861265004,-1000
1.511,-998.2336841,-999.960144,-0.1837785989,-1000
1.512,-1001.846088,-1000.009338,-0.1656444371,-1000
1.513,-1005.427578,-999.8730469,-0.1925382316,-1000
1.514,-1009.227785,-999.8265991,-0.2063935697,-1000
1.515,-1012.614847,-999.9273071,-0.1903344989,-1000
1.516,-1015.397201,-1000.04187,-0.1723819822,-1000
1.517,-1017.780501,-999.979126,-0.1903319359,-1000
1.518,-1018.832995,-999.9240723,-0.187445581,-1000
1.519,-1019.059685,-1000.021362,-0.1748558581,-1000
1.52,-1018.052224,-999.9470215,-0.1874984354,-1000
1.521,-1015.890169,-999.9714355,-0.1860603243,-1000
1.522,-1013.183852,-1000.113708,-0.1750293225,-1000
1.523,-1009.58697,-1000.04126,-0.1735545844,-1000
1.524,-1005.882581,-999.9362183,-0.1888440102,-1000
1.525,-1001.944798,-1000.067017,-0.1739185899,-1000
1.526,-998.1927569,-1000.075623,-0.1786943376,-1000
1.527,-995.0583371,-1000.030457,-0.1802547574,-1000
1.528,-992.294564,-999.8781128,-0.1769785136,-1000
1.529,-990.3996211,-1000.044678,-0.1821925044,-1000
1.53,-988.9064585,-999.8543091,-0.197957024,-1000
1.531,-987.9469691,-999.7546387,-0.1921536922,-1000
1.532,-987.6321122,-999.9862671,-0.1864979267,-1000
1.533,-987.4512201,-1000.154724,-0.1847801507,-1000
1.534,-987.9186286,-1000.021912,-0.1729602069,-1000
1.535,-988.5063107,-999.9584961,-0.1752325445,-1000
1.536,-989.2508311,-1000.20343,-0.1719063669,-1000
1.537,-990.5461329,-1000.245178,-0.1663448513,-1000
1.538,-991.9551515,-1000.1073,-0.1555855721,-1000
1.539,-993.9773439,-1000.065796,-0.170432508,-1000
1.54,-996.2301711,-1000.099182,-0.1842793077,-1000
1.541,-998.7960652,-1000.012329,-0.1746011972,-1000
1.542,-1002.017757,-1000.233093,-0.1489438564,-1000
1.543,-1005.180368,-1000.125916,-0.1750869155,-1000
1.544,-1008.577719,-1000.015747,-0.1789006442,-1000
1.545,-1011.564818,-999.9312744,-0.1737452447,-1000
1.546,-1013.979308,-1000.049805,-0.1806477159,-1000
1.547,-1016.034373,-1000.062683,-0.1863369346,-1000
1.548,-1016.774442,-999.8369141,-0.1840067357,-1000
1.549,-1016.739706,-999.9061279,-0.1833029985,-1000
1.55,-1015.540399,-1000.01947,-0.1982661337,-1000
1.551,-1013.25472,-1000.037598,-0.1736215949,-1000
1.552,-1010.434592,-1000.070557,-0.1676056087,-1000
1.553,-1006.741014,-1000.031311,-0.1767829657,-1000
1.554,-1002.958285,-999.9909058,-0.1858401,-1000
1.555,-998.9407887,-999.918396,-0.1749923229,-1000
1.556,-995.1310832,-999.8704834,-0.190301165,-1000
1.557,-991.9416676,-999.8552246,-0.2019526511,-1000
1.558,-989.1529505,-999.8786621,-0.1952950507,-1000
1.559,-987.2734948,-1000.000732,-0.1753625572,-1000
1.56,-985.8531337,-999.8057861,-0.1960975528,-1000
1.561,-985.0238505,-999.8291626,-0.2050951123,-1000
1.562,-984.8564995,-999.9279785,-0.1847103536,-1000
1.563,-984.8426043,-999.9645996,-0.1874493659,-1000
1.564,-985.4931538,-999.8484497,-0.1977489293,-1000
1.565,-986.2938251,-999.9490356,-0.1883138716,-1000
1.566,-987.2405839,-1000.103577,-0.1752511263,-1000
1.567,-988.7379293,-1000.093201,-0.1775187105,-1000
1.568,-990.4006789,-1000.073975,-0.169972077,-1000
1.569,-992.7076529,-1000.099426,-0.1708269417,-1000
1.57,-995.2595577,-999.9611206,-0.1817014664,-1000
1.571,-998.1674654,-999.8948364,-0.1891825497,-1000
1.572,-1001.774242,-1000.11908,-0.1734642982,-1000
1.573,-1005.352439,-999.8928833,-0.1885316819,-1000
1.574,-1009.193401,-999.7901001,-0.1970308274,-1000
1.575,-1012.63232,-999.8654785,-0.1959570944,-1000
1.576,-1015.472438,-1000.154602,-0.1818635911,-1000
1.577,-1017.942025,-1000.066772,-0.1794290245,-1000
1.578,-1019.052427,-999.8375854,-0.1829358637,-1000
1.579,-1019.344567,-1000.058044,-0.1827335954,-1000
1.58,-1018.400913,-1000.068848,-0.1901285052,-1000
1.581,-1016.295337,-999.9464111,-0.1792715788,-1000
1.582,-1013.632447,-1000.056641,-0.178228125,-1000
1.583,-1010.054915,-1000.166504,-0.1740712672,-1000
1.584,-1006.378309,-1000.055725,-0.1781393737,-1000
1.585,-1002.450805,-1000.085449,-0.1560744345,-1000
1.586,-998.7091012,-1000.049805,-0.1844600588,-1000
1.587,-995.5813651,-1000.018555,-0.1855651587,-1000
1.588,-992.7718387,-999.8428345,-0.1758893877,-1000
1.589,-990.8256882,-999.9245605,-0.1840889752,-1000
1.59,-989.2643534,-999.9091797,-0.206926018,-1000
1.591,-988.2476267,-999.7966919,-0.1962243617,-1000
1.592,-987.8691797,-1000.104675,-0.1741655171,-1000
1.593,-987.6056421,-1000.176453,-0.1739002615,-1000
1.594,-988.0113551,-1000.113953,-0.1680610329,-1000
1.595,-988.5432917,-999.9865723,-0.1681679785,-1000
1.596,-989.2441579,-1000.145386,-0.1685625166,-1000
1.597,-990.5128264,-1000.188354,-0.1793231368,-1000
1.598,-991.9365591,-1000.04248,-0.1557352394,-1000
1.599,-994.0185597,-1000.026123,-0.1753642708,-1000
1.6,-996.3332534,-1000.105957,-0.1850721687,-1000
1.601,-999.0035282,-1000.092834,-0.1722677201,-1000
1.602,-1002.359743,-1000.181824,-0.1468028873,-1000
1.603,-1005.648009,-1000.125183,-0.1718419492,-1000
1.604,-1009.149236,-1000.011414,-0.1807563752,-1000
1.605,-1012.226144,-999.9252319,-0.1781383455,-1000
1.606,-1014.703104,-999.9940186,-0.1814700067,-1000
1.607,-1016.829058,-999.9898071,-0.1940067559,-1000
1.608,-1017.595712,-999.9690552,-0.1824963838,-1000
1.609,-1017.586967,-1000.02179,-0.1662972867,-1000
1.61,-1016.384997,-1000.1474,-0.1866724193,-1000
1.611,-1014.031949,-1000.090149,-0.1675214171,-1000
1.612,-1011.186639,-1000.079651,-0.160468325,-1000
1.613,-1007.412243,-1000.033203,-0.1780034751,-1000
1.614,-1003.547578,-999.967041,-0.1860222667,-1000
1.615,-999.4728034,-999.9536133,-0.1799857616,-1000
1.616,-995.5773367,-999.8987427,-0.1859681755,-1000
1.617,-992.3590006,-999.9285278,-0.1894217879,-1000
1.618,-989.5010149,-999.8361816,-0.1925919503,-1000
1.619,-987.5914917,-1000.02124,-0.1801008582,-1000
1.62,-986.1499996,-999.8387451,-0.1919945329,-1000
1.621,-985.2844711,-999.8479614,-0.1964701265,-1000
1.622,-985.1483267,-1000.055725,-0.1793513447,-1000
1.623,-985.1486987,-999.994873,-0.1819806248,-1000
1.624,-985.8736927,-999.8345947,-0.1929979622,-1000
1.625,-986.7178468,-999.8770752,-0.1935974509,-1000
1.626,-987.7137176,-1000.091858,-0.1811550707,-1000
1.627,-989.308136,-1000.187195,-0.1765196919,-1000
1.628,-991.0352833,-1000.03656,-0.1529049575,-1000
1.629,-993.4130017,-1000.084839,-0.1748235375,-1000
1.63,-996.0174371,-1000.045776,-0.1863875091,-1000
1.631,-998.9554184,-999.9535522,-0.1796156615,-1000
1.632,-1002.598519,-999.9973755,-0.1669002026,-1000
1.633,-1006.176597,-999.9118652,-0.1918869019,-1000
1.634,-1009.984903,-999.9468994,-0.1987728775,-1000
1.635,-1013.366477,-999.8561401,-0.1805134714,-1000
1.636,-1016.087518,-1000.129395,-0.1760708392,-1000
1.637,-1018.435741,-1000.121887,-0.1767893434,-1000
1.638,-1019.385231,-999.9567871,-0.1709059179,-1000
1.639,-1019.529501,-1000.031372,-0.1721614152,-1000
1.64,-1018.479844,-1000.083496,-0.1855041832,-1000
1.641,-1016.223644,-1000.044128,-0.1780941486,-1000
1.642,-1013.462374,-1000.025085,-0.163856715,-1000
1.643,-1009.819149,-1000.018311,-0.1757249981,-1000
1.644,-1006.082083,-999.9649048,-0.1890276074,-1000
1.645,-1002.174095,-1000.040222,-0.1673434079,-1000
1.646,-998.4160914,-999.9562988,-0.1792097539,-1000
1.647,-995.3236867,-999.953125,-0.1910708398,-1000
1.648,-992.5759576,-999.9198608,-0.1846560389,-1000
1.649,-990.6977795,-1000.051147,-0.1696629971,-1000
1.65,-989.2337771,-999.9088135,-0.1906195283,-1000
1.651,-988.2375315,-999.8830566,-0.1976659149,-1000
1.652,-987.8793665,-1000.110962,-0.1712841988,-1000
1.653,-987.6421797,-1000.173828,-0.1650287062,-1000
1.654,-988.0453225,-1000.113159,-0.1742242575,-1000
1.655,-988.5636486,-1000.035217,-0.1657758951,-1000
1.656,-989.2292329,-1000.065979,-0.1623562127,-1000
1.657,-990.4617922,-1000.102356,-0.1791516244,-1000
1.658,-991.8481567,-1000.078003,-0.1692141145,-1000
1.659,-993.8236434,-1000.075195,-0.167716682,-1000
1.66,-996.0782737,-1000.098267,-0.1704333574,-1000
1.661,-998.6601937,-1000.04541,-0.1744029522,-1000
1.662,-1001.931249,-1000.261841,-0.1502703875,-1000
1.663,-1005.169925,-1000.066162,-0.1684298217,-1000
1.664,-1008.631217,-999.8919678,-0.1862340271,-1000
1.665,-1011.699501,-999.8829346,-0.1885780245,-1000
1.666,-1014.163338,-1000.096741,-0.1817820072,-1000
1.667,-1016.284446,-999.9337158,-0.1808687896,-1000
1.668,-1017.076583,-999.8779297,-0.1870895028,-1000
1.669,-1017.049262,-1000.057739,-0.1779979467,-1000
1.67,-1015.887477,-1000.126892,-0.1768304557,-1000
1.671,-1013.559251,-999.9974976,-0.1620560437,-1000
1.672,-1010.737597,-1000.076782,-0.165351823,-1000
1.673,-1006.990758,-1000.087402,-0.1802794337,-1000
1.674,-1003.166607,-999.9278564,-0.1790628731,-1000
1.675,-999.151298,-999.836731,-0.1776659042,-1000
1.676,-995.2963456,-999.8913574,-0.1924400628,-1000
1.677,-992.1065838,-999.9746094,-0.1947104484,-1000
1.678,-989.2874666,-999.7702637,-0.1839647144,-1000
1.679,-987.3840734,-999.8998413,-0.1820788532,-1000
1.68,-985.9534452,-999.8352661,-0.2011341453,-1000
1.681,-985.0798157,-999.802124,-0.1992391199,-1000
1.682,-984.8848822,-999.960022,-0.1777064055,-1000
1.683,-984.835664,-1000.043396,-0.1852156818,-1000
1.684,-985.4544724,-999.9783325,-0.1919266135,-1000
1.685,-986.2267141,-999.8887329,-0.1773758233,-1000
1.686,-987.1465497,-1000.051636,-0.1754842103,-1000
1.687,-988.6367159,-1000.066833,-0.1860201061,-1000
1.688,-990.3039278,-1000.068909,-0.1660347581,-1000
1.689,-992.6179514,-1000.028625,-0.1719146371,-1000
1.69,-995.2031901,-1000.038879,-0.1797641218,-1000
1.691,-998.1449874,-999.9664917,-0.1867058873,-1000
1.692,-1001.784072,-999.9788208,-0.1642992795,-1000
1.693,-1005.411544,-999.9068604,-0.1897922009,-1000
1.694,-1009.233381,-999.9022827,-0.2023747265,-1000
1.695,-1012.671782,-999.8756714,-0.186039269,-1000
1.696,-1015.459284,-1000.038147,-0.1775613576,-1000
1.697,-1017.858041,-999.9694824,-0.1907044202,-1000
1.698,-1018.91026,-999.9013672,-0.1888036728,-1000
1.699,-1019.098117,-1000.086609,-0.172293663,-1000
1.7,-1018.101242,-1000.101624,-0.1753162593,-1000
1.701,-1015.913171,-999.9935303,-0.1798766851,-1000
1.702,-1013.173674,-1000.072388,-0.1751589179,-1000
1.703,-1009.562673,-999.9597168,-0.1764809489,-1000
1.704,-1005.831007,-999.9577026,-0.1894913316,-1000
1.705,-1001.88146,-1000.051575,-0.1694201678,-1000
1.706,-998.0761804,-1000.075684,-0.1728455722,-1000
1.707,-994.8941389,-999.9822388,-0.1841118038,-1000
1.708,-992.0657649,-999.9138794,-0.1808283478,-1000
1.709,-990.085016,-1000.058533,-0.1784749478,-1000
1.71,-988.5242258,-999.9013672,-0.1874242872,-1000
1.711,-987.4722217,-999.8319092,-0.1953979135,-1000
1.712,-987.0501345,-1000.011475,-0.1801230162,-1000
1.713,-986.8008083,-1000.139771,-0.1794405282,-1000
1.714,-987.185332,-1000.002014,-0.1745299995,-1000
1.715,-987.7550898,-999.9824219,-0.1749148816,-1000
1.716,-988.4946134,-1000.131287,-0.1777375191,-1000
1.717,-989.8046285,-1000.173157,-0.1713102758,-1000
1.718,-991.2935876,-1000.024231,-0.161059916,-1000
1.719,-993.3887191,-1000.078308,-0.171511218,-1000
1.72,-995.7240375,-1000.080261,-0.1788128614,-1000
1.721,-998.3942011,-999.8726807,-0.1798919588,-1000
1.722,-1001.713131,-1000.153503,-0.1540792137,-1000
1.723,-1004.980048,-1000.078674,-0.1812067777,-1000
1.724,-1008.430238,-999.9963989,-0.1789558083,-1000
1.725,-1011.494949,-999.8917236,-0.1764543504,-1000
1.726,-1013.950559,-1000.015747,-0.1793574244,-1000
1.727,-1016.037255,-1000.00177,-0.1896022856,-1000
1.728,-1016.809453,-999.8688354,-0.1882939488,-1000
1.729,-1016.759782,-999.916687,-0.1771691889,-1000
1.73,-1015.562214,-1000.059082,-0.1973491162,-1000
1.731,-1013.227225,-1000.034729,-0.1741534323,-1000
1.732,-1010.375536,-1000.008606,-0.1685688347,-1000
1.733,-1006.632874,-1000.016846,-0.1784594655,-1000
1.734,-1002.786134,-1000.017517,-0.1856159568,-1000
1.735,-998.7292249,-999.9746094,-0.1716278046,-1000
1.736,-994.8727616,-999.897644,-0.177963376,-1000
1.737,-991.6577834,-999.8464966,-0.2022313178,-1000
1.738,-988.8578906,-999.7869873,-0.1998071223,-1000
1.739,-986.9730034,-999.9683838,-0.1787618399,-1000
1.74,-985.5757674,-999.7888184,-0.1983850151,-1000
1.741,-984.7661389,-999.8233032,-0.2059920579,-1000
1.742,-984.637167,-999.9921265,-0.1809199154,-1000
1.743,-984.6882308,-999.984375,-0.1858392209,-1000
1.744,-985.4170301,-999.8567505,-0.1916456074,-1000
1.745,-986.2848174,-999.9238281,-0.1908091754,-1000
1.746,-987.2984901,-999.9613647,-0.1843803376,-1000
1.747,-988.867701,-1000.056335,-0.1876581609,-1000
1.748,-990.5879223,-1000.078857,-0.1720982343,-1000
1.749,-992.9317991,-1000.085632,-0.1728406549,-1000
1.75,-995.517841,-1000.077576,-0.178021431,-1000
1.751,-998.4423816,-999.9389648,-0.1833755523,-1000
1.752,-1002.052244,-1000.093262,-0.1719520986,-1000
1.753,-1005.653044,-999.9246826,-0.1825042218,-1000
1.754,-1009.448332,-999.8658447,-0.1976994127,-1000
1.755,-1012.829412,-999.9359131,-0.1877293289,-1000
1.756,-1015.567189,-1000.147339,-0.1788086742,-1000
1.757,-1017.927822,-999.9191895,-0.1846520603,-1000
1.758,-1018.932031,-999.8719482,-0.1850951761,-1000
1.759,-1019.113347,-1000.15332,-0.1769170761,-1000
1.76,-1018.093475,-1000.128967,-0.1720075309,-1000
1.761,-1015.902617,-999.9830933,-0.1741131246,-1000
1.762,-1013.193046,-999.9859619,-0.1789904535,-1000
1.763,-1009.601834,-1000.024536,-0.1849622577,-1000
1.764,-1005.924392,-999.8840332,-0.1911640316,-1000
1.765,-1002.031344,-999.9747314,-0.1741835624,-1000
1.766,-998.3143675,-1000.042236,-0.1913124621,-1000
1.767,-995.2338103,-1000.024963,-0.1828504205,-1000
1.768,-992.5129345,-999.9192505,-0.1712614298,-1000
1.769,-990.656452,-1000.047119,-0.1732094288,-1000
1.77,-989.2069403,-999.9924927,-0.1929735839,-1000
1.771,-988.2350071,-999.8701782,-0.1906664521,-1000
1.772,-987.8850108,-999.9677124,-0.1741027385,-1000
1.773,-987.6352111,-1000.109924,-0.1828164905,-1000
1.774,-988.0206376,-1000.012268,-0.1807219982,-1000
1.775,-988.5321724,-1000.008728,-0.1700132489,-1000
1.776,-989.2107171,-1000.139648,-0.1672254056,-1000
1.777,-990.4464581,-1000.273621,-0.1733521223,-1000
1.778,-991.8304701,-1000.191833,-0.1555175185,-1000
1.779,-993.8350139,-1000.090637,-0.1565607339,-1000
1.78,-996.1030981,-1000.052856,-0.1786392331,-1000
1.781,-998.7086561,-999.9710083,-0.1866479069,-1000
1.782,-1001.990412,-1000.172119,-0.1610464752,-1000
1.783,-1005.217065,-999.9890137,-0.1719079167,-1000
1.784,-1008.668001,-1000.045898,-0.1854300201,-1000
1.785,-1011.731762,-1000.050415,-0.1753139347,-1000
1.786,-1014.199264,-1000.093201,-0.1714095175,-1000
1.787,-1016.313256,-999.9727783,-0.1835232973,-1000
1.788,-1017.088329,-999.9217529,-0.1831774712,-1000
1.789,-1017.056565,-1000.017151,-0.1761307269,-1000
1.79,-1015.852449,-1000.002747,-0.1862888038,-1000
1.791,-1013.51287,-1000.005249,-0.1782071441,-1000
1.792,-1010.659993,-1000.0979,-0.1703565568,-1000
1.793,-1006.906142,-1000.10553,-0.1707570702,-1000
1.794,-1003.059066,-999.9821167,-0.1753898859,-1000
1.795,-998.9842362,-999.9569702,-0.172228992,-1000
1.796,-995.076175,-999.9974365,-0.187460199,-1000
1.797,-991.8230109,-999.920166,-0.1930317283,-1000
1.798,-988.960925,-999.7157593,-0.1915311217,-1000
1.799,-987.0022762,-999.9519043,-0.19048132,-1000
1.8,-985.5067992,-999.8546143,-0.2019757032,-1000
1.801,-984.5938662,-999.741394,-0.2060649395,-1000
1.802,-984.3932492,-999.8800049,-0.18485035,-1000
1.803,-984.3660066,-1000.084167,-0.1923829466,-1000
1.804,-985.019344,-999.9360352,-0.1837381721,-1000
1.805,-985.8528708,-999.8607788,-0.1821784824,-1000
1.806,-986.8364073,-1000.054321,-0.1837684512,-1000
1.807,-988.3935257,-1000.09137,-0.1902513653,-1000
1.808,-990.1326013,-1000.041138,-0.1675752103,-1000
1.809,-992.5202787,-999.9450684,-0.1734870821,-1000
1.81,-995.1854487,-1000.02887,-0.1894873232,-1000
1.811,-998.196925,-999.9891357,-0.1816053689,-1000
1.812,-1001.880363,-999.9993286,-0.1621665359,-1000
1.813,-1005.549771,-999.8796997,-0.192063868,-1000
1.814,-1009.423312,-999.8720093,-0.2030126005,-1000
1.815,-1012.870965,-999.7984009,-0.194903478,-1000
1.816,-1015.685829,-1000.051941,-0.1804946661,-1000
1.817,-1018.088923,-1000.044067,-0.1868841946,-1000
1.818,-1019.120565,-1000.000793,-0.1757685989,-1000
1.819,-1019.315997,-1000.078552,-0.1672781259,-1000
1.82,-1018.309899,-1000.083862,-0.1792986393,-1000
1.821,-1016.119763,-1000.023376,-0.1784368306,-1000
1.822,-1013.36721,-1000.02301,-0.1717504263,-1000
1.823,-1009.747441,-999.9484863,-0.1798754334,-1000
1.824,-1006.015722,-999.9436035,-0.1940652579,-1000
1.825,-1002.05991,-999.9987183,-0.1764533222,-1000
1.826,-998.2786798,-1000.009766,-0.1808782518,-1000
1.827,-995.1231807,-999.982666,-0.1883614063,-1000
1.828,-992.3119189,-999.9863892,-0.1768352836,-1000
1.829,-990.3609349,-1000.128418,-0.1695130169,-1000
1.83,-988.8178217,-999.9058228,-0.1864282936,-1000
1.831,-987.8131363,-999.809021,-0.1918511391,-1000
1.832,-987.4566158,-999.9659424,-0.1859356165,-1000
1.833,-987.2443198,-1000.130066,-0.1858267337,-1000
1.834,-987.6865267,-999.9737549,-0.1776082367,-1000
1.835,-988.2775781,-999.9909058,-0.1759940982,-1000
1.836,-989.0251773,-1000.220398,-0.1734408736,-1000
1.837,-990.3319419,-1000.27002,-0.1620740443,-1000
1.838,-991.7970494,-1000.090515,-0.1530398577,-1000
1.839,-993.8554285,-1000.107422,-0.1680409461,-1000
1.84,-996.1424393,-1000.154663,-0.1763804257,-1000
1.841,-998.7575223,-999.9482422,-0.1748586893,-1000
1.842,-1002.025007,-1000.175476,-0.1570410579,-1000
1.843,-1005.238239,-1000.055786,-0.1841111332,-1000
1.844,-1008.664386,-999.9376831,-0.1840106696,-1000
1.845,-1011.676151,-999.888916,-0.1795422882,-1000
1.846,-1014.088547,-1000.023254,-0.1773066968,-1000
1.847,-1016.150785,-1000.028381,-0.1922472417,-1000
1.848,-1016.913532,-999.9127808,-0.1812594533,-1000
1.849,-1016.868506,-999.9805298,-0.1679719836,-1000
1.85,-1015.688598,-1000.075562,-0.195088923,-1000
1.851,-1013.359861,-1000.043884,-0.1735786796,-1000
1.852,-1010.530298,-1000.026489,-0.1674225628,-1000
1.853,-1006.800435,-999.9962158,-0.1812381148,-1000
1.854,-1002.967713,-999.949646,-0.1867566705,-1000
1.855,-998.9480341,-999.9355469,-0.170954302,-1000
1.856,-995.098014,-999.9038086,-0.1848092824,-1000
1.857,-991.9151704,-999.8999023,-0.200265348,-1000
1.858,-989.1156098,-999.8760986,-0.1883621514,-1000
1.859,-987.2340689,-999.9640503,-0.1765600294,-1000
1.86,-985.8349905,-999.887207,-0.1951656193,-1000
1.861,-984.9989888,-999.8265381,-0.2052784115,-1000
1.862,-984.8554714,-999.928894,-0.1794068366,-1000
1.863,-984.847832,-999.9750366,-0.1867610961,-1000
1.864,-985.5345584,-999.8528442,-0.1973915845,-1000
1.865,-986.3938887,-999.9452515,-0.1899997443,-1000
1.866,-987.3840808,-1000.009399,-0.1772084832,-1000
1.867,-988.9336414,-1000.032959,-0.191449821,-1000
1.868,-990.6327228,-1000.069885,-0.1721173078,-1000
1.869,-992.9730287,-1000.063721,-0.1723735332,-1000
1.87,-995.5390582,-999.9824829,-0.1801776141,-1000
1.871,-998.4484875,-999.9243774,-0.1825475991,-1000
1.872,-1002.039016,-1000.15094,-0.1674643457,-1000
1.873,-1005.588317,-999.9939575,-0.1786369532,-1000
1.874,-1009.358193,-999.8592529,-0.1851530671,-1000
1.875,-1012.707037,-999.8798218,-0.187259391,-1000
1.876,-1015.457751,-1000.111755,-0.1838210374,-1000
1.877,-1017.82563,-999.9835205,-0.1824233234,-1000
1.878,-1018.837662,-999.8117065,-0.1828897595,-1000
1.879,-1019.0354,-1000.023682,-0.1855002344,-1000
1.88,-1018.030985,-1000.016907,-0.1869410276,-1000
1.881,-1015.872384,-999.9243164,-0.1818715781,-1000
1.882,-1013.180783,-1000.088867,-0.1751690656,-1000
1.883,-1009.613866,-1000.13446,-0.173097536,-1000
1.884,-1005.949913,-999.9615479,-0.1803074926,-1000
1.885,-1002.049714,-1000.024475,-0.1676778495,-1000
1.886,-998.3256117,-1000.057739,-0.1887054443,-1000
1.887,-995.1885261,-1000.02887,-0.1853353232,-1000
1.888,-992.385772,-999.9013062,-0.1735974103,-1000
1.889,-990.4327787,-999.9569092,-0.1803667098,-1000
1.89,-988.8906861,-999.9268799,-0.2001149952,-1000
1.891,-987.8642056,-999.9265747,-0.1920363754,-1000
1.892,-987.4626402,-1000.021545,-0.1694731414,-1000
1.893,-987.2074971,-1000.104797,-0.1823351979,-1000
1.894,-987.5878501,-1000.012695,-0.1806371957,-1000
1.895,-988.1006845,-999.9868164,-0.1776354909,-1000
1.896,-988.7782093,-1000.069946,-0.1724833846,-1000
1.897,-989.9953094,-1000.272766,-0.1756673455,-1000
1.898,-991.4018141,-1000.120789,-0.1562621891,-1000
1.899,-993.4118312,-1000.040588,-0.1581561118,-1000
1.9,-995.6798023,-1000.105957,-0.1829756945,-1000
1.901,-998.3197058,-1000.080688,-0.1730412394,-1000
1.902,-1001.612533,-1000.194519,-0.1532051861,-1000
1.903,-1004.874828,-999.9686279,-0.1734990031,-1000
1.904,-1008.360493,-999.8981934,-0.1935224384,-1000
1.905,-1011.460539,-999.904541,-0.1880298853,-1000
1.906,-1013.955851,-1000.022888,-0.1794607937,-1000
1.907,-1016.106924,-999.9089355,-0.1900695562,-1000
1.908,-1016.931789,-999.9334106,-0.1842641383,-1000
1.909,-1016.939644,-1000.109375,-0.1716857702,-1000
1.91,-1015.781237,-1000.108276,-0.1777599901,-1000
1.911,-1013.48312,-1000.008057,-0.1762741506,-1000
1.912,-1010.659586,-1000.098877,-0.1700970232,-1000
1.913,-1006.947303,-1000.00415,-0.1746326685,-1000
1.914,-1003.117938,-999.8122559,-0.1923160255,-1000
1.915,-999.0702174,-999.8169556,-0.1919015944,-1000
1.916,-995.2079424,-999.8834229,-0.1970024258,-1000
1.917,-991.9952318,-999.913208,-0.1881287694,-1000
1.918,-989.168539,-999.8855591,-0.1851258427,-1000
1.919,-987.2578582,-1000.034851,-0.178811267,-1000
1.92,-985.8059365,-999.9302979,-0.1896221787,-1000
1.921,-984.9201428,-999.7800903,-0.1984294355,-1000
1.922,-984.7128533,-999.9204102,-0.1867493838,-1000
1.923,-984.6712262,-999.9915161,-0.1965607852,-1000
1.924,-985.2997257,-999.9121704,-0.1839634925,-1000
1.925,-986.1167461,-999.878418,-0.1897090971,-1000
1.926,-987.1139455,-1000.082947,-0.1833891422,-1000
1.927,-988.6693274,-1000.187683,-0.1795070618,-1000
1.928,-990.4066063,-1000.013672,-0.1578862071,-1000
1.929,-992.7859713,-999.9910889,-0.1757109165,-1000
1.93,-995.4157804,-999.9740601,-0.1994039118,-1000
1.931,-998.3949125,-999.8866577,-0.1820700467,-1000
1.932,-1002.040117,-999.9828491,-0.1683674008,-1000
1.933,-1005.646415,-999.9100952,-0.1944263577,-1000
1.934,-1009.468298,-999.9672241,-0.1992428899,-1000
1.935,-1012.860282,-999.9279785,-0.1774347872,-1000
1.936,-1015.633851,-1000.083984,-0.1745413542,-1000
1.937,-1017.995795,-1000.015442,-0.1923551857,-1000
1.938,-1018.997707,-999.9686279,-0.1779363602,-1000
1.939,-1019.170714,-999.9800415,-0.1717348248,-1000
1.94,-1018.121598,-999.9942017,-0.1921894103,-1000
1.941,-1015.921366,-1000.002808,-0.1888936311,-1000
1.942,-1013.17412,-1000.029114,-0.1747588664,-1000
1.943,-1009.553511,-1000.059143,-0.1698506624,-1000
1.944,-1005.8256,-1000.096619,-0.1819381863,-1000
1.945,-1001.86268,-1000.106384,-0.1623860598,-1000
1.946,-998.092768,-1000.003479,-0.1776996553,-1000
1.947,-994.9441151,-999.9001465,-0.1928415,-1000
1.948,-992.1523161,-999.8985596,-0.1866912246,-1000
1.949,-990.2200131,-999.9907837,-0.1805278957,-1000
1.95,-988.7012161,-999.8648682,-0.1941510737,-1000
1.951,-987.716739,-999.871582,-0.1980122775,-1000
1.952,-987.3554079,-1000.105774,-0.1776645035,-1000
1.953,-987.1462847,-1000.164795,-0.1724691838,-1000
1.954,-987.5836186,-999.9892578,-0.1737727672,-1000
1.955,-988.1486865,-1000.051331,-0.1773840934,-1000
1.956,-988.8809062,-1000.164917,-0.1727456748,-1000
1.957,-990.1723463,-1000.151978,-0.1717345715,-1000
1.958,-991.6054403,-999.9852295,-0.1635724604,-1000
1.959,-993.6450294,-1000.047119,-0.1738062203,-1000
1.96,-995.9237053,-1000.124451,-0.1829898059,-1000
1.961,-998.5305382,-1000.003967,-0.1673168391,-1000
1.962,-1001.788609,-1000.169434,-0.1575176418,-1000
1.963,-1004.992687,-1000.073669,-0.1786406934,-1000
1.964,-1008.417127,-999.9480591,-0.1813418716,-1000
1.965,-1011.429206,-999.8862305,-0.1801494807,-1000
1.966,-1013.855245,-1000.046753,-0.1816848814,-1000
1.967,-1015.929652,-1000.030945,-0.190914005,-1000
1.968,-1016.716686,-999.8099365,-0.1857555509,-1000
1.969,-1016.706629,-1000.002686,-0.1761276275,-1000
1.97,-1015.534642,-1000.086365,-0.1944297552,-1000
1.971,-1013.259585,-1000.032898,-0.171511665,-1000
1.972,-1010.456004,-999.9962769,-0.171248123,-1000
1.973,-1006.773059,-999.9712524,-0.1832410395,-1000
1.974,-1002.979774,-999.9946289,-0.1886182278,-1000
1.975,-998.9595253,-999.9888306,-0.1692844927,-1000
1.976,-995.1242174,-999.9481812,-0.1845873594,-1000
1.977,-991.9128585,-999.9664917,-0.1980404854,-1000
1.978,-989.1067523,-999.8673096,-0.1911925822,-1000
1.979,-987.1955024,-1000.01062,-0.1738193035,-1000
1.98,-985.7480987,-999.821228,-0.1973582506,-1000
1.981,-984.887346,-999.8182373,-0.2037056535,-1000
1.982,-984.6894285,-999.8660889,-0.187590912,-1000
1.983,-984.6514259,-999.9105225,-0.1930281669,-1000
1.984,-985.2902282,-999.8192139,-0.1987502128,-1000
1.985,-986.0909903,-999.9119263,-0.1923841238,-1000
1.986,-987.0656354,-1000.098328,-0.1780922562,-1000
1.987,-988.583981,-1000.096008,-0.1804995984,-1000
1.988,-990.2780801,-1000.069946,-0.1710649133,-1000
1.989,-992.6044501,-1000.069275,-0.171624735,-1000
1.99,-995.1934339,-999.9551392,-0.1875645518,-1000
1.991,-998.1505856,-999.8740845,-0.188200891,-1000
1.992,-1001.794226,-1000.104431,-0.1730345041,-1000
1.993,-1005.402743,-999.9126587,-0.1876565665,-1000
1.994,-1009.270131,-999.8421631,-0.1992879212,-1000
1.995,-1012.737725,-999.9779663,-0.1889508814,-1000
1.996,-1015.592277,-1000.165405,-0.178491652,-1000
1.997,-1018.04232,-999.949585,-0.1802635044,-1000
1.998,-1019.13748,-999.9489136,-0.1845805198,-1000
1.999,-1019.406595,-1000.076111,-0.1831122488,-1000
2,-1018.44102,-1000.077393,-0.1815209389,-1000
2.001,-1016.313891,-999.9354858,-0.1754219383,-1000
2.002,-1013.649365,-1000.052124,-0.1755786687,-1000
2.003,-1010.06946,-1000.104736,-0.1817550659,-1000
2.004,-1006.389967,-1000.005188,-0.1783120781,-1000
2.005,-1002.448718,-1000.025757,-0.1712157577,-1000
2.006,-998.687691,-1000.07074,-0.1793963015,-1000
2.007,-995.5362093,-999.9777832,-0.187081486,-1000
2.008,-992.7077511,-999.8786621,-0.1776547283,-1000
2.009,-990.7613758,-1000.052063,-0.1827521324,-1000
2.01,-989.1815903,-999.8928833,-0.1963307559,-1000
2.011,-988.1515794,-999.8320923,-0.1855592728,-1000
2.012,-987.7672385,-999.9807129,-0.1820416898,-1000
2.013,-987.5099287,-1000.155029,-0.1848661453,-1000
2.014,-987.914681,-1000.085205,-0.1734271795,-1000
2.015,-988.4419396,-999.9909058,-0.1708148718,-1000
2.016,-989.155069,-1000.196289,-0.1701593548,-1000
2.017,-990.452374,-1000.258484,-0.1708773673,-1000
2.018,-991.8916226,-1000.055847,-0.1567783654,-1000
2.019,-993.9608628,-1000.078674,-0.1714805067,-1000
2.02,-996.2435824,-1000.161133,-0.1835979372,-1000
2.021,-998.8905956,-1000.107117,-0.1681966931,-1000
2.022,-1002.196886,-1000.154785,-0.145239532,-1000
2.023,-1005.448041,-1000.091919,-0.1745740026,-1000
2.024,-1008.907746,-999.9924316,-0.1870406717,-1000
2.025,-1011.944993,-999.9707031,-0.1744717062,-1000
2.026,-1014.384346,-1000.038757,-0.1783629358,-1000
2.027,-1016.473926,-999.9838867,-0.1922997087,-1000
2.028,-1017.222803,-999.9234009,-0.1829464436,-1000
2.029,-1017.186873,-1000.004639,-0.1701987684,-1000
2.03,-1015.965356,-1000.129395,-0.1847731024,-1000
2.031,-1013.6187,-1000.075989,-0.1675627679,-1000
2.032,-1010.7518,-1000.043091,-0.1621156186,-1000
2.033,-1006.990722,-999.9683228,-0.1813380271,-1000
2.034,-1003.123042,-999.9136963,-0.192981571,-1000
2.035,-999.0280012,-999.8761597,-0.183100462,-1000
2.036,-995.1206218,-999.8392334,-0.1850980222,-1000
2.037,-991.8472833,-999.8966675,-0.2026911527,-1000
2.038,-988.9704477,-999.9130859,-0.1916284114,-1000
2.039,-987.0418811,-1000.115112,-0.1699058712,-1000
2.04,-985.5825793,-999.8670044,-0.1855112165,-1000
2.041,-984.7037906,-999.8724365,-0.1992040873,-1000
2.042,-984.52615,-999.9475708,-0.1840401441,-1000
2.043,-984.5318427,-999.9277344,-0.1935237944,-1000
2.044,-985.2337467,-999.8101807,-0.1947751492,-1000
2.045,-986.0912016,-999.8601074,-0.194707647,-1000
2.046,-987.1072451,-1000.098083,-0.1820080578,-1000
2.047,-988.6729061,-1000.013367,-0.17903395,-1000
2.048,-990.4166332,-1000.032715,-0.1722224206,-1000
2.049,-992.7803034,-1000.086792,-0.1728859991,-1000
2.05,-995.3916421,-1000.042847,-0.1827177852,-1000
2.051,-998.3304611,-999.923645,-0.174622938,-1000
2.052,-1001.942758,-1000.048401,-0.1715546995,-1000
2.053,-1005.514097,-999.9423218,-0.1923413128,-1000
2.054,-1009.309938,-999.7496948,-0.1982927322,-1000
2.055,-1012.714056,-999.8119507,-0.1945137978,-1000
2.056,-1015.485501,-1000.156982,-0.1861468554,-1000
2.057,-1017.85513,-1000.082092,-0.1765711755,-1000
2.058,-1018.869789,-999.9500122,-0.1765179485,-1000
2.059,-1019.050361,-1000.05603,-0.1747100949,-1000
2.06,-1018.010814,-1000.075684,-0.1889308095,-1000
2.061,-1015.806447,-999.9227905,-0.1810831577,-1000
2.062,-1013.05806,-1000.023987,-0.1735145599,-1000
2.063,-1009.422991,-1000.107666,-0.1802660227,-1000
2.064,-1005.687445,-1000.081299,-0.1809149534,-1000
2.065,-1001.748747,-999.9691772,-0.1618419588,-1000
2.066,-998.0127156,-999.9969482,-0.1803837121,-1000
2.067,-994.89546,-1000.022461,-0.1936935335,-1000
2.068,-992.1511782,-999.8096924,-0.1884321868,-1000
2.069,-990.2781323,-999.9580688,-0.1812760681,-1000
2.07,-988.8017694,-999.8518066,-0.2035110444,-1000
2.071,-987.8725732,-999.8496704,-0.200445503,-1000
2.072,-987.5549117,-999.993042,-0.1767856032,-1000
2.073,-987.3566013,-1000.152466,-0.174693197,-1000
2.074,-987.7784812,-1000.102905,-0.1700965166,-1000
2.075,-988.3081869,-1000.044617,-0.1702560633,-1000
2.076,-989.0286092,-1000.104248,-0.1666879505,-1000
2.077,-990.2766511,-1000.235413,-0.1725171804,-1000
2.078,-991.6780198,-1000.085876,-0.1614207476,-1000
2.079,-993.6882547,-1000.012878,-0.1662032157,-1000
2.08,-995.9427003,-999.9959106,-0.1865140051,-1000
2.081,-998.551213,-999.9440918,-0.1885580719,-1000
2.082,-1001.800995,-1000.205566,-0.1574886143,-1000
2.083,-1005.023256,-1000.052979,-0.1709423363,-1000
2.084,-1008.459239,-999.9733276,-0.1869224459,-1000
2.085,-1011.483841,-1000.033936,-0.1771965027,-1000
2.086,-1013.929019,-1000.117249,-0.1667729169,-1000
2.087,-1016.00246,-999.9680176,-0.1844600588,-1000
2.088,-1016.770482,-999.887085,-0.186947614,-1000
2.089,-1016.740981,-999.991394,-0.1812394857,-1000
2.09,-1015.547668,-1000.008667,-0.1872453541,-1000
2.091,-1013.229071,-1000.000366,-0.17296727,-1000
2.092,-1010.407748,-1000.062683,-0.1773384809,-1000
2.093,-1006.71763,-1000.04126,-0.176755473,-1000
2.094,-1002.92392,-999.8800049,-0.1827923357,-1000
2.095,-998.901269,-999.8710938,-0.1821193695,-1000
2.096,-995.0742448,-999.9455566,-0.197077021,-1000
2.097,-991.8898202,-999.8743286,-0.198661983,-1000
2.098,-989.0896442,-999.8240356,-0.1834810674,-1000
2.099,-987.2042538,-1000.03363,-0.1850660294,-1000
2.1,-985.7748763,-999.913147,-0.1966730952,-1000
2.101,-984.9258054,-999.7374268,-0.2052190006,-1000
2.102,-984.7598387,-999.897522,-0.1877353638,-1000
2.103,-984.74618,-1000.029663,-0.1988610923,-1000
2.104,-985.4250543,-999.848938,-0.191706419,-1000
2.105,-986.2290345,-999.8421021,-0.1916265786,-1000
2.106,-987.2181262,-1000.062195,-0.1816366017,-1000
2.107,-988.7620196,-1000.182983,-0.1794781536,-1000
2.108,-990.4599977,-1000.03595,-0.1584639847,-1000
2.109,-992.8132209,-1000.032532,-0.1732344925,-1000
2.11,-995.3963085,-1000.103821,-0.1855707914,-1000
2.111,-998.3406557,-999.9159546,-0.1808887869,-1000
2.112,-1001.934129,-1000.038879,-0.1663206816,-1000
2.113,-1005.51524,-999.9333496,-0.1921141297,-1000
2.114,-1009.346712,-999.9335327,-0.1944134533,-1000
2.115,-1012.746864,-999.9093018,-0.1816318333,-1000
2.116,-1015.533152,-1000.093201,-0.1779891402,-1000
2.117,-1017.918944,-1000.046509,-0.1917815059,-1000
2.118,-1018.959752,-999.8889771,-0.1833652407,-1000
2.119,-1019.182274,-999.9798584,-0.1780672669,-1000
2.12,-1018.179781,-1000.022583,-0.1923315376,-1000
2.121,-1016.029961,-1000.081665,-0.1807420701,-1000
2.122,-1013.321587,-1000.049194,-0.1675206423,-1000
2.123,-1009.727834,-1000.001099,-0.1770004928,-1000
2.124,-1006.036285,-999.9442139,-0.1940429807,-1000
2.125,-1002.112738,-1000.065796,-0.1710859388,-1000
2.126,-998.3642637,-999.9578857,-0.1815039068,-1000
2.127,-995.2071427,-999.9414062,-0.1950812936,-1000
2.128,-992.4098139,-999.9571533,-0.1852366924,-1000
2.129,-990.4695035,-1000.066345,-0.1688002944,-1000
2.13,-988.919177,-999.8999634,-0.1926872581,-1000
2.131,-987.9204237,-999.8536377,-0.1984892637,-1000
2.132,-987.5372847,-1000.071838,-0.1764168739,-1000
2.133,-987.2663398,-1000.08905,-0.174748674,-1000
2.134,-987.6608164,-1000.071594,-0.1779060215,-1000
2.135,-988.1817306,-1000.089661,-0.1738193482,-1000
2.136,-988.8925266,-1000.18634,-0.1635033041,-1000
2.137,-990.154581,-1000.196533,-0.1679793745,-1000
2.138,-991.5715869,-1000.096558,-0.1624150425,-1000
2.139,-993.6023214,-1000.154419,-0.172783941,-1000
2.14,-995.8658062,-1000.083313,-0.175039798,-1000
2.141,-998.4922563,-1000.000732,-0.1704699695,-1000
2.142,-1001.773272,-1000.163208,-0.1638392359,-1000
2.143,-1005.02111,-1000.039429,-0.180322513,-1000
2.144,-1008.47202,-999.9276123,-0.1868195832,-1000
2.145,-1011.507157,-999.8872681,-0.1809118688,-1000
2.146,-1013.977213,-1000.119873,-0.1829478741,-1000
2.147,-1016.084634,-999.9533691,-0.1856087595,-1000
2.148,-1016.870207,-999.8549194,-0.180078119,-1000
2.149,-1016.859615,-1000.016846,-0.1823372692,-1000
2.15,-1015.664168,-1000.096252,-0.1909598261,-1000
2.151,-1013.358938,-999.947876,-0.170926258,-1000
2.152,-1010.508375,-1000.000488,-0.1747943014,-1000
2.153,-1006.783599,-1000.052368,-0.186000973,-1000
2.154,-1002.923192,-999.9918823,-0.1796866506,-1000
2.155,-998.8576117,-999.895874,-0.1726611257,-1000
2.156,-994.9832617,-999.9492798,-0.1902448535,-1000
2.157,-991.7369828,-999.9630737,-0.1966777146,-1000
2.158,-988.9157479,-999.7686157,-0.1891443878,-1000
2.159,-987.0192212,-999.9715576,-0.1873527616,-1000
2.16,-985.6043572,-999.9105225,-0.1987895221,-1000
2.161,-984.7938497,-999.819397,-0.1922320276,-1000
2.162,-984.6470515,-999.8497925,-0.1852590144,-1000
2.163,-984.685033,-999.9544678,-0.2025992125,-1000
2.164,-985.4158172,-999.8902588,-0.2011094689,-1000
2.165,-986.2809365,-999.84729,-0.1857554615,-1000
2.166,-987.3051636,-1000.055481,-0.1786719561,-1000
2.167,-988.856265,-1000.131042,-0.1876223981,-1000
2.168,-990.561848,-1000.097473,-0.1634553969,-1000
2.169,-992.8915222,-1000.09137,-0.1711669415,-1000
2.17,-995.4487128,-1000.00061,-0.1860470623,-1000
2.171,-998.3637589,-999.989624,-0.1858148873,-1000
2.172,-1001.930084,-1000.070618,-0.1613715291,-1000
2.173,-1005.464971,-999.9271851,-0.1893773824,-1000
2.174,-1009.256478,-999.902771,-0.1990208179,-1000
2.175,-1012.619341,-999.9107666,-0.1872849911,-1000
2.176,-1015.394715,-1000.052063,-0.1806166619,-1000
2.177,-1017.773416,-999.9440918,-0.188252762,-1000
2.178,-1018.794365,-999.9360352,-0.1925591677,-1000
2.179,-1019.021152,-1000.103394,-0.1750523448,-1000
2.18,-1018.023563,-1000.067993,-0.1802143306,-1000
2.181,-1015.881433,-999.9346924,-0.1820999533,-1000
2.182,-1013.201624,-1000.050964,-0.17396909,-1000
2.183,-1009.629035,-1000.03363,-0.1807448417,-1000
2.184,-1005.974216,-999.9354248,-0.1849672496,-1000
2.185,-1002.080014,-1000.032776,-0.1743440777,-1000
2.186,-998.3776017,-1000.031372,-0.1794552952,-1000
2.187,-995.3004535,-999.9656982,-0.1866681874,-1000
2.188,-992.5558381,-999.8441772,-0.1849030405,-1000
2.189,-990.6931502,-1000.016541,-0.1893831491,-1000
2.19,-989.189528,-999.8913574,-0.1957990527,-1000
2.191,-988.2291244,-999.7949829,-0.1874961853,-1000
2.192,-987.8976413,-1000.075745,-0.1792183518,-1000
2.193,-987.6641661,-1000.194885,-0.1777116358,-1000
2.194,-988.074323,-1000.040955,-0.1733503044,-1000
2.195,-988.5993276,-999.9296875,-0.1745146215,-1000
2.196,-989.3062194,-1000.172852,-0.1750702858,-1000
2.197,-990.555215,-1000.213867,-0.1721286327,-1000
2.198,-991.9651048,-1000.090027,-0.1554606557,-1000
2.199,-993.9907182,-1000.061646,-0.1724053621,-1000
2.2,-996.2483779,-1000.138306,-0.182694912,-1000
2.201,-998.8861132,-1000.067749,-0.1685176641,-1000
2.202,-1002.183591,-1000.165039,-0.1489630938,-1000
2.203,-1005.429321,-1000.072632,-0.1785731912,-1000
2.204,-1008.92288,-999.9678345,-0.1913756728,-1000
2.205,-1011.987756,-999.9279785,-0.1755120158,-1000
2.206,-1014.476222,-1000.050293,-0.1797094047,-1000
2.207,-1016.598285,-1000.004211,-0.1884921193,-1000
2.208,-1017.39108,-999.9584351,-0.1827113628,-1000
2.209,-1017.39728,-1000.021545,-0.165632993,-1000
2.21,-1016.22281,-1000.128052,-0.1892019659,-1000
2.211,-1013.919497,-1000.093567,-0.1653205007,-1000
2.212,-1011.103094,-1000.095825,-0.1654401273,-1000
2.213,-1007.367703,-999.9859619,-0.1776642501,-1000
2.214,-1003.552415,-999.9649658,-0.1890940666,-1000
2.215,-999.4734377,-999.9004517,-0.1778885126,-1000
2.216,-995.6000367,-999.8971558,-0.1819987446,-1000
2.217,-992.3698511,-999.9716797,-0.195198819,-1000
2.218,-989.4825343,-999.8745117,-0.1917420328,-1000
2.219,-987.5412825,-1000.012451,-0.1772670448,-1000
2.22,-986.0312782,-999.7841797,-0.1983632296,-1000
2.221,-985.107384,-999.8010254,-0.1998154968,-1000
2.222,-984.8785113,-999.9953613,-0.1865534186,-1000
2.223,-984.782814,-1000.032043,-0.1844043732,-1000
2.224,-985.3964699,-999.8444824,-0.1936911196,-1000
2.225,-986.1717145,-999.9102783,-0.1883543283,-1000
2.226,-987.1258147,-1000.102905,-0.1800755113,-1000
2.227,-988.6691633,-1000.069275,-0.177141428,-1000
2.228,-990.369479,-1000.05542,-0.1674890816,-1000
2.229,-992.7321437,-1000.091431,-0.1724661291,-1000
2.23,-995.3357357,-1000.006165,-0.1831305623,-1000
2.231,-998.3105408,-999.8516235,-0.1796201915,-1000
2.232,-1001.958048,-1000.054749,-0.1738301516,-1000
2.233,-1005.576393,-999.9801025,-0.1942551881,-1000
2.234,-1009.431969,-999.8592529,-0.1919679642,-1000
2.235,-1012.863773,-999.8890381,-0.1830814779,-1000
2.236,-1015.672445,-1000.12323,-0.1838281751,-1000
2.237,-1018.067706,-1000.023743,-0.182833299,-1000
2.238,-1019.102822,-999.8868408,-0.1820732802,-1000
2.239,-1019.308729,-1000.013367,-0.1801274866,-1000
2.24,-1018.292931,-1000.114197,-0.1908995807,-1000
2.241,-1016.104572,-999.9727173,-0.1736753285,-1000
2.242,-1013.370371,-1000.048645,-0.1676769108,-1000
2.243,-1009.752823,-1000.063049,-0.1852959245,-1000
2.244,-1006.035807,-1000.045532,-0.1814575493,-1000
2.245,-1002.081382,-1000.019043,-0.1655830443,-1000
2.246,-998.3102254,-999.9267578,-0.1824239939,-1000
2.247,-995.1439261,-1000.011047,-0.1997880042,-1000
2.248,-992.3428532,-999.9222412,-0.1756934077,-1000
2.249,-990.4053257,-1000.021729,-0.1761398166,-1000
2.25,-988.8742298,-999.9191895,-0.1949626952,-1000
2.251,-987.8823791,-999.9290161,-0.194539845,-1000
2.252,-987.5248201,-1000.021606,-0.1713115722,-1000
2.253,-987.2932498,-1000.119263,-0.1749469489,-1000
2.254,-987.7163794,-1000.065308,-0.181241259,-1000
2.255,-988.2642261,-999.9955444,-0.1735356897,-1000
2.256,-988.9869539,-1000.108276,-0.1672168374,-1000
2.257,-990.2856074,-1000.186707,-0.1737388074,-1000
2.258,-991.736555,-1000.131409,-0.1623523235,-1000
2.259,-993.8132733,-1000.072266,-0.1645537317,-1000
2.26,-996.1284541,-1000.049377,-0.1760628819,-1000
2.261,-998.788653,-999.9631958,-0.1815409064,-1000
2.262,-1002.113305,-1000.195068,-0.1584591269,-1000
2.263,-1005.382187,-999.9406738,-0.1763119102,-1000
2.264,-1008.860873,-999.883667,-0.1931223422,-1000
2.265,-1011.927964,-999.9399414,-0.1878889352,-1000
2.266,-1014.401273,-1000.08667,-0.1713666022,-1000
2.267,-1016.508204,-999.9888306,-0.1805526465,-1000
2.268,-1017.271978,-999.9511719,-0.1831424832,-1000
2.269,-1017.252976,-1000.071289,-0.173157379,-1000
2.27,-1016.036864,-1000.066833,-0.1777734756,-1000
2.271,-1013.708629,-1000.005188,-0.1734929532,-1000
2.272,-1010.870463,-1000.068237,-0.17808792,-1000
2.273,-1007.122345,-1000.048035,-0.1745451987,-1000
2.274,-1003.299255,-999.8637695,-0.1837396622,-1000
2.275,-999.2465498,-999.9315796,-0.1843383014,-1000
2.276,-995.3933103,-1000.015747,-0.1895228773,-1000
2.277,-992.1988675,-999.9541626,-0.1813289076,-1000
2.278,-989.3852373,-999.8583984,-0.1873703003,-1000
2.279,-987.4962596,-1000.006836,-0.1835001856,-1000
2.28,-986.0748054,-999.9388428,-0.1929176599,-1000
2.281,-985.239668,-999.767395,-0.1986275017,-1000
2.282,-985.0767933,-999.9196167,-0.1888430864,-1000
2.283,-985.0614834,-1000.066711,-0.1939942092,-1000
2.284,-985.7314244,-999.9303589,-0.1798692048,-1000
2.285,-986.5348566,-999.9002075,-0.1844751537,-1000
2.286,-987.4906506,-1000.067932,-0.1830521822,-1000
2.287,-989.0024089,-1000.159668,-0.1826334745,-1000
2.288,-990.6742296,-1000.038513,-0.1613875031,-1000
2.289,-992.9831575,-999.9783936,-0.1741954833,-1000
2.29,-995.5304239,-1000.072449,-0.1906676441,-1000
2.291,-998.4116158,-999.9642334,-0.183085978,-1000
2.292,-1001.992714,-1000.050964,-0.163691327,-1000
2.293,-1005.530521,-999.9433594,-0.1907942295,-1000
2.294,-1009.286221,-999.9100342,-0.196838662,-1000
2.295,-1012.64676,-999.9338989,-0.1802431941,-1000
2.296,-1015.404089,-1000.083313,-0.171322301,-1000
2.297,-1017.760479,-1000.013428,-0.18407242,-1000
2.298,-1018.776289,-999.9071655,-0.1860570312,-1000
2.299,-1018.989176,-1000.034607,-0.1736858189,-1000
2.3,-1017.988158,-999.9957886,-0.1871054918,-1000
2.301,-1015.836169,-999.9110107,-0.1865221113,-1000
2.302,-1013.149929,-1000.068665,-0.1800853312,-1000
2.303,-1009.585073,-1000.016724,-0.1776851863,-1000
2.304,-1005.9404,-999.9570312,-0.187235117,-1000
2.305,-1002.049906,-1000.100281,-0.168279916,-1000
2.306,-998.3399916,-1000.068604,-0.1747744232,-1000
2.307,-995.2371156,-999.9972534,-0.1875521243,-1000
2.308,-992.4703818,-999.8840332,-0.182111457,-1000
2.309,-990.5458305,-1000.02179,-0.1802346259,-1000
2.31,-989.0060473,-999.9085693,-0.1899935305,-1000
2.311,-987.9763492,-999.7872925,-0.2006289065,-1000
2.312,-987.5494506,-1000.086426,-0.1807274073,-1000
2.313,-987.2741216,-1000.222961,-0.1725992262,-1000
2.314,-987.6436373,-1000.021179,-0.1690434366,-1000
2.315,-988.1385959,-1000.008667,-0.1722383797,-1000
2.316,-988.7844659,-1000.193604,-0.170924902,-1000
2.317,-990.0203963,-1000.206665,-0.166631937,-1000
2.318,-991.4164072,-1000.056641,-0.1576392651,-1000
2.319,-993.4504294,-1000.019348,-0.1766589135,-1000
2.32,-995.7367069,-1000.072693,-0.1861117929,-1000
2.321,-998.3809872,-999.9476929,-0.1762652248,-1000
2.322,-1001.70748,-1000.181763,-0.1566171646,-1000
2.323,-1004.985703,-1000.084778,-0.1828538626,-1000
2.324,-1008.48223,-999.9627075,-0.1838400662,-1000
2.325,-1011.594427,-999.9091187,-0.1795214713,-1000
2.326,-1014.104594,-1000.082397,-0.1787709892,-1000
2.327,-1016.239683,-1000.071228,-0.1874251664,-1000
2.328,-1017.052182,-999.8972778,-0.1728349477,-1000
2.329,-1017.069056,-999.9986572,-0.1727476716,-1000
2.33,-1015.900175,-1000.08551,-0.1915373504,-1000
2.331,-1013.614285,-999.975647,-0.1738800108,-1000
2.332,-1010.79971,-999.947876,-0.1751898229,-1000
2.333,-1007.07689,-1000.000488,-0.1854986548,-1000
2.334,-1003.257818,-999.9551392,-0.1890635937,-1000
2.335,-999.206002,-999.9042358,-0.1725875139,-1000
2.336,-995.3467524,-999.9023438,-0.1899134517,-1000
2.337,-992.107274,-999.9752808,-0.2001112103,-1000
2.338,-989.2570611,-999.9037476,-0.185833022,-1000
2.339,-987.3024629,-1000.045898,-0.1724375188,-1000
2.34,-985.8268569,-999.8195801,-0.1931051165,-1000
2.341,-984.9330853,-999.850708,-0.201916635,-1000
2.342,-984.7192652,-1000.023376,-0.1837649047,-1000
2.343,-984.6881386,-999.9976196,-0.183875978,-1000
2.344,-985.3452459,-999.8293457,-0.1969809681,-1000
2.345,-986.1711322,-999.8816528,-0.190531984,-1000
2.346,-987.1670916,-1000.087097,-0.1822633147,-1000
2.347,-988.7409021,-1000.062561,-0.179973647,-1000
2.348,-990.4726507,-1000.057922,-0.1729696244,-1000
2.349,-992.8590729,-1000.077087,-0.17306301,-1000
2.35,-995.496005,-1000.039001,-0.184647724,-1000
2.351,-998.4707302,-999.9249878,-0.1821377128,-1000
2.352,-1002.128705,-1000.10083,-0.1677485555,-1000
2.353,-1005.753308,-999.9484863,-0.187815696,-1000
2.354,-1009.605888,-999.8394165,-0.1896358877,-1000
2.355,-1013.042579,-999.8413696,-0.1920930445,-1000
2.356,-1015.839725,-1000.1026,-0.1857361048,-1000
2.357,-1018.242862,-1000.00647,-0.1838386357,-1000
2.358,-1019.262597,-999.8374023,-0.1829544902,-1000
2.359,-1019.470407,-1000.073853,-0.1791136712,-1000
2.36,-1018.439046,-1000.123474,-0.1834086031,-1000
2.361,-1016.227657,-999.9969482,-0.1723243743,-1000
2.362,-1013.488863,-1000.064697,-0.1728507429,-1000
2.363,-1009.835071,-1000.109192,-0.1767092645,-1000
2.364,-1006.094838,-1000.03833,-0.1827572435,-1000
2.365,-1002.119219,-999.9134521,-0.1686550677,-1000
2.366,-998.3388289,-1000.020203,-0.1896557957,-1000
2.367,-995.1844022,-1000.071472,-0.1875777841,-1000
2.368,-992.3907684,-999.9361572,-0.1713547558,-1000
2.369,-990.4783169,-1000.007874,-0.1770801097,-1000
2.37,-988.9811899,-999.9378052,-0.1946069747,-1000
2.371,-988.0243025,-999.9312134,-0.1930738986,-1000
2.372,-987.7050352,-999.9382935,-0.1779026389,-1000
2.373,-987.4925902,-1000.120483,-0.1821333617,-1000
2.374,-987.9347398,-1000.046082,-0.1775209308,-1000
2.375,-988.499596,-1000.04834,-0.1707011014,-1000
2.376,-989.24928,-1000.1875,-0.1621740013,-1000
2.377,-990.5460612,-1000.262756,-0.170398742,-1000
2.378,-991.9819168,-1000.13208,-0.1593433172,-1000
2.379,-994.024466,-1000.053955,-0.1619395018,-1000
2.38,-996.2992123,-1000.031189,-0.185711965,-1000
2.381,-998.8938904,-1000.008789,-0.1808467358,-1000
2.382,-1002.134595,-1000.182129,-0.1570763439,-1000
2.383,-1005.342008,-1000.062927,-0.1673728526,-1000
2.384,-1008.760466,-1000.00177,-0.182723552,-1000
2.385,-1011.776144,-1000.013977,-0.1798837185,-1000
2.386,-1014.178839,-1000.052063,-0.1681465358,-1000
2.387,-1016.238344,-999.9103394,-0.1885084808,-1000
2.388,-1016.961372,-999.8800049,-0.187297672,-1000
2.389,-1016.891599,-1000.038208,-0.1754386574,-1000
2.39,-1015.645258,-1000.051147,-0.1827990115,-1000
2.391,-1013.287093,-1000.003357,-0.1754136384,-1000
2.392,-1010.41082,-1000.127747,-0.1755084842,-1000
2.393,-1006.673566,-1000.078552,-0.1710682958,-1000
2.394,-1002.848271,-999.9082642,-0.1832333356,-1000
2.395,-998.8213566,-999.8991699,-0.1810473055,-1000
2.396,-994.9903304,-999.9888306,-0.1914423257,-1000
2.397,-991.8165069,-999.8521118,-0.1920919865,-1000
2.398,-989.0368316,-999.757019,-0.1985083669,-1000
2.399,-987.1842873,-999.9882202,-0.187091127,-1000
2.4,-985.7917671,-999.9245605,-0.1921398342,-1000
2.401,-984.9853951,-999.7852783,-0.1952802092,-1000
2.402,-984.8508103,-999.9609985,-0.1805292219,-1000
2.403,-984.8442419,-1000.051086,-0.1907965541,-1000
2.404,-985.5076881,-999.8822632,-0.1872888654,-1000
2.405,-986.3079004,-999.8419189,-0.1872322261,-1000
2.406,-987.2570359,-1000.066284,-0.1866366416,-1000
2.407,-988.7377731,-1000.134827,-0.1825282425,-1000
2.408,-990.3885557,-1000.007507,-0.1625179797,-1000
2.409,-992.677867,-1000.011536,-0.1693393886,-1000
2.41,-995.2290289,-1000.015503,-0.1953520775,-1000
2.411,-998.1270089,-999.9804688,-0.1803048402,-1000
2.412,-1001.717215,-1000.025269,-0.163562417,-1000
2.413,-1005.279554,-999.932251,-0.1899216622,-1000
2.414,-1009.090452,-999.890625,-0.1984078586,-1000
2.415,-1012.494211,-999.8674927,-0.1849996597,-1000
2.416,-1015.301037,-1000.021118,-0.179477334,-1000
2.417,-1017.723349,-999.9953003,-0.1945204288,-1000
2.418,-1018.815381,-999.9081421,-0.1830704659,-1000
2.419,-1019.073049,-1000.035522,-0.1740243137,-1000
2.42,-1018.140116,-999.9549561,-0.1901134253,-1000
2.421,-1016.015235,-999.9916382,-0.1865865737,-1000
2.422,-1013.33159,-1000.110962,-0.1722044945,-1000
2.423,-1009.77145,-1000.055603,-0.1721685976,-1000
2.424,-1006.087479,-1000.028503,-0.1872264594,-1000
2.425,-1002.16212,-1000.064453,-0.1692264527,-1000
2.426,-998.4155702,-1000.024292,-0.1765144169,-1000
2.427,-995.2617272,-999.9873657,-0.1823748946,-1000
2.428,-992.4442496,-999.9494019,-0.1850462854,-1000
2.429,-990.4832715,-1000.036499,-0.1758101881,-1000
2.43,-988.9094971,-999.87146,-0.1899615526,-1000
2.431,-987.89179,-999.8461914,-0.1981108487,-1000
2.432,-987.4967278,-1000.06604,-0.1811593026,-1000
2.433,-987.23151,-1000.116394,-0.1780072004,-1000
2.434,-987.620745,-999.9239502,-0.1781988442,-1000
2.435,-988.1398204,-999.9926147,-0.1836437881,-1000
2.436,-988.8434163,-1000.18335,-0.1714476198,-1000
2.437,-990.119635,-1000.211304,-0.1660961807,-1000
2.438,-991.5430582,-1000.056946,-0.1619012356,-1000
2.439,-993.6016661,-1000.135742,-0.1675534546,-1000
2.44,-995.9061889,-1000.145081,-0.1736351252,-1000
2.441,-998.5666753,-999.9905396,-0.1695688367,-1000
2.442,-1001.899934,-1000.185425,-0.1647281498,-1000
2.443,-1005.172444,-1000.017822,-0.1773839146,-1000
2.444,-1008.675321,-999.9572754,-0.1851887256,-1000
2.445,-1011.772577,-999.9154663,-0.1800986379,-1000
2.446,-1014.249738,-1000.135559,-0.1809827983,-1000
2.447,-1016.380187,-999.994812,-0.1828989238,-1000
2.448,-1017.169584,-999.8608398,-0.1775806993,-1000
2.449,-1017.148212,-1000.026917,-0.1801444143,-1000
2.45,-1015.956996,-1000.134216,-0.1889724135,-1000
2.451,-1013.61295,-1000.028076,-0.1714586169,-1000
2.452,-1010.747238,-999.9846802,-0.1686326861,-1000
2.453,-1006.982422,-1000.036316,-0.1814057529,-1000
2.454,-1003.114314,-1000.000549,-0.18716833,-1000
2.455,-999.0325769,-999.9428711,-0.1714528799,-1000
2.456,-995.1374467,-999.9303589,-0.1864671707,-1000
2.457,-991.8749974,-999.9342041,-0.1959207803,-1000
2.458,-989.0210373,-999.8469238,-0.1905846,-1000
2.459,-987.074689,-999.8590088,-0.1819376349,-1000
2.46,-985.6212886,-999.8505249,-0.2027135044,-1000
2.461,-984.7677004,-999.843811,-0.2064893842,-1000
2.462,-984.581346,-999.9707642,-0.1751561314,-1000
2.463,-984.5865536,-999.9995728,-0.1835839897,-1000
2.464,-985.2511283,-999.87677,-0.1929389685,-1000
2.465,-986.0842106,-999.9570923,-0.1888984293,-1000
2.466,-987.09791,-999.999939,-0.1806092411,-1000
2.467,-988.6510833,-1000.040894,-0.1880983859,-1000
2.468,-990.3785317,-1000.077026,-0.1674519032,-1000
2.469,-992.7366896,-1000.065002,-0.1729128361,-1000
2.47,-995.3322543,-1000.001343,-0.1832426786,-1000
2.471,-998.2850384,-999.934082,-0.1811341643,-1000
2.472,-1001.890881,-1000.116272,-0.169570446,-1000
2.473,-1005.462514,-999.9077759,-0.1866107285,-1000
2.474,-1009.258521,-999.8143921,-0.1942839473,-1000
2.475,-1012.620834,-999.8618164,-0.196969375,-1000
2.476,-1015.364702,-1000.129272,-0.1830116063,-1000
2.477,-1017.713493,-1000.023315,-0.1822152287,-1000
2.478,-1018.70329,-999.8590698,-0.1793296039,-1000
2.479,-1018.874391,-1000.085999,-0.1785537302,-1000
2.48,-1017.811604,-1000.130249,-0.1823953986,-1000
2.481,-1015.60439,-999.9130249,-0.1756616384,-1000
2.482,-1012.85659,-999.9645386,-0.1819626689,-1000
2.483,-1009.239749,-1000.046143,-0.1895848662,-1000
2.484,-1005.535061,-1000.004517,-0.1883915067,-1000
2.485,-1001.604746,-999.9892578,-0.1640249342,-1000
2.486,-997.8704294,-1000.057922,-0.1835726649,-1000
2.487,-994.7419,-999.9959717,-0.1875107884,-1000
2.488,-992.0049696,-999.8594971,-0.1789309531,-1000
2.489,-990.1160684,-999.9743042,-0.1807952076,-1000
2.49,-988.6379639,-999.9384766,-0.1995995343,-1000
2.491,-987.692235,-999.8146973,-0.1941942573,-1000
2.492,-987.3578547,-999.9666748,-0.1748490334,-1000
2.493,-987.1493228,-1000.146423,-0.1821139306,-1000
2.494,-987.5603651,-1000.027405,-0.1828689426,-1000
2.495,-988.1112716,-999.9378052,-0.1748793125,-1000
2.496,-988.8233579,-1000.099365,-0.1705489904,-1000
2.497,-990.0344409,-1000.271973,-0.174397856,-1000
2.498,-991.4317113,-1000.084595,-0.1584171504,-1000
2.499,-993.4160414,-1000.073242,-0.1628695428,-1000
2.5,-995.6474507,-1000.150513,-0.1792716384,-1000
2.501,-998.2392508,-1000.035156,-0.1734843999,-1000
2.502,-1001.455843,-1000.116272,-0.1616201401,-1000
2.503,-1004.649551,-999.9699707,-0.1796142757,-1000
2.504,-1008.065611,-999.9521484,-0.1943514496,-1000
2.505,-1011.097622,-999.9628906,-0.1789035648,-1000
2.506,-1013.583282,-1000.031189,-0.1741479486,-1000
2.507,-1015.693408,-999.9375,-0.1923903823,-1000
2.508,-1016.508453,-999.9130249,-0.1888609678,-1000
2.509,-1016.536271,-999.9474487,-0.1819270104,-1000
2.51,-1015.384332,-999.9946899,-0.19196181,-1000
2.511,-1013.140827,-999.9838867,-0.1843939275,-1000
2.512,-1010.360384,-1000.036682,-0.1719418913,-1000
2.513,-1006.711232,-1000.025574,-0.1777157038,-1000
2.514,-1002.946674,-999.9326782,-0.1837493926,-1000
2.515,-998.9644657,-999.9627686,-0.1818155497,-1000
2.516,-995.1994292,-999.9404297,-0.1896915287,-1000
2.517,-992.0606773,-999.8354492,-0.1927784383,-1000
2.518,-989.2678763,-999.7468872,-0.2007659972,-1000
2.519,-987.391685,-1000.035217,-0.1856530905,-1000
2.52,-985.96104,-999.8828125,-0.1967137605,-1000
2.521,-985.119716,-999.7348633,-0.1974498481,-1000
2.522,-984.9412644,-999.9691772,-0.1869013906,-1000
2.523,-984.9194483,-1000.028076,-0.193845734,-1000
2.524,-985.5594558,-999.9471436,-0.1809714735,-1000
2.525,-986.3355318,-999.9466553,-0.1848362237,-1000
2.526,-987.2649976,-1000.038818,-0.1855089664,-1000
2.527,-988.7484006,-1000.140503,-0.1863683313,-1000
2.528,-990.3789731,-999.9797363,-0.1625465453,-1000
2.529,-992.6607151,-1000.029236,-0.1746385992,-1000
2.53,-995.1930962,-1000.081116,-0.1898579597,-1000
2.531,-998.1104611,-999.9341431,-0.1746243089,-1000
2.532,-1001.711837,-1000.009399,-0.166092813,-1000
2.533,-1005.298359,-999.9138184,-0.1937108487,-1000
2.534,-1009.137684,-999.8763428,-0.2018862665,-1000
2.535,-1012.540562,-999.7901611,-0.1922192723,-1000
2.536,-1015.378931,-1000.011414,-0.1873169243,-1000
2.537,-1017.805061,-1000.026794,-0.1921138018,-1000
2.538,-1018.899506,-999.9442139,-0.1813705117,-1000
2.539,-1019.174352,-1000.02594,-0.1751880199,-1000
2.54,-1018.215623,-1000.096497,-0.1768661141,-1000
2.541,-1016.128565,-1000.017212,-0.1824710816,-1000
2.542,-1013.467142,-999.9776001,-0.1796591878,-1000
2.543,-1009.895525,-999.956543,-0.1813618243,-1000
2.544,-1006.209287,-999.963501,-0.1925930232,-1000
2.545,-1002.255438,-1000.039734,-0.1730166078,-1000
2.546,-998.5042892,-1000.04126,-0.1810676306,-1000
2.547,-995.3287968,-1000.009277,-0.1850966811,-1000
2.548,-992.5026596,-1000.015991,-0.177214846,-1000
2.549,-990.5388442,-1000.096008,-0.1724085659,-1000
2.55,-988.9372135,-999.9425659,-0.1868468076,-1000
2.551,-987.8806355,-999.8411255,-0.1949542314,-1000
2.552,-987.4492217,-1000.029968,-0.1879786402,-1000
2.553,-987.1647179,-1000.146423,-0.1796038896,-1000
2.554,-987.5412109,-999.9696655,-0.1744620353,-1000
2.555,-988.0453932,-1000.035583,-0.1819518954,-1000
2.556,-988.743221,-1000.145508,-0.1685617715,-1000
2.557,-990.0230203,-1000.158569,-0.1717868596,-1000
2.558,-991.4530198,-1000.054871,-0.1625858098,-1000
2.559,-993.5338287,-1000.15155,-0.1734104007,-1000
2.56,-995.8431371,-1000.118896,-0.1758322716,-1000
2.561,-998.5271617,-999.9403687,-0.171008423,-1000
2.562,-1001.881045,-1000.133301,-0.1672687978,-1000
2.563,-1005.183651,-1000.056763,-0.1776292771,-1000
2.564,-1008.724413,-999.9177246,-0.185521245,-1000
2.565,-1011.835931,-999.8918457,-0.1870510429,-1000
2.566,-1014.368838,-1000.127075,-0.1787476987,-1000
2.567,-1016.537973,-999.9945679,-0.178279072,-1000
2.568,-1017.353245,-999.8899536,-0.1815001518,-1000
2.569,-1017.371761,-999.9905396,-0.17992948,-1000
2.57,-1016.185472,-1000.069824,-0.1931322366,-1000
2.571,-1013.881082,-999.989502,-0.1662026793,-1000
2.572,-1011.025826,-1000.001465,-0.1703726053,-1000
2.573,-1007.267853,-1000.123657,-0.1802953333,-1000
2.574,-1003.418326,-1000.017761,-0.1814704984,-1000
2.575,-999.3290055,-999.9475098,-0.173137486,-1000
2.576,-995.4538752,-999.8731689,-0.1932037622,-1000
2.577,-992.2227972,-999.8825073,-0.2014020085,-1000
2.578,-989.3712997,-999.8057251,-0.1889875829,-1000
2.579,-987.460384,-999.9888306,-0.1778595299,-1000
2.58,-986.0134311,-999.9133911,-0.2034217864,-1000
2.581,-985.1729995,-999.8306885,-0.1915540993,-1000
2.582,-985.0277423,-999.961853,-0.1806591898,-1000
2.583,-985.049489,-1000.015747,-0.1957690567,-1000
2.584,-985.7739159,-999.9400635,-0.1951945871,-1000
2.585,-986.628597,-999.8619385,-0.1836402714,-1000
2.586,-987.64865,-1000.045898,-0.1743757427,-1000
2.587,-989.2230569,-1000.112549,-0.18781434,-1000
2.588,-990.9397247,-1000.101379,-0.1623668373,-1000
2.589,-993.3103364,-1000.003845,-0.1736472398,-1000
2.59,-995.9014084,-999.9827271,-0.1883813739,-1000
2.591,-998.8282731,-1000.033997,-0.1847308576,-1000
2.592,-1002.446872,-1000.089233,-0.156464994,-1000
2.593,-1006.000441,-999.9232178,-0.1895385981,-1000
2.594,-1009.829774,-999.90271,-0.199463889,-1000
2.595,-1013.215426,-999.8813477,-0.1896899641,-1000
2.596,-1015.99309,-1000.057983,-0.1780677587,-1000
2.597,-1018.385793,-1000.002563,-0.1832666099,-1000
2.598,-1019.407742,-999.9217529,-0.1905238032,-1000
2.599,-1019.628618,-1000.083984,-0.1707606167,-1000
2.6,-1018.61508,-1000.094971,-0.1788397133,-1000
2.601,-1016.450262,-999.9894409,-0.1782039702,-1000
2.602,-1013.766082,-1000.111023,-0.1747119129,-1000
2.603,-1010.149686,-1000.128906,-0.1732010543,-1000
2.604,-1006.465566,-1000.013489,-0.1770235747,-1000
2.605,-1002.528299,-1000.046509,-0.1756948382,-1000
2.606,-998.7817153,-1000.077087,-0.1774546057,-1000
2.607,-995.6661581,-1000.043213,-0.1816853136,-1000
2.608,-992.8779945,-999.8961182,-0.1764878035,-1000
2.609,-990.9797745,-1000.126587,-0.1787647903,-1000
2.61,-989.4682553,-999.9158325,-0.1895924211,-1000
2.611,-988.4777771,-999.8399048,-0.1838055551,-1000
2.612,-988.1305731,-1000.044739,-0.1802116781,-1000
2.613,-987.8646908,-1000.162842,-0.1788436323,-1000
2.614,-988.2643196,-1000.003479,-0.1790989935,-1000
2.615,-988.7764508,-999.9834595,-0.1739503145,-1000
2.616,-989.4570666,-1000.201477,-0.1673879325,-1000
2.617,-990.7185173,-1000.312805,-0.1652941853,-1000
2.618,-992.1007378,-1000.066467,-0.1482045799,-1000
2.619,-994.130334,-1000.039734,-0.1722794026,-1000
2.62,-996.3874981,-1000.072449,-0.1862676889,-1000
2.621,-998.9857562,-1000.053345,-0.1758923233,-1000
2.622,-1002.26952,-1000.12915,-0.1501330435,-1000
2.623,-1005.493154,-1000.062317,-0.1703504622,-1000
2.624,-1008.959905,-999.9962158,-0.1918535084,-1000
2.625,-1012.028379,-999.9713745,-0.1743113846,-1000
2.626,-1014.504044,-1000.092957,-0.168610096,-1000
2.627,-1016.669949,-1000.01239,-0.1829947382,-1000
2.628,-1017.462486,-999.9377441,-0.1834898591,-1000
2.629,-1017.491507,-999.9770508,-0.1742376685,-1000
2.63,-1016.339234,-1000.048645,-0.1854650825,-1000
2.631,-1014.035192,-1000.053223,-0.1767934561,-1000
2.632,-1011.241946,-1000.071045,-0.1659820676,-1000
2.633,-1007.53106,-1000.087952,-0.1696582139,-1000
2.634,-1003.720927,-999.9634399,-0.1789834052,-1000
2.635,-999.6914984,-999.984375,-0.1812919974,-1000
2.636,-995.8165626,-999.9256592,-0.1827492714,-1000
2.637,-992.6154748,-999.8652954,-0.1904472709,-1000
2.638,-989.7491616,-999.8051758,-0.1982075274,-1000
2.639,-987.8225499,-1000.021973,-0.1791960597,-1000
2.64,-986.3614538,-999.8712158,-0.1936280578,-1000
2.641,-985.4583076,-999.8276978,-0.1967324167,-1000
2.642,-985.2653096,-1000.051941,-0.1764840037,-1000
2.643,-985.2048977,-1000.004517,-0.1804230809,-1000
2.644,-985.8624193,-999.8664551,-0.1899566501,-1000
2.645,-986.6587913,-999.9532471,-0.1869145334,-1000
2.646,-987.6039899,-1000.083008,-0.1761265695,-1000
2.647,-989.1369393,-1000.128296,-0.1750543118,-1000
2.648,-990.8420268,-1000.051208,-0.1707004309,-1000
2.649,-993.1809568,-1000.046692,-0.1724389493,-1000
2.65,-995.7818963,-1000.020874,-0.179986313,-1000
2.651,-998.7111568,-999.9620972,-0.1769329607,-1000
2.652,-1002.338654,-1000.144043,-0.1678057611,-1000
2.653,-1005.913823,-999.9988403,-0.1749424785,-1000
2.654,-1009.719863,-999.8599854,-0.1822424084,-1000
2.655,-1013.107878,-999.8726196,-0.1930428296,-1000
2.656,-1015.863688,-1000.12146,-0.1815982461,-1000
2.657,-1018.253181,-1000.001648,-0.1803581268,-1000
2.658,-1019.272452,-999.8400879,-0.1799832582,-1000
2.659,-1019.463108,-1000.027161,-0.179557234,-1000
2.66,-1018.452435,-1000.028809,-0.194213599,-1000
2.661,-1016.259817,-999.9314575,-0.1768030822,-1000
2.662,-1013.54893,-1000.03772,-0.1728851199,-1000
2.663,-1009.925724,-1000.104675,-0.1790455133,-1000
2.664,-1006.192209,-1000.090881,-0.17874901,-1000
2.665,-1002.241818,-1000.006042,-0.1570185423,-1000
2.666,-998.4330168,-1000.060974,-0.1829986423,-1000
2.667,-995.2607125,-1000.105896,-0.1843455732,-1000
2.668,-992.4363975,-999.9547119,-0.1700103581,-1000
2.669,-990.4695302,-999.9868164,-0.1743490994,-1000
2.67,-988.9335512,-999.9729614,-0.199165374,-1000
2.671,-987.907688,-999.8891602,-0.1909080595,-1000
2.672,-987.5278096,-999.9711914,-0.1723272502,-1000
2.673,-987.2830414,-1000.106934,-0.1828995198,-1000
2.674,-987.6866146,-1000.028809,-0.1770659089,-1000
2.675,-988.240307,-1000.012268,-0.1695167273,-1000
2.676,-988.953003,-1000.195068,-0.1605380923,-1000
2.677,-990.2557695,-1000.257385,-0.1647349894,-1000
2.678,-991.7156342,-1000.133606,-0.1594216377,-1000
2.679,-993.7719735,-1000.066711,-0.1598928273,-1000
2.68,-996.0830325,-1000.033386,-0.1837080121,-1000
2.681,-998.69135,-999.9660645,-0.1832257062,-1000
2.682,-1001.997445,-1000.182373,-0.160929814,-1000
2.683,-1005.236522,-1000.013123,-0.1698519289,-1000
2.684,-1008.663169,-999.9300537,-0.1864264011,-1000
2.685,-1011.715772,-999.9603882,-0.1856047511,-1000
2.686,-1014.137725,-1000.102783,-0.1698845476,-1000
2.687,-1016.214098,-999.9754639,-0.1793531775,-1000
2.688,-1016.953489,-999.9171753,-0.1834014058,-1000
2.689,-1016.900672,-1000.009155,-0.1767146289,-1000
2.69,-1015.670946,-1000.033752,-0.1840516627,-1000
2.691,-1013.292524,-999.975647,-0.1737777442,-1000
2.692,-1010.428123,-1000.044067,-0.1762368381,-1000
2.693,-1006.698264,-1000.00238,-0.1786898375,-1000
2.694,-1002.855837,-999.9081421,-0.1788633019,-1000
2.695,-998.8276957,-999.9153442,-0.1761637181,-1000
2.696,-994.9713311,-1000.015015,-0.1876426041,-1000
2.697,-991.7750917,-999.9142456,-0.1900027096,-1000
2.698,-988.9971957,-999.7235107,-0.193177402,-1000
2.699,-987.1265977,-999.968689,-0.1875321418,-1000
2.7,-985.7436738,-999.8681641,-0.198585853,-1000
2.701,-984.9314826,-999.7852173,-0.1964617074,-1000
2.702,-984.7927545,-999.9242554,-0.1834558398,-1000
2.703,-984.8459279,-1000.161133,-0.1871904582,-1000
2.704,-985.5534265,-999.9454346,-0.1845595986,-1000
2.705,-986.3940916,-999.8577271,-0.1772735864,-1000
2.706,-987.355285,-1000.014587,-0.1851018369,-1000
2.707,-988.863029,-1000.115051,-0.1887018085,-1000
2.708,-990.5288699,-1000.053833,-0.1693606228,-1000
2.709,-992.8036829,-999.9879761,-0.170355618,-1000
2.71,-995.3492269,-1000.156067,-0.1798410863,-1000
2.711,-998.222717,-1000.030151,-0.1763927341,-1000
2.712,-1001.768436,-1000.050049,-0.1590061337,-1000
2.713,-1005.291765,-999.8807983,-0.1894908696,-1000
2.714,-1009.034005,-999.8303833,-0.2017177939,-1000
2.715,-1012.380385,-999.8547363,-0.1920921803,-1000
2.716,-1015.095094,-1000.027527,-0.1788327843,-1000
2.717,-1017.412671,-1000.009521,-0.1839294732,-1000
2.718,-1018.412218,-999.9464722,-0.1879873276,-1000
2.719,-1018.581544,-1000.049255,-0.1710808277,-1000
2.72,-1017.560181,-1000.042908,-0.1847063154,-1000
2.721,-1015.36947,-999.9540405,-0.1808596402,-1000
2.722,-1012.638952,-1000.111389,-0.1739163995,-1000
2.723,-1009.042872,-999.9962158,-0.1785097867,-1000
2.724,-1005.331051,-999.932312,-0.1880329847,-1000
2.725,-1001.431987,-1000.011169,-0.1743291169,-1000
2.726,-997.700082,-1000.003723,-0.1797275543,-1000
2.727,-994.5685977,-1000.005554,-0.1857446432,-1000
2.728,-991.8230747,-999.8968506,-0.1793913692,-1000
2.729,-989.8973201,-1000.031555,-0.1806933731,-1000
2.73,-988.3730194,-999.8641357,-0.1936444193,-1000
2.731,-987.364909,-999.7475586,-0.1950019747,-1000
2.732,-986.9566504,-999.9650879,-0.187353909,-1000
2.733,-986.7104509,-1000.130249,-0.1820592284,-1000
2.734,-987.0660537,-999.9882812,-0.1740123481,-1000
2.735,-987.5619292,-999.9387817,-0.1760359108,-1000
2.736,-988.2466228,-1000.178406,-0.175026387,-1000
2.737,-989.4568315,-1000.228149,-0.1656504124,-1000
2.738,-990.8693555,-1000.033569,-0.1613658667,-1000
2.739,-992.8700957,-1000.002136,-0.1766323447,-1000
2.74,-995.1387344,-1000.07782,-0.187523827,-1000
2.741,-997.7668081,-999.9208984,-0.1786211282,-1000
2.742,-1001.042662,-1000.09082,-0.1628297567,-1000
2.743,-1004.31294,-1000.058289,-0.1880485117,-1000
2.744,-1007.780837,-999.9815674,-0.1830699891,-1000
2.745,-1010.875724,-999.9355469,-0.1746226102,-1000
2.746,-1013.404373,-1000.070251,-0.1757264882,-1000
2.747,-1015.535489,-1000.01532,-0.1915651113,-1000
2.748,-1016.393839,-999.838501,-0.1850796491,-1000
2.749,-1016.438849,-999.8947754,-0.1797324866,-1000
2.75,-1015.323963,-999.9779053,-0.2021442354,-1000
2.751,-1013.081881,-1000.013367,-0.1783783734,-1000
2.752,-1010.296767,-1000.008911,-0.1706731617,-1000
2.753,-1006.632661,-1000.041931,-0.1766633987,-1000
2.754,-1002.846565,-1000.000549,-0.1878051311,-1000
2.755,-998.8440679,-999.9470215,-0.1721103042,-1000
2.756,-995.0105028,-999.8378296,-0.1909182817,-1000
2.757,-991.7977345,-999.8456421,-0.2080126405,-1000
2.758,-988.9745086,-999.7365112,-0.1990166754,-1000
2.759,-987.0523723,-999.9192505,-0.1875239909,-1000
2.76,-985.6065932,-999.8068848,-0.1986157894,-1000
2.761,-984.7398434,-999.8155518,-0.2099289,-1000
2.762,-984.5509944,-1000.013855,-0.1785753816,-1000
2.763,-984.554382,-1000.043213,-0.1780790389,-1000
2.764,-985.2421877,-999.9053345,-0.1896458119,-1000
2.765,-986.0825261,-999.8979492,-0.1936963499,-1000
2.766,-987.0977927,-999.9900513,-0.1867232025,-1000
2.767,-988.6798013,-1000.007996,-0.1876835376,-1000
2.768,-990.4205813,-1000.019409,-0.1787063628,-1000
2.769,-992.8106076,-1000.053589,-0.1774888337,-1000
2.77,-995.4453506,-1000.063049,-0.1781539917,-1000
2.771,-998.4279826,-999.9978638,-0.1754100919,-1000
2.772,-1002.080504,-1000.126709,-0.1683806777,-1000
2.773,-1005.712146,-1000.023438,-0.1874694228,-1000
2.774,-1009.550152,-999.8261719,-0.1890641451,-1000
2.775,-1012.94389,-999.8116455,-0.1957805753,-1000
2.776,-1015.717024,-1000.070618,-0.1909655035,-1000
2.777,-1018.089822,-1000.0047,-0.1856150329,-1000
2.778,-1019.100662,-999.8939209,-0.1796770394,-1000
2.779,-1019.299963,-1000.097778,-0.1727810353,-1000
2.78,-1018.259085,-1000.113892,-0.1851125807,-1000
2.781,-1016.065171,-999.9298706,-0.1752589345,-1000
2.782,-1013.318141,-999.9979858,-0.1775999963,-1000
2.783,-1009.676976,-1000.012024,-0.1868752688,-1000
2.784,-1005.934849,-999.944519,-0.1906938702,-1000
2.785,-1001.964999,-999.9924927,-0.1662840843,-1000
2.786,-998.1899155,-1000.082153,-0.1824377775,-1000
2.787,-995.028673,-1000.089844,-0.1859216541,-1000
2.788,-992.2345119,-999.9318848,-0.1714631617,-1000
2.789,-990.3173688,-999.9885864,-0.1779490113,-1000
2.79,-988.8014293,-999.9440308,-0.1980072409,-1000
2.791,-987.8347121,-999.897583,-0.196210131,-1000
2.792,-987.4891927,-999.9669189,-0.1780294776,-1000
2.793,-987.2734539,-1000.099792,-0.1894756407,-1000
2.794,-987.7187263,-1000.03302,-0.1813319623,-1000
2.795,-988.2933954,-1000.014221,-0.1711084545,-1000
2.796,-989.0462967,-1000.156006,-0.1674086154,-1000
2.797,-990.323504,-1000.269409,-0.172997728,-1000
2.798,-991.7491485,-1000.101868,-0.1584441513,-1000
2.799,-993.7772387,-1000.050171,-0.1619368345,-1000
2.8,-996.0255503,-1000.114563,-0.1838662773,-1000
2.801,-998.6400087,-1000.052063,-0.1777573973,-1000
2.802,-1001.888505,-1000.219666,-0.1550111771,-1000
2.803,-1005.082742,-999.982666,-0.1735254675,-1000
2.804,-1008.490948,-999.9642334,-0.1893622726,-1000
2.805,-1011.484017,-1000.044495,-0.1796761155,-1000
2.806,-1013.905544,-1000.1026,-0.1670386642,-1000
2.807,-1015.942925,-999.9590454,-0.1878777742,-1000
2.808,-1016.678076,-999.946106,-0.1841785461,-1000
2.809,-1016.616401,-1000.028687,-0.1755603701,-1000
2.81,-1015.389365,-999.9936523,-0.1864072978,-1000
2.811,-1013.071207,-999.9315186,-0.1819795668,-1000
2.812,-1010.221973,-1000.005127,-0.1811046898,-1000
2.813,-1006.518686,-1000.028625,-0.1792782694,-1000
2.814,-1002.713605,-999.8735962,-0.1852289587,-1000
2.815,-998.7012146,-999.8792725,-0.1830541641,-1000
2.816,-994.9244964,-999.9699097,-0.1932985485,-1000
2.817,-991.7905485,-999.8439331,-0.1931842864,-1000
2.818,-989.0682338,-999.7527466,-0.195248127,-1000
2.819,-987.2403204,-999.9910278,-0.1877292097,-1000
2.82,-985.8636454,-999.8621826,-0.1989832371,-1000
2.821,-985.0541772,-999.7625122,-0.1990938336,-1000
2.822,-984.9133004,-1000.015259,-0.1829822659,-1000
2.823,-984.9322508,-1000.081299,-0.1888544708,-1000
2.824,-985.5972908,-999.9298096,-0.1808464229,-1000
2.825,-986.3940797,-999.8668213,-0.1873089522,-1000
2.826,-987.3429919,-1000.077759,-0.1876296401,-1000
2.827,-988.84586,-1000.105347,-0.1879484951,-1000
2.828,-990.4988489,-1000.00824,-0.1627404839,-1000
2.829,-992.8189297,-999.9940186,-0.1760643423,-1000
2.83,-995.3813229,-1000.04364,-0.195266366,-1000
2.831,-998.325909,-999.9658813,-0.1788260639,-1000
2.832,-1001.956213,-1000.031433,-0.1662855297,-1000
2.833,-1005.554784,-999.8638306,-0.2002795488,-1000
2.834,-1009.416052,-999.8833008,-0.2009981871,-1000
2.835,-1012.852487,-999.8878174,-0.1825864315,-1000
2.836,-1015.682025,-1000.112061,-0.1775463969,-1000
2.837,-1018.117436,-1000.079529,-0.1916695684,-1000
2.838,-1019.193147,-1000.006897,-0.1720114797,-1000
2.839,-1019.467224,-1000.037598,-0.1652810127,-1000
2.84,-1018.500154,-1000.023254,-0.1890961975,-1000
2.841,-1016.378459,-1000.039551,-0.1821388006,-1000
2.842,-1013.707911,-999.9849243,-0.17235291,-1000
2.843,-1010.126332,-999.9435425,-0.1819982976,-1000
2.844,-1006.466326,-999.9677124,-0.1991019398,-1000
2.845,-1002.550336,-1000.081726,-0.1665807068,-1000
2.846,-998.8235448,-1000.071899,-0.1759547293,-1000
2.847,-995.6982614,-1000.023926,-0.1858860105,-1000
2.848,-992.8924622,-1000.023987,-0.1805998683,-1000
2.849,-990.9610306,-1000.054993,-0.1676258743,-1000
2.85,-989.3972572,-999.9124146,-0.1941048652,-1000
2.851,-988.3582254,-999.9069824,-0.1915557832,-1000
2.852,-987.9591068,-1000.086304,-0.1751374453,-1000
2.853,-987.6493636,-1000.09436,-0.1749785095,-1000
2.854,-988.012314,-999.9907837,-0.1784985363,-1000
2.855,-988.4640943,-1000.052673,-0.1810818017,-1000
2.856,-989.1043804,-1000.178162,-0.1659243405,-1000
2.857,-990.3354545,-1000.205688,-0.1619250774,-1000
2.858,-991.7098429,-1000.125366,-0.1579344869,-1000
2.859,-993.748276,-1000.159241,-0.167594403,-1000
2.86,-996.0227588,-1000.060181,-0.1784550101,-1000
2.861,-998.6610747,-999.9385376,-0.1759742945,-1000
2.862,-1001.975054,-1000.192566,-0.1649540216,-1000
2.863,-1005.241394,-1000.023682,-0.1767229438,-1000
2.864,-1008.758647,-999.8925781,-0.1893884689,-1000
2.865,-1011.837839,-999.9783936,-0.1786028296,-1000
2.866,-1014.342682,-1000.182129,-0.1733483225,-1000
2.867,-1016.481274,-1000.018127,-0.1710917205,-1000
2.868,-1017.268825,-999.9334106,-0.1812260002,-1000
2.869,-1017.23848,-999.9783936,-0.1792295426,-1000
2.87,-1016.031175,-1000.075317,-0.1962686032,-1000
2.871,-1013.694776,-999.9412842,-0.1724722236,-1000
2.872,-1010.817102,-1000.03772,-0.1699489057,-1000
2.873,-1007.039885,-1000.139893,-0.1797368675,-1000
2.874,-1003.15417,-1000.019226,-0.1732414961,-1000
2.875,-999.0413045,-999.9319458,-0.1692397892,-1000
2.876,-995.1069003,-999.9492798,-0.1888567209,-1000
2.877,-991.8082752,-999.9769897,-0.1958633214,-1000
2.878,-988.9272108,-999.8306274,-0.1862070709,-1000
2.879,-986.9419348,-999.9002075,-0.1831722856,-1000
2.88,-985.4429488,-999.8432007,-0.2148766369,-1000
2.881,-984.5582998,-999.8035278,-0.1987975389,-1000
2.882,-984.3554108,-999.9559937,-0.176687181,-1000
2.883,-984.3526158,-999.977478,-0.1901451945,-1000
2.884,-985.0344888,-999.9299927,-0.1974004358,-1000
2.885,-985.9078341,-999.8798828,-0.1864352226,-1000
2.886,-986.945539,-999.9764404,-0.1804409623,-1000
2.887,-988.5544732,-1000.025269,-0.1963285357,-1000
2.888,-990.3352665,-1000.045044,-0.1701132059,-1000
2.889,-992.7490003,-999.9984741,-0.1739458442,-1000
2.89,-995.3920444,-999.9971924,-0.185939014,-1000
2.891,-998.3921856,-1000.041992,-0.1833721101,-1000
2.892,-1002.054267,-1000.079773,-0.1598850489,-1000
2.893,-1005.674367,-999.9520264,-0.1873227954,-1000
2.894,-1009.503124,-999.8929443,-0.2008386552,-1000
2.895,-1012.905882,-999.90625,-0.1887436956,-1000
2.896,-1015.68463,-1000.061096,-0.176883474,-1000
2.897,-1018.038222,-1000.014526,-0.1820017695,-1000
2.898,-1019.021491,-999.9377441,-0.1892083138,-1000
2.899,-1019.195283,-1000.114868,-0.1714732051,-1000
2.9,-1018.120859,-1000.068787,-0.1784268171,-1000
2.901,-1015.906406,-999.9655762,-0.1792640984,-1000
2.902,-1013.141578,-1000.122559,-0.1767759472,-1000
2.903,-1009.491559,-1000.040161,-0.1778943539,-1000
2.904,-1005.7446,-999.9602661,-0.1821306795,-1000
2.905,-1001.770096,-1000.011292,-0.1758181751,-1000
2.906,-997.9821253,-1000.012695,-0.1831464171,-1000
2.907,-994.8256689,-999.9500732,-0.1870844066,-1000
2.908,-992.0541579,-999.8252563,-0.1840266734,-1000
2.909,-990.1516297,-1000.115723,-0.1828803122,-1000
2.91,-988.6509737,-999.9285889,-0.1923936158,-1000
2.911,-987.7014541,-999.8463135,-0.1861056536,-1000
2.912,-987.3584523,-999.9882812,-0.1870488971,-1000
2.913,-987.1653826,-1000.154297,-0.1897583604,-1000
2.914,-987.6050876,-1000.024475,-0.1763137877,-1000
2.915,-988.1543003,-999.9474487,-0.173746407,-1000
2.916,-988.8601884,-1000.211609,-0.1731542498,-1000
2.917,-990.0860134,-1000.276367,-0.1685630679,-1000
2.918,-991.4819578,-1000.113892,-0.1544223279,-1000
2.919,-993.4527367,-1000.098694,-0.16557163,-1000
2.92,-995.6583084,-1000.10907,-0.182098493,-1000
2.921,-998.2210568,-1000.107178,-0.1652001888,-1000
2.922,-1001.395379,-1000.067261,-0.1564118564,-1000
2.923,-1004.558201,-1000.000732,-0.1846176684,-1000
2.924,-1007.937691,-999.9032593,-0.1997952908,-1000
2.925,-1010.926334,-999.9524536,-0.1755058616,-1000
2.926,-1013.384491,-1000.049194,-0.1783118993,-1000
2.927,-1015.441955,-999.9876709,-0.1877925992,-1000
2.928,-1016.228574,-999.9591064,-0.1843301952,-1000
2.929,-1016.225866,-999.9951172,-0.1694913208,-1000
2.93,-1015.057026,-1000.027283,-0.1983810961,-1000
2.931,-1012.804681,-999.9187012,-0.1829613,-1000
2.932,-1010.002028,-999.9622192,-0.1749892533,-1000
2.933,-1006.329916,-999.9268188,-0.1887117773,-1000
2.934,-1002.543488,-999.9458008,-0.1881189942,-1000
2.935,-998.553552,-999.9830322,-0.1765481979,-1000
2.936,-994.7808631,-999.9151611,-0.183387056,-1000
2.937,-991.5974207,-999.8511353,-0.205259487,-1000
2.938,-988.8220207,-999.7723999,-0.202327475,-1000
2.939,-986.9387217,-1000.007324,-0.1857505739,-1000
2.94,-985.4985444,-999.8120117,-0.1976899058,-1000
2.941,-984.6525249,-999.8078003,-0.2014136612,-1000
2.942,-984.4544194,-1000.033997,-0.1889430881,-1000
2.943,-984.4269462,-1000.03656,-0.1829877645,-1000
2.944,-985.0635886,-999.8674927,-0.1914250106,-1000
2.945,-985.8344259,-999.9085693,-0.1924572438,-1000
2.946,-986.785958,-1000.081909,-0.1809368581,-1000
2.947,-988.2613673,-1000.033325,-0.1861266792,-1000
2.948,-989.9248489,-1000.062378,-0.166971162,-1000
2.949,-992.2206847,-1000.06366,-0.1856452376,-1000
2.95,-994.7723306,-999.9812012,-0.1872537583,-1000
2.951,-997.7085474,-999.8912964,-0.1851697862,-1000
2.952,-1001.319492,-1000.070984,-0.1707601249,-1000
2.953,-1004.939413,-999.9898682,-0.1934827864,-1000
2.954,-1008.8064,-999.8114014,-0.1934466511,-1000
2.955,-1012.231383,-999.8129272,-0.1925527304,-1000
2.956,-1015.095895,-1000.074829,-0.1949616671,-1000
2.957,-1017.537846,-999.9842529,-0.1876088828,-1000
2.958,-1018.64811,-999.8617554,-0.1849571615,-1000
2.959,-1018.917313,-1000.05072,-0.1814798564,-1000
2.96,-1017.951819,-1000.128418,-0.1890465021,-1000
2.961,-1015.860787,-999.9720459,-0.1698926985,-1000
2.962,-1013.16974,-1000.031738,-0.1751265824,-1000
2.963,-1009.599489,-1000.022888,-0.1895328313,-1000
2.964,-1005.911785,-999.9436646,-0.1884677559,-1000
2.965,-1001.961533,-999.9347534,-0.1714729965,-1000
2.966,-998.2204985,-999.9797363,-0.1969812959,-1000
2.967,-995.0314333,-1000.001709,-0.194443807,-1000
2.968,-992.2085839,-999.9138794,-0.1712881774,-1000
2.969,-990.2352204,-1000.008728,-0.1781360656,-1000
2.97,-988.6557418,-999.9796753,-0.1985080093,-1000
2.971,-987.6488075,-999.7960205,-0.194721505,-1000
2.972,-987.2239572,-999.9899902,-0.1763991117,-1000
2.973,-986.9444322,-1000.104614,-0.1874216944,-1000
2.974,-987.3208724,-1000.030396,-0.1834230423,-1000
2.975,-987.8520577,-999.9910278,-0.1747687459,-1000
2.976,-988.5807812,-1000.110291,-0.1704895794,-1000
2.977,-989.8382543,-1000.236755,-0.1769438088,-1000
2.978,-991.2926631,-1000.129333,-0.1548109949,-1000
2.979,-993.3834882,-1000.054504,-0.1633808315,-1000
2.98,-995.6861525,-999.977478,-0.1958055049,-1000
2.981,-998.3838785,-999.9642334,-0.1868693382,-1000
2.982,-1001.704881,-1000.187866,-0.1600098312,-1000
2.983,-1004.986306,-999.9941406,-0.1753046364,-1000
2.984,-1008.485954,-999.963562,-0.1933671385,-1000
2.985,-1011.551074,-999.9700928,-0.180135563,-1000
2.986,-1014.080517,-1000.06665,-0.1784501374,-1000
2.987,-1016.208173,-999.9700317,-0.1904349923,-1000
2.988,-1017.033806,-999.9559326,-0.1836246848,-1000
2.989,-1017.056886,-1000.070496,-0.1752457768,-1000
2.99,-1015.854324,-1000.041016,-0.1820979565,-1000
2.991,-1013.58897,-999.9483032,-0.1805581599,-1000
2.992,-1010.748593,-1000.043884,-0.1777368635,-1000
2.993,-1007.008355,-1000.003845,-0.1802460104,-1000
2.994,-1003.152895,-999.881958,-0.1898347586,-1000
2.995,-999.0275439,-1000.015259,-0.1789183766,-1000
2.996,-995.1501466,-999.9388428,-0.1838656366,-1000
2.997,-991.8797436,-999.8936157,-0.1883197427,-1000
2.998,-989.0171301,-999.7868042,-0.1919889301,-1000
2.999,-987.1050186,-999.9961548,-0.190921545,-1000
3,-985.6444669,-999.8128052,-0.2019444853,-1000
3.001,-984.8403102,-999.680542,-0.2058030069,-1000
3.002,-984.7303328,-999.9303589,-0.1942218393,-1000
3.003,-984.8498478,-999.958374,-0.198136881,-1000
3.004,-985.6801069,-999.8572998,-0.1940561831,-1000
3.005,-986.6507585,-999.8936157,-0.1919568181,-1000
3.006,-987.7648762,-1000.089539,-0.1823852807,-1000
3.007,-989.2696648,-1000.090759,-0.1839474142,-1000
3.008,-990.8755583,-999.9940796,-0.1594992876,-1000
3.009,-992.8861688,-1000.076843,-0.181101948,-1000
3.01,-995.0066246,-1000.082031,-0.1934444904,-1000
3.011,-997.3624469,-999.4836426,0,-1000
3.012,-1000.048458,-998.7268066,0,-1000
3.013,-1002.813274,-997.7709961,0,-1000
3.014,-1005.495312,-996.9343872,0,-1000
3.015,-1007.833624,-995.9932251,0,-1000
3.016,-1009.57593,-995.1033325,0,-1000
3.017,-1010.61019,-994.2167358,0,-1000
3.018,-1010.732283,-993.3373413,0,-1000
3.019,-1009.584518,-992.5083618,0,-1000
3.02,-1007.620002,-991.7067261,0,-1000
3.021,-1004.527256,-990.8790894,0,-1000
3.022,-1000.520134,-990.0050659,0,-1000
3.023,-996.2783503,-989.1486816,0,-1000
3.024,-991.1802562,-988.2359619,0,-1000
3.025,-986.5703702,-987.3562622,0,-1000
3.026,-981.8005217,-986.40979,0,-1000
3.027,-977.3336987,-985.5552368,0,-1000
3.028,-973.9352982,-984.5601196,0,-1000
3.029,-970.3990412,-983.7185059,0,-1000
3.03,-968.3031298,-982.7796631,0,-1000
3.031,-965.823112,-981.8566284,0,-1000
3.032,-964.2346709,-980.9024048,0,-1000
3.033,-963.1931892,-979.8167725,0,-1000
3.034,-961.838372,-978.9106445,0,-1000
3.035,-961.8502596,-978.0007935,0,-1000
3.036,-960.7216464,-977.1922607,0,-1000
3.037,-960.8634948,-976.3256226,0,-1000
3.038,-961.024223,-975.3930664,0,-1000
3.039,-961.3355364,-974.4794312,0,-1000
3.04,-962.7924669,-973.5427856,0,-1000
3.041,-963.2145946,-972.5901489,0,-1000
3.042,-965.5183685,-971.5640259,0,-1000
3.043,-966.9989822,-970.6616821,0,-1000
3.044,-969.2867736,-969.6981201,0,-1000
3.045,-971.5098311,-968.8137817,0,-1000
3.046,-972.6617746,-967.869751,0,-1000
3.047,-974.7475378,-967.0038452,0,-1000
3.048,-974.5554306,-966.0160522,0,-1000
3.049,-974.9095725,-965.0176392,0,-1000
3.05,-973.2517016,-964.0491333,0,-1000
3.051,-971.0591211,-963.0025635,0,-1000
3.052,-968.2629835,-962.001709,0,-1000
3.053,-963.6923803,-960.9459839,0,-1000
3.054,-960.0909917,-960.0535278,0,-1000
3.055,-954.6175761,-959.0585327,0,-1000
3.056,-950.6336043,-958.0776978,0,-1000
3.057,-945.6794074,-956.9865723,0,-1000
3.058,-941.4832072,-955.9143066,0,-1000
3.059,-938.1293352,-954.8019409,0,-1000
3.06,-934.4954163,-953.6641235,0,-1000
3.061,-932.7883865,-952.5707397,0,-1000
3.062,-929.9175333,-951.4907837,0,-1000
3.063,-928.9237415,-950.4834595,0,-1000
3.064,-927.3283614,-949.4147339,0,-1000
3.065,-926.6189528,-948.3953857,0,-1000
3.066,-926.1834245,-947.3106689,0,-1000
3.067,-925.4418894,-946.1635132,0,-1000
3.068,-925.7589475,-944.9928589,0,-1000
3.069,-925.2739646,-943.8337402,0,-1000
3.07,-926.3546233,-942.7487793,0,-1000
3.071,-926.7027442,-941.6473389,0,-1000
3.072,-928.1564016,-940.6893311,0,-1000
3.073,-929.481178,-939.6051636,0,-1000
3.074,-931.1596049,-938.5567627,0,-1000
3.075,-933.5652983,-937.430481,0,-1000
3.076,-935.5074088,-936.3413086,0,-1000
3.077,-938.1143168,-935.177002,0,-1000
3.078,-939.5156372,-933.9986572,0,-1000
3.079,-941.2015502,-932.8708496,0,-1000
3.08,-941.593973,-931.7680664,0,-1000
3.081,-941.5382793,-930.729187,0,-1000
3.082,-940.3780147,-929.666687,0,-1000
3.083,-938.1470603,-928.5858154,0,-1000
3.084,-935.2421967,-927.536438,0,-1000
3.085,-931.4763995,-926.4564819,0,-1000
3.086,-927.4578157,-925.3330688,0,-1000
3.087,-922.9081449,-924.109436,0,-1000
3.088,-918.6021888,-923.0362549,0,-1000
3.089,-914.2912358,-921.9160767,0,-1000
3.09,-910.3021938,-920.8580322,0,-1000
3.091,-906.6793478,-919.7710571,0,-1000
3.092,-903.6274999,-918.6727905,0,-1000
3.093,-901.1537728,-917.5527344,0,-1000
3.094,-899.0687815,-916.4207764,0,-1000
3.095,-897.0150318,-915.2479858,0,-1000
3.096,-895.7644607,-914.1077271,0,-1000
3.097,-894.4666114,-912.9271851,0,-1000
3.098,-893.8860616,-911.8148193,0,-1000
3.099,-892.9224067,-910.6902466,0,-1000
3.1,-892.8064161,-909.6186523,0,-1000
3.101,-892.2674082,-908.5706177,0,-1000
3.102,-892.4036761,-907.6326904,0,-1000
3.103,-892.5869076,-906.5075073,0,-1000
3.104,-893.1980245,-905.4238892,0,-1000
3.105,-894.1347641,-904.208313,0,-1000
3.106,-894.9416161,-903.0760498,0,-1000
3.107,-896.6894549,-901.9569092,0,-1000
3.108,-897.8766443,-900.8181763,0,-1000
3.109,-900.1814985,-899.7484741,0,-1000
3.11,-901.3094392,-898.6348877,0,-1000
3.111,-903.4044962,-897.6484375,0,-1000
3.112,-903.6970231,-896.506897,0,-1000
3.113,-904.6377102,-895.3860474,0,-1000
3.114,-903.9095423,-894.1864014,0,-1000
3.115,-903.2567706,-893.0374756,0,-1000
3.116,-900.8220617,-891.9084473,0,-1000
3.117,-898.1472881,-890.7039795,0,-1000
3.118,-894.6620949,-889.6768188,0,-1000
3.119,-890.5192571,-888.5458374,0,-1000
3.12,-886.5065509,-887.4877319,0,-1000
3.121,-881.882033,-886.3338013,0,-1000
3.122,-878.1528074,-885.2261963,0,-1000
3.123,-873.4942809,-884.0897827,0,-1000
3.124,-870.5924969,-882.8084717,0,-1000
3.125,-866.7078178,-881.6196899,0,-1000
3.126,-864.9016262,-880.3567505,0,-1000
3.127,-861.9235052,-879.2005005,0,-1000
3.128,-860.9493725,-878.0181885,0,-1000
3.129,-858.6355548,-876.8526001,0,-1000
3.13,-858.308869,-875.8067017,0,-1000
3.131,-856.8645221,-874.6641235,0,-1000
3.132,-856.8549011,-873.6528931,0,-1000
3.133,-855.8263546,-872.3648682,0,-1000
3.134,-855.9938992,-871.1960449,0,-1000
3.135,-855.4622546,-870.0053711,0,-1000
3.136,-855.7969474,-868.8065796,0,-1000
3.137,-855.883229,-867.7199707,0,-1000
3.138,-856.4499058,-866.5215454,0,-1000
3.139,-857.2145219,-865.5350342,0,-1000
3.14,-858.2093165,-864.4320068,0,-1000
3.141,-859.6473352,-863.3240356,0,-1000
3.142,-861.0259672,-862.1265259,0,-1000
3.143,-863.1376496,-860.9119873,0,-1000
3.144,-864.688128,-859.7166748,0,-1000
3.145,-866.7488581,-858.4927368,0,-1000
3.146,-867.6742093,-857.3092651,0,-1000
3.147,-868.8214007,-856.1340332,0,-1000
3.148,-868.5932549,-855.0997314,0,-1000
3.149,-868.5748152,-854.0499878,0,-1000
3.15,-866.7214004,-852.9024048,0,-1000
3.151,-864.9294833,-851.8671875,0,-1000
3.152,-861.6990725,-850.7340698,0,-1000
3.153,-858.6492966,-849.6676636,0,-1000
3.154,-854.4555991,-848.3768921,0,-1000
3.155,-851.0030072,-847.2943115,0,-1000
3.156,-846.7288164,-846.1430054,0,-1000
3.157,-843.1806827,-845.0421753,0,-1000
3.158,-839.3831796,-843.9714355,0,-1000
3.159,-836.4452168,-842.8861084,0,-1000
3.16,-833.3736114,-841.953125,0,-1000
3.161,-831.1838573,-840.8496094,0,-1000
3.162,-828.9354989,-839.7498779,0,-1000
3.163,-827.1717152,-838.6679077,0,-1000
3.164,-825.5469439,-837.5950317,0,-1000
3.165,-824.2718492,-836.5465698,0,-1000
3.166,-823.1958383,-835.3953857,0,-1000
3.167,-822.3351351,-834.3918457,0,-1000
3.168,-821.6209617,-833.3207397,0,-1000
3.169,-820.8945598,-832.3947754,0,-1000
3.17,-820.6879411,-831.3669434,0,-1000
3.171,-820.2659377,-830.3421021,0,-1000
3.172,-820.301704,-829.317688,0,-1000
3.173,-820.2456432,-828.2531128,0,-1000
3.174,-820.8349728,-827.1581421,0,-1000
3.175,-821.1061305,-826.1047363,0,-1000
3.176,-822.2715641,-825.0062256,0,-1000
3.177,-822.9844041,-823.9415894,0,-1000
3.178,-824.5432907,-822.8578491,0,-1000
3.179,-825.6509631,-821.835144,0,-1000
3.18,-827.4644693,-820.7698975,0,-1000
3.181,-828.3910647,-819.8026733,0,-1000
3.182,-829.7503656,-818.6494751,0,-1000
3.183,-829.7945193,-817.559082,0,-1000
3.184,-830.1848004,-816.4868774,0,-1000
3.185,-829.2393751,-815.3999023,0,-1000
3.186,-828.2063868,-814.3049927,0,-1000
3.187,-825.7146756,-813.1325073,0,-1000
3.188,-823.3043751,-812.1118774,0,-1000
3.189,-819.6752064,-811.0269775,0,-1000
3.19,-816.3711243,-809.9522705,0,-1000
3.191,-812.3927392,-809.0022583,0,-1000
3.192,-808.7319152,-807.9115601,0,-1000
3.193,-804.8132228,-806.9400024,0,-1000
3.194,-801.2962619,-805.7335205,0,-1000
3.195,-798.0383643,-804.6065674,0,-1000
3.196,-794.9909798,-803.4782715,0,-1000
3.197,-792.704608,-802.4174194,0,-1000
3.198,-790.1848029,-801.3430176,0,-1000
3.199,-788.6193848,-800.1879883,0,-1000
3.2,-786.577014,-799.1855469,0,-1000
3.201,-785.8038335,-798.1251831,0,-1000
3.202,-784.0665975,-797.1071167,0,-1000
3.203,-783.9786438,-796.0854492,0,-1000
3.204,-782.4998991,-794.9767456,0,-1000
3.205,-782.618992,-793.9700317,0,-1000
3.206,-781.465882,-792.8287964,0,-1000
3.207,-782.0377366,-791.8075562,0,-1000
3.208,-781.1321894,-790.7330933,0,-1000
3.209,-781.8479303,-789.7032471,0,-1000
3.21,-781.190488,-788.7365723,0,-1000
3.211,-782.1754432,-787.6396484,0,-1000
3.212,-782.224869,-786.7171631,0,-1000
3.213,-783.377023,-785.6422729,0,-1000
3.214,-784.1878305,-784.6787109,0,-1000
3.215,-785.4974761,-783.628418,0,-1000
3.216,-786.837794,-782.5551758,0,-1000
3.217,-788.1896685,-781.5165405,0,-1000
3.218,-789.9111968,-780.4008179,0,-1000
3.219,-790.733861,-779.402771,0,-1000
3.22,-792.0807563,-778.3193359,0,-1000
3.221,-791.811241,-777.2476196,0,-1000
3.222,-792.3020528,-776.190918,0,-1000
3.223,-790.7848243,-775.0718994,0,-1000
3.224,-789.9516288,-774.0831909,0,-1000
3.225,-787.3397074,-772.9771118,0,-1000
3.226,-785.0732172,-771.9406738,0,-1000
3.227,-781.5852821,-770.9541016,0,-1000
3.228,-778.5016476,-769.9569092,0,-1000
3.229,-774.8586608,-768.9298096,0,-1000
3.23,-771.4027554,-767.8497314,0,-1000
3.231,-767.998502,-766.8953857,0,-1000
3.232,-764.5846671,-765.8463745,0,-1000
3.233,-761.8878076,-764.7920532,0,-1000
3.234,-758.8560299,-763.8189697,0,-1000
3.235,-756.8407027,-762.6819458,0,-1000
3.236,-754.3892555,-761.7345581,0,-1000
3.237,-752.6702007,-760.6282349,0,-1000
3.238,-750.8018416,-759.5686035,0,-1000
3.239,-749.5322267,-758.4506836,0,-1000
3.24,-748.3129026,-757.2902832,0,-1000
3.241,-747.2724946,-756.305542,0,-1000
3.242,-746.3567421,-755.1968994,0,-1000
3.243,-745.5581359,-754.3175049,0,-1000
3.244,-744.9012017,-753.3269653,0,-1000
3.245,-744.375157,-752.4020996,0,-1000
3.246,-743.9894528,-751.5239868,0,-1000
3.247,-743.767235,-750.4935303,0,-1000
3.248,-743.4435572,-749.5292969,0,-1000
3.249,-743.4076725,-748.4314575,0,-1000
3.25,-743.3893649,-747.4004517,0,-1000
3.251,-743.6757898,-746.3833008,0,-1000
3.252,-744.1301106,-745.2796021,0,-1000
3.253,-744.6782669,-744.3579102,0,-1000
3.254,-745.6159097,-743.2582397,0,-1000
3.255,-746.2577521,-742.2492065,0,-1000
3.256,-747.5258972,-741.3024292,0,-1000
3.257,-748.2868658,-740.2341309,0,-1000
3.258,-749.5505963,-739.3001099,0,-1000
3.259,-750.0462152,-738.2401123,0,-1000
3.26,-750.6013871,-737.3132935,0,-1000
3.261,-750.5199365,-736.2277222,0,-1000
3.262,-749.7825688,-735.2052612,0,-1000
3.263,-748.9867939,-734.1619873,0,-1000
3.264,-747.035475,-733.0161743,0,-1000
3.265,-745.4165078,-732.0562744,0,-1000
3.266,-742.2521118,-731.0044556,0,-1000
3.267,-739.7288501,-730.1010132,0,-1000
3.268,-736.2154601,-729.1335449,0,-1000
3.269,-733.074662,-728.1459351,0,-1000
3.27,-729.8120498,-727.2016602,0,-1000
3.271,-726.269246,-726.0822144,0,-1000
3.272,-723.706967,-725.052063,0,-1000
3.273,-720.210927,-723.9515381,0,-1000
3.274,-718.3450498,-722.9212036,0,-1000
3.275,-715.4208769,-721.8340454,0,-1000
3.276,-713.7783893,-720.7218628,0,-1000
3.277,-711.7255577,-719.6604004,0,-1000
